<edmx:Edmx xmlns:edmx="http://schemas.microsoft.com/ado/2007/06/edmx"
	xmlns:m="http://schemas.microsoft.com/ado/2007/08/dataservices/metadata" xmlns:sap="http://www.sap.com/Protocols/SAPData" Version="1.0">
	<edmx:DataServices m:DataServiceVersion="2.0">
		<Schema xmlns="http://schemas.microsoft.com/ado/2008/09/edm" Namespace="ZODATA_RCA_BY_PROFILE_SRV" xml:lang="en" sap:schema-version="1"><Annotation xmlns="http://docs.oasis-open.org/odata/ns/edm" Term="Core.SchemaVersion" String="1.0.0"/>
			<EntityType Name="WAVE_PROFILE" sap:label="Security Profile" sap:content-version="1">
				<Key><PropertyRef Name="Secprofile"/><PropertyRef Name="Fisweek"/></Key><Property Name="Secprofile" Type="Edm.String" Nullable="false" MaxLength="30" sap:unicode="false" sap:label="DAT Wave Profile"
					sap:creatable="false" sap:updatable="false" sap:sortable="false" sap:filterable="false"/><Property Name="Fisweek" Type="Edm.String" Nullable="false" MaxLength="8" sap:unicode="false" sap:label="Period" sap:creatable="false"
					sap:updatable="false" sap:sortable="false" sap:filterable="false"/></EntityType>
			<EntityContainer Name="ZODATA_RCA_BY_PROFILE_SRV_Entities" m:IsDefaultEntityContainer="true" sap:supported-formats="atom json xlsx"><EntitySet Name="WAVE_PROFILESet" EntityType="ZODATA_RCA_BY_PROFILE_SRV.WAVE_PROFILE" sap:creatable="false" sap:updatable="false"
				sap:deletable="false" sap:pageable="false" sap:content-version="1"/></EntityContainer><atom:link xmlns:atom="http://www.w3.org/2005/Atom" rel="self" href="./sap/ZODATA_RCA_BY_PROFILE_SRV/$metadata"/><atom:link xmlns:atom="http://www.w3.org/2005/Atom" rel="latest-version" href="./sap/ZODATA_RCA_BY_PROFILE_SRV/$metadata"/></Schema>
	</edmx:DataServices>
</edmx:Edmx>