{
    "xsappname": "stratos-consumer-configuration",
    "tenant-mode": "dedicated",
    "description": "Security profile of called application",
    "scopes": [
        {
            "name": "uaa.user",
            "description": "UAA"
        }
    ],
    "role-templates": [
        {
            "name": "Token_Exchange",
            "description": "UAA",
            "scope-references": [
                "uaa.user"
            ]
        }
    ],
    "oauth2-configuration": {
        "redirect-uris": [
            "https://acsc-dev-cp.corp.apple.com/**",
            "https://acsc-uat-cp.corp.apple.com/**",
            "https://acsc-it-cp.corp.apple.com/**",
            "https://acsc-cp.corp.apple.com/**",
            "https://*.us10.hana.ondemand.com/**",
            "https://*.applicationstudio.cloud.sap/**",
            "https://oauth.pstmn.io/v1/**"
        ],
        "allowedproviders": [
            "corp-apps"
        ]
    }
}