<?xml version="1.0" encoding="utf-8"?>
<edmx:Edmx Version="1.0"
    xmlns:edmx="http://schemas.microsoft.com/ado/2007/06/edmx"
    xmlns:m="http://schemas.microsoft.com/ado/2007/08/dataservices/metadata"
    xmlns:sap="http://www.sap.com/Protocols/SAPData">
    <edmx:DataServices m:DataServiceVersion="2.0">
        <Schema Namespace="ZOD_DAT_CVC_WAVE_SRV" xml:lang="en" sap:schema-version="1"
            xmlns="http://schemas.microsoft.com/ado/2008/09/edm">
            <Annotation Term="Core.SchemaVersion" String="1.0.0"
                xmlns="http://docs.oasis-open.org/odata/ns/edm"/>
            <EntityType Name="Waveprofile" sap:content-version="1">
                <Key>
                    <PropertyRef Name="Secprofile"/>
                    <PropertyRef Name="FiscWeek"/>
                </Key>
                <Property Name="Secprofile" Type="Edm.String" Nullable="false" MaxLength="30" sap:unicode="false" sap:label="DAT Wave Profile" sap:creatable="false" sap:updatable="false" sap:sortable="false"/>
                <Property Name="HanaError" Type="Edm.String" Nullable="false" MaxLength="220" sap:unicode="false" sap:label="Message text" sap:creatable="false" sap:updatable="false" sap:sortable="false" sap:filterable="false"/>
                <Property Name="ShipTo" Type="Edm.Boolean" Nullable="false" sap:unicode="false" sap:label="Ship To Flag" sap:creatable="false" sap:updatable="false" sap:sortable="false" sap:filterable="false"/>
                <Property Name="RocSoldto" Type="Edm.Boolean" Nullable="false" sap:unicode="false" sap:label="ROC Sold To" sap:creatable="false" sap:updatable="false" sap:sortable="false" sap:filterable="false"/>
                <Property Name="Pla" Type="Edm.Boolean" Nullable="false" sap:unicode="false" sap:label="PLA Flag" sap:creatable="false" sap:updatable="false" sap:sortable="false" sap:filterable="false"/>
                <Property Name="BklgErrCount" Type="Edm.Int32" Nullable="false" sap:unicode="false" sap:label="BKLG_ERR_COUNT" sap:creatable="false" sap:updatable="false" sap:sortable="false" sap:filterable="false"/>
                <Property Name="FiscWeek" Type="Edm.String" Nullable="false" MaxLength="8" sap:unicode="false" sap:label="Period" sap:creatable="false" sap:updatable="false" sap:sortable="false"/>
                <Property Name="Region" Type="Edm.String" Nullable="false" MaxLength="4" sap:unicode="false" sap:label="Region" sap:creatable="false" sap:updatable="false" sap:sortable="false" sap:filterable="false"/>
                <Property Name="Prof_Desc" Type="Edm.String" Nullable="false" sap:unicode="false" sap:label="PROF_DESC" sap:creatable="false" sap:updatable="false" sap:sortable="false" sap:filterable="false"/>
                <Property Name="WaveNr" Type="Edm.String" Nullable="false" MaxLength="5" sap:unicode="false" sap:label="DAT Wave number" sap:creatable="false" sap:updatable="false" sap:sortable="false"/>
                <NavigationProperty Name="NAV_WPROF_GRID" Relationship="ZOD_DAT_CVC_WAVE_SRV.ASSOC_WPROF_GRID" FromRole="FromRole_ASSOC_WPROF_GRID" ToRole="ToRole_ASSOC_WPROF_GRID"/>
                <NavigationProperty Name="NAV_WPROF_MSG" Relationship="ZOD_DAT_CVC_WAVE_SRV.ASSOC_WPROF_MSG" FromRole="FromRole_ASSOC_WPROF_MSG" ToRole="ToRole_ASSOC_WPROF_MSG"/>
                <NavigationProperty Name="NAVWaveProfileCVC" Relationship="ZOD_DAT_CVC_WAVE_SRV.ASSOC_WEEK_CVC" FromRole="FromRole_ASSOC_WEEK_CVC" ToRole="ToRole_ASSOC_WEEK_CVC"/>
                <NavigationProperty Name="NAVProfileWavesSet" Relationship="ZOD_DAT_CVC_WAVE_SRV.ASSOC_WPROF_Waves" FromRole="FromRole_ASSOC_WPROF_Waves" ToRole="ToRole_ASSOC_WPROF_Waves"/>
                <NavigationProperty Name="NAVRCALog" Relationship="ZOD_DAT_CVC_WAVE_SRV.ASSOC_WAVE_RCA_LOG" FromRole="FromRole_ASSOC_WAVE_RCA_LOG" ToRole="ToRole_ASSOC_WAVE_RCA_LOG"/>
            </EntityType>
            <EntityType Name="Wavegrid" sap:content-version="1">
                <Key>
                    <PropertyRef Name="Zcolumn"/>
                </Key>
                <Property Name="Zcolumn" Type="Edm.String" Nullable="false" sap:unicode="false" sap:label="ZCOLUMN" sap:creatable="false" sap:updatable="false" sap:sortable="false" sap:filterable="false"/>
                <Property Name="Zrowdata" Type="Edm.String" Nullable="false" sap:unicode="false" sap:label="ZROWDATA" sap:creatable="false" sap:updatable="false" sap:sortable="false" sap:filterable="false"/>
            </EntityType>
            <EntityType Name="MsgDtl" sap:content-version="1">
                <Key>
                    <PropertyRef Name="Type"/>
                    <PropertyRef Name="Id"/>
                    <PropertyRef Name="Number"/>
                </Key>
                <Property Name="Type" Type="Edm.String" Nullable="false" MaxLength="1" sap:unicode="false" sap:label="Message type" sap:creatable="false" sap:updatable="false" sap:sortable="false" sap:filterable="false"/>
                <Property Name="Id" Type="Edm.String" Nullable="false" MaxLength="20" sap:unicode="false" sap:label="Message Class" sap:creatable="false" sap:updatable="false" sap:sortable="false" sap:filterable="false"/>
                <Property Name="Number" Type="Edm.String" Nullable="false" MaxLength="3" sap:unicode="false" sap:label="Message number" sap:creatable="false" sap:updatable="false" sap:sortable="false" sap:filterable="false"/>
                <Property Name="Message" Type="Edm.String" Nullable="false" MaxLength="220" sap:unicode="false" sap:label="Message text" sap:creatable="false" sap:updatable="false" sap:sortable="false" sap:filterable="false"/>
                <Property Name="LogNo" Type="Edm.String" Nullable="false" MaxLength="20" sap:unicode="false" sap:label="Log number" sap:creatable="false" sap:updatable="false" sap:sortable="false" sap:filterable="false"/>
                <Property Name="LogMsgNo" Type="Edm.String" Nullable="false" MaxLength="6" sap:unicode="false" sap:label="Message no." sap:creatable="false" sap:updatable="false" sap:sortable="false" sap:filterable="false"/>
                <Property Name="MessageV1" Type="Edm.String" Nullable="false" MaxLength="50" sap:unicode="false" sap:label="Message Variable" sap:creatable="false" sap:updatable="false" sap:sortable="false" sap:filterable="false"/>
                <Property Name="MessageV2" Type="Edm.String" Nullable="false" MaxLength="50" sap:unicode="false" sap:label="Message Variable" sap:creatable="false" sap:updatable="false" sap:sortable="false" sap:filterable="false"/>
                <Property Name="MessageV3" Type="Edm.String" Nullable="false" MaxLength="50" sap:unicode="false" sap:label="Message Variable" sap:creatable="false" sap:updatable="false" sap:sortable="false" sap:filterable="false"/>
                <Property Name="MessageV4" Type="Edm.String" Nullable="false" MaxLength="50" sap:unicode="false" sap:label="Message Variable" sap:creatable="false" sap:updatable="false" sap:sortable="false" sap:filterable="false"/>
                <Property Name="Parameter" Type="Edm.String" Nullable="false" MaxLength="32" sap:unicode="false" sap:label="Parameter Name" sap:creatable="false" sap:updatable="false" sap:sortable="false" sap:filterable="false"/>
                <Property Name="Row" Type="Edm.Int32" Nullable="false" sap:unicode="false" sap:label="Parameter line" sap:creatable="false" sap:updatable="false" sap:sortable="false" sap:filterable="false"/>
                <Property Name="Field" Type="Edm.String" Nullable="false" MaxLength="30" sap:unicode="false" sap:label="Field name" sap:creatable="false" sap:updatable="false" sap:sortable="false" sap:filterable="false"/>
                <Property Name="System" Type="Edm.String" Nullable="false" MaxLength="10" sap:unicode="false" sap:label="Logical system" sap:creatable="false" sap:updatable="false" sap:sortable="false" sap:filterable="false"/>
            </EntityType>
            <EntityType Name="WaveWeek" sap:content-version="1">
                <Key>
                    <PropertyRef Name="FiscWeek"/>
                </Key>
                <Property Name="FiscWeek" Type="Edm.String" Nullable="false" sap:unicode="false" sap:label="Fiscal Week" sap:creatable="false" sap:updatable="false" sap:sortable="false" sap:filterable="false"/>
                <Property Name="Description" Type="Edm.String" Nullable="false" sap:unicode="false" sap:label="Description" sap:creatable="false" sap:updatable="false" sap:sortable="false" sap:filterable="false"/>
                <Property Name="CurrentWeek" Type="Edm.Boolean" Nullable="false" sap:unicode="false" sap:label="Current Week Flag" sap:creatable="false" sap:updatable="false" sap:sortable="false" sap:filterable="false"/>
                <Property Name="Secprofile" Type="Edm.String" Nullable="false" sap:unicode="false" sap:creatable="false" sap:updatable="false" sap:sortable="false" sap:filterable="false"/>
                <Property Name="Region" Type="Edm.String" Nullable="false" sap:unicode="false" sap:creatable="false" sap:updatable="false" sap:sortable="false" sap:filterable="false"/>
                <Property Name="RocFlg" Type="Edm.Boolean" Nullable="false" sap:unicode="false" sap:label="ROC Indicator" sap:creatable="false" sap:updatable="false" sap:sortable="false" sap:filterable="false"/>
                <Property Name="HelpLink" Type="Edm.String" Nullable="false" sap:unicode="false" sap:creatable="false" sap:updatable="false" sap:sortable="false" sap:filterable="false"/>
            </EntityType>
            <EntityType Name="ProfileList" sap:content-version="1">
                <Key>
                    <PropertyRef Name="FiscWeek"/>
                </Key>
                <Property Name="FiscWeek" Type="Edm.String" Nullable="false" MaxLength="20" sap:unicode="false" sap:creatable="false" sap:updatable="false" sap:sortable="false"/>
                <NavigationProperty Name="NAVWeekProfile" Relationship="ZOD_DAT_CVC_WAVE_SRV.ASSOC_WEEK_PROF" FromRole="FromRole_ASSOC_WEEK_PROF" ToRole="ToRole_ASSOC_WEEK_PROF"/>
            </EntityType>
            <EntityType Name="CVCSelection" sap:content-version="1">
                <Key>
                    <PropertyRef Name="OpsSubclass"/>
                </Key>
                <Property Name="OpsSubclass" Type="Edm.String" Nullable="false" MaxLength="10" sap:unicode="false" sap:label="Ops Sub Class" sap:creatable="false" sap:updatable="false" sap:sortable="false"/>
                <Property Name="Vkorg" Type="Edm.String" Nullable="false" MaxLength="4" sap:unicode="false" sap:label="Sales Org." sap:creatable="false" sap:updatable="false" sap:sortable="false"/>
                <Property Name="MPN" Type="Edm.String" Nullable="false" MaxLength="40" sap:unicode="false" sap:label="Intern.Prod.Name" sap:creatable="false" sap:updatable="false" sap:sortable="false"/>
                <Property Name="Zdistc" Type="Edm.String" Nullable="false" MaxLength="2" sap:unicode="false" sap:label="Dist Ch" sap:creatable="false" sap:updatable="false" sap:sortable="false"/>
                <Property Name="SoldTo" Type="Edm.String" Nullable="false" MaxLength="20" sap:unicode="false" sap:label="Sold-To Party" sap:creatable="false" sap:updatable="false" sap:sortable="false"/>
                <Property Name="MPNDesc" Type="Edm.String" Nullable="false" MaxLength="40" sap:unicode="false" sap:label="Product Description" sap:creatable="false" sap:updatable="false" sap:sortable="false" sap:filterable="false"/>
                <Property Name="VkorgDesc" Type="Edm.String" Nullable="false" MaxLength="20" sap:unicode="false" sap:label="Name" sap:creatable="false" sap:updatable="false" sap:sortable="false" sap:filterable="false"/>
                <Property Name="ZdistcDesc" Type="Edm.String" Nullable="false" MaxLength="20" sap:unicode="false" sap:label="Char20" sap:creatable="false" sap:updatable="false" sap:sortable="false" sap:filterable="false"/>
                <Property Name="SoldToDesc" Type="Edm.String" Nullable="false" MaxLength="20" sap:unicode="false" sap:label="Short description" sap:creatable="false" sap:updatable="false" sap:sortable="false" sap:filterable="false"/>
            </EntityType>
            <EntityType Name="SecprofileCVC" sap:content-version="1">
                <Key>
                    <PropertyRef Name="Secprofile"/>
                    <PropertyRef Name="FiscWeek"/>
                    <PropertyRef Name="Region"/>
                </Key>
                <Property Name="Secprofile" Type="Edm.String" Nullable="false" MaxLength="30" sap:unicode="false" sap:label="DAT Wave Profile" sap:creatable="false" sap:updatable="false" sap:sortable="false" sap:filterable="false"/>
                <Property Name="FiscWeek" Type="Edm.String" Nullable="false" MaxLength="8" sap:unicode="false" sap:label="Period" sap:creatable="false" sap:updatable="false" sap:sortable="false" sap:filterable="false"/>
                <Property Name="Region" Type="Edm.String" Nullable="false" MaxLength="4" sap:unicode="false" sap:label="Region" sap:creatable="false" sap:updatable="false" sap:sortable="false" sap:filterable="false"/>
                <Property Name="WaveNr" Type="Edm.String" Nullable="false" MaxLength="5" sap:unicode="false" sap:label="DAT Wave number" sap:creatable="false" sap:updatable="false" sap:sortable="false"/>
                <NavigationProperty Name="NAVSecprofileCVCList" Relationship="ZOD_DAT_CVC_WAVE_SRV.ASSOC_SECPROF_CVCLIST" FromRole="FromRole_ASSOC_SECPROF_CVCLIST" ToRole="ToRole_ASSOC_SECPROF_CVCLIST"/>
                <NavigationProperty Name="NavSecprofCVC" Relationship="ZOD_DAT_CVC_WAVE_SRV.ASSOC_SECPROF_CVC" FromRole="FromRole_ASSOC_SECPROF_CVC" ToRole="ToRole_ASSOC_SECPROF_CVC"/>
            </EntityType>
            <EntityType Name="WaveCum" sap:content-version="1">
                <Key>
                    <PropertyRef Name="Wave"/>
                </Key>
                <Property Name="Wave" Type="Edm.String" Nullable="false" sap:unicode="false" sap:creatable="false" sap:updatable="false" sap:sortable="false" sap:filterable="false"/>
                <Property Name="Cum" Type="Edm.String" Nullable="false" sap:unicode="false" sap:creatable="false" sap:updatable="false" sap:sortable="false" sap:filterable="false"/>
                <Property Name="Add_V" Type="Edm.Boolean" Nullable="false" sap:unicode="false" sap:label="Indicator" sap:creatable="false" sap:updatable="false" sap:sortable="false" sap:filterable="false"/>
                <Property Name="Cum_VS" Type="Edm.String" Nullable="false" sap:unicode="false" sap:creatable="false" sap:updatable="false" sap:sortable="false" sap:filterable="false"/>
                <Property Name="Cum_VST" Type="Edm.String" Nullable="false" sap:unicode="false" sap:creatable="false" sap:updatable="false" sap:sortable="false" sap:filterable="false"/>
                <Property Name="Cum_E" Type="Edm.Boolean" Nullable="false" sap:unicode="false" sap:label="Indicator" sap:creatable="false" sap:updatable="false" sap:sortable="false" sap:filterable="false"/>
            </EntityType>
            <EntityType Name="WeekDays" sap:content-version="1">
                <Key>
                    <PropertyRef Name="Days"/>
                </Key>
                <Property Name="Days" Type="Edm.Int16" Nullable="false" sap:unicode="false" sap:label="Signed INT2 / int16" sap:creatable="false" sap:updatable="false" sap:sortable="false" sap:filterable="false"/>
            </EntityType>
            <EntityType Name="WaveData" sap:content-version="1">
                <Key>
                    <PropertyRef Name="FiscWeek"/>
                </Key>
                <Property Name="FiscWeek" Type="Edm.String" Nullable="false" sap:unicode="false" sap:creatable="false" sap:updatable="false" sap:sortable="false" sap:filterable="false"/>
                <Property Name="Secprofile" Type="Edm.String" Nullable="false" sap:unicode="false" sap:creatable="false" sap:updatable="false" sap:sortable="false" sap:filterable="false"/>
                <Property Name="Region" Type="Edm.String" Nullable="false" sap:unicode="false" sap:creatable="false" sap:updatable="false" sap:sortable="false" sap:filterable="false"/>
                <Property Name="WaveDesc" Type="Edm.String" Nullable="false" sap:unicode="false" sap:creatable="false" sap:updatable="false" sap:sortable="false" sap:filterable="false"/>
                <Property Name="CVCSelection" Type="Edm.String" Nullable="false" sap:unicode="false" sap:creatable="false" sap:updatable="false" sap:sortable="false" sap:filterable="false"/>
                <Property Name="WaveSelection" Type="Edm.String" Nullable="false" sap:unicode="false" sap:creatable="false" sap:updatable="false" sap:sortable="false" sap:filterable="false"/>
                <Property Name="WaveStrategy" Type="Edm.String" Nullable="false" sap:unicode="false" sap:creatable="false" sap:updatable="false" sap:sortable="false" sap:filterable="false"/>
                <Property Name="CapTo" Type="Edm.String" Nullable="false" sap:unicode="false" sap:creatable="false" sap:updatable="false" sap:sortable="false" sap:filterable="false"/>
                <Property Name="NoOfWaves" Type="Edm.String" Nullable="false" sap:unicode="false" sap:creatable="false" sap:updatable="false" sap:sortable="false" sap:filterable="false"/>
                <Property Name="BasePlan" Type="Edm.String" Nullable="false" sap:unicode="false" sap:creatable="false" sap:updatable="false" sap:sortable="false" sap:filterable="false"/>
                <Property Name="WaveCreate" Type="Edm.String" Nullable="false" sap:unicode="false" sap:creatable="false" sap:updatable="false" sap:sortable="false" sap:filterable="false"/>
                <Property Name="ReleaseType" Type="Edm.String" Nullable="false" sap:unicode="false" sap:creatable="false" sap:updatable="false" sap:sortable="false" sap:filterable="false"/>
                <Property Name="ScheduleAt" Type="Edm.String" Nullable="false" sap:unicode="false" sap:creatable="false" sap:updatable="false" sap:sortable="false" sap:filterable="false"/>
                <Property Name="ScheduleTill" Type="Edm.String" Nullable="false" sap:unicode="false" sap:creatable="false" sap:updatable="false" sap:sortable="false" sap:filterable="false"/>
                <Property Name="ReleaseDatetime" Type="Edm.String" Nullable="false" sap:unicode="false" sap:creatable="false" sap:updatable="false" sap:sortable="false" sap:filterable="false"/>
                <Property Name="Repeat" Type="Edm.String" Nullable="false" sap:unicode="false" sap:creatable="false" sap:updatable="false" sap:sortable="false" sap:filterable="false"/>
                <Property Name="Every" Type="Edm.String" Nullable="false" sap:unicode="false" sap:creatable="false" sap:updatable="false" sap:sortable="false" sap:filterable="false"/>
                <Property Name="SchGuid" Type="Edm.String" Nullable="false" sap:unicode="false" sap:creatable="false" sap:updatable="false" sap:sortable="false" sap:filterable="false"/>
                <Property Name="IgnoreShipRoll" Type="Edm.String" Nullable="false" sap:unicode="false" sap:creatable="false" sap:updatable="false" sap:sortable="false" sap:filterable="false"/>
                <Property Name="TimeZone" Type="Edm.String" Nullable="false" sap:unicode="false" sap:creatable="false" sap:updatable="false" sap:sortable="false" sap:filterable="false"/>
                <Property Name="CreatedOn" Type="Edm.String" Nullable="false" sap:unicode="false" sap:creatable="false" sap:updatable="false" sap:sortable="false" sap:filterable="false"/>
                <Property Name="DisplayCall" Type="Edm.String" Nullable="false" sap:unicode="false" sap:creatable="false" sap:updatable="false" sap:sortable="false" sap:filterable="false"/>
                <Property Name="vStgSaveFlg" Type="Edm.String" Nullable="false" sap:unicode="false" sap:creatable="false" sap:updatable="false" sap:sortable="false" sap:filterable="false"/>
                <Property Name="stgVariantDesc" Type="Edm.String" Nullable="false" sap:unicode="false" sap:creatable="false" sap:updatable="false" sap:sortable="false" sap:filterable="false"/>
                <Property Name="varMessage" Type="Edm.String" Nullable="false" sap:unicode="false" sap:creatable="false" sap:updatable="false" sap:sortable="false" sap:filterable="false"/>
                <Property Name="Default_Flg" Type="Edm.String" Nullable="false" MaxLength="1" sap:unicode="false" sap:creatable="false" sap:updatable="false" sap:sortable="false" sap:filterable="false"/>
                <Property Name="Global_Flg" Type="Edm.String" Nullable="false" MaxLength="1" sap:unicode="false" sap:creatable="false" sap:updatable="false" sap:sortable="false" sap:filterable="false"/>
                <NavigationProperty Name="NAVWaveMulsch" Relationship="ZOD_DAT_CVC_WAVE_SRV.ASSOC_WAVE_MULSCH" FromRole="FromRole_ASSOC_WAVE_MULSCH" ToRole="ToRole_ASSOC_WAVE_MULSCH"/>
                <NavigationProperty Name="NAVWaveGridSel" Relationship="ZOD_DAT_CVC_WAVE_SRV.ASSOC_WAVE_GRID_SEL" FromRole="FromRole_ASSOC_WAVE_GRID_SEL" ToRole="ToRole_ASSOC_WAVE_GRID_SEL"/>
                <NavigationProperty Name="NAVWaveSratSold" Relationship="ZOD_DAT_CVC_WAVE_SRV.ASSOC_WAVE_STRATSOLD" FromRole="FromRole_ASSOC_WAVE_STRATSOLD" ToRole="ToRole_ASSOC_WAVE_STRATSOLD"/>
                <NavigationProperty Name="NAVWaveSratSales" Relationship="ZOD_DAT_CVC_WAVE_SRV.ASSOC_WAVE_STRATSALES" FromRole="FromRole_ASSOC_WAVE_STRATSALES" ToRole="ToRole_ASSOC_WAVE_STRATSALES"/>
                <NavigationProperty Name="NAVWaveSourcPlant" Relationship="ZOD_DAT_CVC_WAVE_SRV.ASSOC_WAVE_SOURCEPLANT" FromRole="FromRole_ASSOC_WAVE_SOURCEPLANT" ToRole="ToRole_ASSOC_WAVE_SOURCEPLANT"/>
                <NavigationProperty Name="NAVWaveWeekDay" Relationship="ZOD_DAT_CVC_WAVE_SRV.ASSOC_WAVE_DAYS" FromRole="FromRole_ASSOC_WAVE_DAYS" ToRole="ToRole_ASSOC_WAVE_DAYS"/>
                <NavigationProperty Name="NAVWaveProdQty" Relationship="ZOD_DAT_CVC_WAVE_SRV.ASSOC_WAVE_PROD_QTY" FromRole="FromRole_ASSOC_WAVE_PROD_QTY" ToRole="ToRole_ASSOC_WAVE_PROD_QTY"/>
                <NavigationProperty Name="NAVWaveCumBase" Relationship="ZOD_DAT_CVC_WAVE_SRV.ASSOC_WAVE_CUM_BASE" FromRole="FromRole_ASSOC_WAVE_CUM_BASE" ToRole="ToRole_ASSOC_WAVE_CUM_BASE"/>
                <NavigationProperty Name="NAVWaveCumPer" Relationship="ZOD_DAT_CVC_WAVE_SRV.ASSOC_WAVE_CUM_PER" FromRole="FromRole_ASSOC_WAVE_CUM_PER" ToRole="ToRole_ASSOC_WAVE_CUM_PER"/>
                <NavigationProperty Name="NAVWaveCVCList" Relationship="ZOD_DAT_CVC_WAVE_SRV.ASSOC_WAVE_CVC" FromRole="FromRole_ASSOC_WAVE_CVC" ToRole="ToRole_ASSOC_WAVE_CVC"/>
            </EntityType>
            <EntityType Name="WaveDD" sap:content-version="1">
                <Key>
                    <PropertyRef Name="FieldName"/>
                </Key>
                <Property Name="FieldName" Type="Edm.String" Nullable="false" sap:unicode="false" sap:creatable="false" sap:updatable="false" sap:sortable="false"/>
                <Property Name="Key" Type="Edm.String" Nullable="false" sap:unicode="false" sap:creatable="false" sap:updatable="false" sap:sortable="false" sap:filterable="false"/>
                <Property Name="Value" Type="Edm.String" Nullable="false" sap:unicode="false" sap:creatable="false" sap:updatable="false" sap:sortable="false" sap:filterable="false"/>
            </EntityType>
            <EntityType Name="WaveDownload" sap:content-version="1">
                <Key>
                    <PropertyRef Name="Secprofile"/>
                    <PropertyRef Name="Region"/>
                </Key>
                <Property Name="OpsSubclass" Type="Edm.String" Nullable="false" MaxLength="10" sap:unicode="false" sap:label="Ops Sub Class" sap:creatable="false" sap:updatable="false" sap:sortable="false" sap:filterable="false"/>
                <Property Name="Secprofile" Type="Edm.String" Nullable="false" MaxLength="30" sap:unicode="false" sap:label="DAT Wave Profile" sap:creatable="false" sap:updatable="false" sap:sortable="false"/>
                <Property Name="FiscWeek" Type="Edm.String" Nullable="false" MaxLength="8" sap:unicode="false" sap:label="Period" sap:creatable="false" sap:updatable="false" sap:sortable="false"/>
                <Property Name="Konob" Type="Edm.String" Nullable="false" MaxLength="18" sap:unicode="false" sap:label="Object" sap:creatable="false" sap:updatable="false" sap:sortable="false" sap:filterable="false"/>
                <Property Name="WaveFrom" Type="Edm.String" Nullable="false" MaxLength="5" sap:unicode="false" sap:label="DAT Wave number" sap:creatable="false" sap:updatable="false" sap:sortable="false"/>
                <Property Name="Vkorg" Type="Edm.String" Nullable="false" MaxLength="4" sap:unicode="false" sap:label="Sales Org." sap:creatable="false" sap:updatable="false" sap:sortable="false" sap:filterable="false"/>
                <Property Name="WaveTo" Type="Edm.String" Nullable="false" MaxLength="5" sap:unicode="false" sap:label="DAT Wave number" sap:creatable="false" sap:updatable="false" sap:sortable="false"/>
                <Property Name="RuleMatnr" Type="Edm.String" Nullable="false" MaxLength="40" sap:unicode="false" sap:label="Intern.Prod.Name" sap:creatable="false" sap:updatable="false" sap:sortable="false" sap:filterable="false"/>
                <Property Name="WavenoCreate" Type="Edm.Int32" Nullable="false" sap:unicode="false" sap:label="Number" sap:creatable="false" sap:updatable="false" sap:sortable="false"/>
                <Property Name="Kunnr" Type="Edm.String" Nullable="false" MaxLength="20" sap:unicode="false" sap:label="Sold-To Party" sap:creatable="false" sap:updatable="false" sap:sortable="false" sap:filterable="false"/>
                <Property Name="Region" Type="Edm.String" Nullable="false" MaxLength="4" sap:unicode="false" sap:label="Region" sap:creatable="false" sap:updatable="false" sap:sortable="false"/>
                <Property Name="Zdistc" Type="Edm.String" Nullable="false" MaxLength="2" sap:unicode="false" sap:label="Dist Ch" sap:creatable="false" sap:updatable="false" sap:sortable="false" sap:filterable="false"/>
                <Property Name="Pkunwe" Type="Edm.String" Nullable="false" MaxLength="20" sap:unicode="false" sap:label="Ship-To Party" sap:creatable="false" sap:updatable="false" sap:sortable="false" sap:filterable="false"/>
                <Property Name="Pluid" Type="Edm.String" Nullable="false" MaxLength="22" sap:unicode="false" sap:label="PlanningObject no" sap:creatable="false" sap:updatable="false" sap:sortable="false"/>
                <Property Name="ShipTo" Type="Edm.Boolean" Nullable="false" sap:unicode="false" sap:label="Ship To Flag" sap:creatable="false" sap:updatable="false" sap:sortable="false"/>
                <Property Name="RocSoldto" Type="Edm.Boolean" Nullable="false" sap:unicode="false" sap:label="ROC Sold To" sap:creatable="false" sap:updatable="false" sap:sortable="false" sap:filterable="false"/>
                <NavigationProperty Name="NAVWaveDownList" Relationship="ZOD_DAT_CVC_WAVE_SRV.ASSOC_WAVE_DOWN" FromRole="FromRole_ASSOC_WAVE_DOWN" ToRole="ToRole_ASSOC_WAVE_DOWN"/>
                <NavigationProperty Name="NAVWaveDMsg" Relationship="ZOD_DAT_CVC_WAVE_SRV.ASSOC_WAVED_MSG" FromRole="FromRole_ASSOC_WAVED_MSG" ToRole="ToRole_ASSOC_WAVED_MSG"/>
            </EntityType>
            <EntityType Name="ProdSoldToQty" sap:content-version="1">
                <Key>
                    <PropertyRef Name="Type"/>
                </Key>
                <Property Name="Type" Type="Edm.String" Nullable="false" sap:unicode="false" sap:creatable="false" sap:updatable="false" sap:sortable="false" sap:filterable="false"/>
                <Property Name="Value" Type="Edm.String" Nullable="false" sap:unicode="false" sap:creatable="false" sap:updatable="false" sap:sortable="false" sap:filterable="false"/>
                <Property Name="Qty" Type="Edm.String" Nullable="false" sap:unicode="false" sap:creatable="false" sap:updatable="false" sap:sortable="false" sap:filterable="false"/>
                <Property Name="Add_V" Type="Edm.Boolean" Nullable="false" sap:unicode="false" sap:label="Indicator" sap:creatable="false" sap:updatable="false" sap:sortable="false" sap:filterable="false"/>
                <Property Name="Cum_VS" Type="Edm.String" Nullable="false" sap:unicode="false" sap:creatable="false" sap:updatable="false" sap:sortable="false" sap:filterable="false"/>
                <Property Name="Value_VS" Type="Edm.String" Nullable="false" sap:unicode="false" sap:creatable="false" sap:updatable="false" sap:sortable="false" sap:filterable="false"/>
                <Property Name="Qty_VS" Type="Edm.String" Nullable="false" sap:unicode="false" sap:creatable="false" sap:updatable="false" sap:sortable="false" sap:filterable="false"/>
                <Property Name="Value_VST" Type="Edm.String" Nullable="false" sap:unicode="false" sap:creatable="false" sap:updatable="false" sap:sortable="false" sap:filterable="false"/>
                <Property Name="Qty_VST" Type="Edm.String" Nullable="false" sap:unicode="false" sap:creatable="false" sap:updatable="false" sap:sortable="false" sap:filterable="false"/>
            </EntityType>
            <EntityType Name="WaveCumBase" sap:content-version="1">
                <Key>
                    <PropertyRef Name="Wave"/>
                </Key>
                <Property Name="Wave" Type="Edm.String" Nullable="false" sap:unicode="false" sap:creatable="false" sap:updatable="false" sap:sortable="false" sap:filterable="false"/>
                <Property Name="Cum" Type="Edm.String" Nullable="false" sap:unicode="false" sap:creatable="false" sap:updatable="false" sap:sortable="false" sap:filterable="false"/>
                <Property Name="BasePlan" Type="Edm.String" Nullable="false" sap:unicode="false" sap:creatable="false" sap:updatable="false" sap:sortable="false" sap:filterable="false"/>
                <Property Name="Add_V" Type="Edm.Boolean" Nullable="false" sap:unicode="false" sap:label="Indicator" sap:creatable="false" sap:updatable="false" sap:sortable="false" sap:filterable="false"/>
                <Property Name="Cum_VS" Type="Edm.String" Nullable="false" sap:unicode="false" sap:creatable="false" sap:updatable="false" sap:sortable="false" sap:filterable="false"/>
                <Property Name="Cum_VST" Type="Edm.String" Nullable="false" sap:unicode="false" sap:creatable="false" sap:updatable="false" sap:sortable="false" sap:filterable="false"/>
                <Property Name="Cum_E" Type="Edm.Boolean" Nullable="false" sap:unicode="false" sap:label="Indicator" sap:creatable="false" sap:updatable="false" sap:sortable="false" sap:filterable="false"/>
                <Property Name="Base_E" Type="Edm.Boolean" Nullable="false" sap:unicode="false" sap:label="Indicator" sap:creatable="false" sap:updatable="false" sap:sortable="false" sap:filterable="false"/>
            </EntityType>
            <EntityType Name="SourcPlant" sap:content-version="1">
                <Key>
                    <PropertyRef Name="Plant"/>
                </Key>
                <Property Name="Plant" Type="Edm.String" Nullable="false" sap:unicode="false" sap:creatable="false" sap:updatable="false" sap:sortable="false" sap:filterable="false"/>
                <Property Name="OpsSubClass" Type="Edm.String" Nullable="false" sap:unicode="false" sap:creatable="false" sap:updatable="false" sap:sortable="false"/>
                <Property Name="Region" Type="Edm.String" Nullable="false" sap:unicode="false" sap:creatable="false" sap:updatable="false" sap:sortable="false" sap:filterable="false"/>
                <Property Name="PlantDesc" Type="Edm.String" Nullable="false" sap:unicode="false" sap:creatable="false" sap:updatable="false" sap:sortable="false" sap:filterable="false"/>
            </EntityType>
            <EntityType Name="StratSalesOrg" sap:content-version="1">
                <Key>
                    <PropertyRef Name="SalesOrg"/>
                </Key>
                <Property Name="SalesOrg" Type="Edm.String" Nullable="false" sap:unicode="false" sap:creatable="false" sap:updatable="false" sap:sortable="false" sap:filterable="false"/>
            </EntityType>
            <EntityType Name="StratSoldTo" sap:content-version="1">
                <Key>
                    <PropertyRef Name="Selname"/>
                </Key>
                <Property Name="Selname" Type="Edm.String" Nullable="false" MaxLength="20" sap:unicode="false" sap:label="Selection" sap:creatable="false" sap:updatable="false" sap:sortable="false" sap:filterable="false"/>
                <Property Name="Kind" Type="Edm.String" Nullable="false" MaxLength="1" sap:unicode="false" sap:label="Selection cat." sap:creatable="false" sap:updatable="false" sap:sortable="false" sap:filterable="false"/>
                <Property Name="Sign" Type="Edm.String" Nullable="false" MaxLength="1" sap:unicode="false" sap:label="INCL/EXCL" sap:creatable="false" sap:updatable="false" sap:sortable="false" sap:filterable="false"/>
                <Property Name="Option" Type="Edm.String" Nullable="false" MaxLength="2" sap:unicode="false" sap:label="Option" sap:creatable="false" sap:updatable="false" sap:sortable="false" sap:filterable="false"/>
                <Property Name="Low" Type="Edm.String" Nullable="false" MaxLength="255" sap:unicode="false" sap:label="Field Value" sap:creatable="false" sap:updatable="false" sap:sortable="false" sap:filterable="false"/>
                <Property Name="High" Type="Edm.String" Nullable="false" MaxLength="255" sap:unicode="false" sap:label="Field Value" sap:creatable="false" sap:updatable="false" sap:sortable="false" sap:filterable="false"/>
                <Property Name="Txtsh" Type="Edm.String" Nullable="false" MaxLength="40" sap:unicode="false" sap:label="Text, 40 Characters Long" sap:creatable="false" sap:updatable="false" sap:sortable="false" sap:filterable="false"/>
            </EntityType>
            <EntityType Name="AgGridSelect" sap:content-version="1">
                <Key>
                    <PropertyRef Name="Pluid"/>
                </Key>
                <Property Name="Pluid" Type="Edm.String" Nullable="false" sap:unicode="false" sap:creatable="false" sap:updatable="false" sap:sortable="false" sap:filterable="false"/>
            </EntityType>
            <EntityType Name="WaveDownList" sap:content-version="1">
                <Key>
                    <PropertyRef Name="Secprofile"/>
                </Key>
                <Property Name="Secprofile" Type="Edm.String" Nullable="false" MaxLength="30" sap:unicode="false" sap:label="DAT Wave Profile" sap:creatable="false" sap:updatable="false" sap:sortable="false" sap:filterable="false"/>
                <Property Name="Fisweek" Type="Edm.String" Nullable="false" MaxLength="8" sap:unicode="false" sap:label="Period" sap:creatable="false" sap:updatable="false" sap:sortable="false" sap:filterable="false"/>
                <Property Name="Konob" Type="Edm.String" Nullable="false" MaxLength="18" sap:unicode="false" sap:label="Object" sap:creatable="false" sap:updatable="false" sap:sortable="false" sap:filterable="false"/>
                <Property Name="Vkorg" Type="Edm.String" Nullable="false" MaxLength="4" sap:unicode="false" sap:label="Sales Org." sap:creatable="false" sap:updatable="false" sap:sortable="false" sap:filterable="false"/>
                <Property Name="RuleMatnr" Type="Edm.String" Nullable="false" MaxLength="40" sap:unicode="false" sap:label="Intern.Prod.Name" sap:creatable="false" sap:updatable="false" sap:sortable="false" sap:filterable="false"/>
                <Property Name="Kunnr" Type="Edm.String" Nullable="false" MaxLength="20" sap:unicode="false" sap:label="Sold-To Party" sap:creatable="false" sap:updatable="false" sap:sortable="false" sap:filterable="false"/>
                <Property Name="Zdistc" Type="Edm.String" Nullable="false" MaxLength="2" sap:unicode="false" sap:label="Dist Ch" sap:creatable="false" sap:updatable="false" sap:sortable="false" sap:filterable="false"/>
                <Property Name="Pkunwe" Type="Edm.String" Nullable="false" MaxLength="20" sap:unicode="false" sap:label="Ship-To Party" sap:creatable="false" sap:updatable="false" sap:sortable="false" sap:filterable="false"/>
                <Property Name="Pluid" Type="Edm.String" Nullable="false" MaxLength="22" sap:unicode="false" sap:label="PlanningObject no" sap:creatable="false" sap:updatable="false" sap:sortable="false" sap:filterable="false"/>
                <Property Name="PorQty" Type="Edm.String" Nullable="false" MaxLength="15" sap:unicode="false" sap:label="Char15" sap:creatable="false" sap:updatable="false" sap:sortable="false" sap:filterable="false"/>
                <Property Name="RelQty" Type="Edm.String" Nullable="false" MaxLength="15" sap:unicode="false" sap:label="Char15" sap:creatable="false" sap:updatable="false" sap:sortable="false" sap:filterable="false"/>
                <Property Name="HldQty" Type="Edm.String" Nullable="false" MaxLength="15" sap:unicode="false" sap:label="Char15" sap:creatable="false" sap:updatable="false" sap:sortable="false" sap:filterable="false"/>
                <Property Name="DlText" Type="Edm.String" Nullable="false" MaxLength="1250" sap:unicode="false" sap:label="Character field, length 1250" sap:creatable="false" sap:updatable="false" sap:sortable="false" sap:filterable="false"/>
            </EntityType>
            <EntityType Name="WaveUpload" m:HasStream="true" sap:content-version="1">
                <Key>
                    <PropertyRef Name="Secprofile"/>
                </Key>
                <Property Name="FileName" Type="Edm.String" sap:unicode="false"/>
                <Property Name="Secprofile" Type="Edm.String" Nullable="false" sap:unicode="false"/>
                <Property Name="CumError" Type="Edm.Boolean" sap:unicode="false" sap:label="Indicator"/>
                <Property Name="FileType" Type="Edm.String" sap:unicode="false"/>
                <Property Name="WaveCreate" Type="Edm.Boolean" sap:unicode="false" sap:label="Indicator"/>
                <Property Name="DataError" Type="Edm.Boolean" sap:unicode="false" sap:label="Indicator"/>
                <Property Name="Message" Type="Edm.String" sap:unicode="false"/>
                <Property Name="ErrorCount" Type="Edm.String" sap:unicode="false"/>
                <Property Name="ErrorType" Type="Edm.String" sap:unicode="false"/>
                <NavigationProperty Name="NAVWaveUpMsg" Relationship="ZOD_DAT_CVC_WAVE_SRV.ASSOC_WAVEUP_MAG" FromRole="FromRole_ASSOC_WAVEUP_MAG" ToRole="ToRole_ASSOC_WAVEUP_MAG"/>
            </EntityType>
            <EntityType Name="WaveUpMsg" sap:content-version="1">
                <Key>
                    <PropertyRef Name="Secprofile"/>
                    <PropertyRef Name="FiscWeek"/>
                </Key>
                <Property Name="Secprofile" Type="Edm.String" Nullable="false" MaxLength="30" sap:unicode="false" sap:label="DAT Wave Profile" sap:creatable="false" sap:updatable="false" sap:sortable="false" sap:filterable="false"/>
                <Property Name="FiscWeek" Type="Edm.String" Nullable="false" MaxLength="8" sap:unicode="false" sap:label="Period" sap:creatable="false" sap:updatable="false" sap:sortable="false" sap:filterable="false"/>
                <Property Name="Type" Type="Edm.String" Nullable="false" MaxLength="1" sap:unicode="false" sap:label="Message type" sap:creatable="false" sap:updatable="false" sap:sortable="false" sap:filterable="false"/>
                <Property Name="Message" Type="Edm.String" Nullable="false" MaxLength="220" sap:unicode="false" sap:label="Message text" sap:creatable="false" sap:updatable="false" sap:sortable="false" sap:filterable="false"/>
            </EntityType>
            <EntityType Name="ProfileWaves" sap:content-version="1">
                <Key>
                    <PropertyRef Name="Secprofile"/>
                    <PropertyRef Name="FiscWeek"/>
                    <PropertyRef Name="WaveNr"/>
                </Key>
                <Property Name="Secprofile" Type="Edm.String" Nullable="false" MaxLength="30" sap:unicode="false" sap:label="DAT Wave Profile" sap:creatable="false" sap:updatable="false" sap:sortable="false"/>
                <Property Name="FiscWeek" Type="Edm.String" Nullable="false" MaxLength="8" sap:unicode="false" sap:label="Period" sap:creatable="false" sap:updatable="false" sap:sortable="false"/>
                <Property Name="WaveNr" Type="Edm.String" Nullable="false" sap:unicode="false" sap:creatable="false" sap:updatable="false" sap:sortable="false"/>
                <Property Name="WaveDesc" Type="Edm.String" Nullable="false" sap:unicode="false" sap:creatable="false" sap:updatable="false" sap:sortable="false" sap:filterable="false"/>
                <NavigationProperty Name="NAVWaveprofile" Relationship="ZOD_DAT_CVC_WAVE_SRV.ASSOC_WPROF_Waves" FromRole="ToRole_ASSOC_WPROF_Waves" ToRole="FromRole_ASSOC_WPROF_Waves"/>
            </EntityType>
            <EntityType Name="SysConfig" sap:content-version="1">
                <Key>
                    <PropertyRef Name="Bname"/>
                </Key>
                <Property Name="Bname" Type="Edm.String" Nullable="false" MaxLength="12" sap:unicode="false" sap:label="User" sap:creatable="false" sap:updatable="false" sap:sortable="false" sap:filterable="false"/>
                <Property Name="FiscWeek" Type="Edm.String" Nullable="false" MaxLength="10" sap:unicode="false" sap:label="Fiscal Week" sap:creatable="false" sap:updatable="false" sap:sortable="false" sap:filterable="false"/>
                <Property Name="Secprofile" Type="Edm.String" Nullable="false" MaxLength="30" sap:unicode="false" sap:label="DAT Wave Profile" sap:creatable="false" sap:updatable="false" sap:sortable="false" sap:filterable="false"/>
                <Property Name="SupplyFlg" Type="Edm.Boolean" Nullable="false" sap:unicode="false" sap:label="Checkbox" sap:creatable="false" sap:updatable="false" sap:sortable="false" sap:filterable="false"/>
                <Property Name="Region" Type="Edm.String" Nullable="false" MaxLength="4" sap:unicode="false" sap:label="Region" sap:creatable="false" sap:updatable="false" sap:sortable="false" sap:filterable="false"/>
                <Property Name="BacklogFlg" Type="Edm.Boolean" Nullable="false" sap:unicode="false" sap:label="Checkbox" sap:creatable="false" sap:updatable="false" sap:sortable="false" sap:filterable="false"/>
                <Property Name="RocFlg" Type="Edm.Boolean" Nullable="false" sap:unicode="false" sap:label="Checkbox" sap:creatable="false" sap:updatable="false" sap:sortable="false" sap:filterable="false"/>
                <Property Name="Aenam" Type="Edm.String" Nullable="false" MaxLength="12" sap:unicode="false" sap:label="Changed by" sap:creatable="false" sap:updatable="false" sap:sortable="false" sap:filterable="false"/>
                <Property Name="Aedat" Type="Edm.String" Nullable="false" sap:unicode="false" sap:label="Changed On" sap:creatable="false" sap:updatable="false" sap:sortable="false" sap:filterable="false"/>
                <Property Name="Aezet" Type="Edm.String" Nullable="false" sap:unicode="false" sap:label="Time of change" sap:creatable="false" sap:updatable="false" sap:sortable="false" sap:filterable="false"/>
                <Property Name="CreatedBy" Type="Edm.String" Nullable="false" MaxLength="12" sap:unicode="false" sap:label="Created By" sap:creatable="false" sap:updatable="false" sap:sortable="false" sap:filterable="false"/>
                <Property Name="CreateDate" Type="Edm.String" Nullable="false" sap:unicode="false" sap:label="Created On" sap:creatable="false" sap:updatable="false" sap:sortable="false" sap:filterable="false"/>
                <Property Name="CreateTime" Type="Edm.String" Nullable="false" sap:unicode="false" sap:label="Time" sap:creatable="false" sap:updatable="false" sap:sortable="false" sap:filterable="false"/>
                <Property Name="HelpLink" Type="Edm.String" Nullable="false" sap:unicode="false" sap:creatable="false" sap:updatable="false" sap:sortable="false" sap:filterable="false"/>
            </EntityType>
            <EntityType Name="UserTimeZone" sap:content-version="1">
                <Key>
                    <PropertyRef Name="TimeZone"/>
                </Key>
                <Property Name="TimeZone" Type="Edm.String" Nullable="false" sap:unicode="false" sap:creatable="false" sap:updatable="false" sap:sortable="false" sap:filterable="false"/>
                <Property Name="DateTime" Type="Edm.String" Nullable="false" sap:unicode="false" sap:creatable="false" sap:updatable="false" sap:sortable="false" sap:filterable="false"/>
            </EntityType>
            <EntityType Name="DATUILock" sap:content-version="1">
                <Key>
                    <PropertyRef Name="Region"/>
                </Key>
                <Property Name="Region" Type="Edm.String" Nullable="false" sap:unicode="false" sap:creatable="false" sap:updatable="false" sap:sortable="false" sap:filterable="false"/>
                <Property Name="LockCheck" Type="Edm.String" Nullable="false" sap:unicode="false" sap:creatable="false" sap:updatable="false" sap:sortable="false" sap:filterable="false"/>
            </EntityType>
            <EntityType Name="SourcPlntPLA" sap:content-version="1">
                <Key>
                    <PropertyRef Name="Secprofile"/>
                    <PropertyRef Name="FiscWeek"/>
                    <PropertyRef Name="Region"/>
                </Key>
                <Property Name="Secprofile" Type="Edm.String" Nullable="false" MaxLength="30" sap:unicode="false" sap:label="DAT Wave Profile" sap:creatable="false" sap:updatable="false" sap:sortable="false" sap:filterable="false"/>
                <Property Name="FiscWeek" Type="Edm.String" Nullable="false" MaxLength="8" sap:unicode="false" sap:label="Period" sap:creatable="false" sap:updatable="false" sap:sortable="false" sap:filterable="false"/>
                <Property Name="Region" Type="Edm.String" Nullable="false" MaxLength="4" sap:unicode="false" sap:label="Region" sap:creatable="false" sap:updatable="false" sap:sortable="false" sap:filterable="false"/>
                <NavigationProperty Name="NavSourcPlntPLACVC" Relationship="ZOD_DAT_CVC_WAVE_SRV.ASSOC_SORCPLNTPLA_CVC" FromRole="FromRole_ASSOC_SORCPLNTPLA_CVC" ToRole="ToRole_ASSOC_SORCPLNTPLA_CVC"/>
                <NavigationProperty Name="NavSourcPlntPLAPlnt" Relationship="ZOD_DAT_CVC_WAVE_SRV.ASSOC_SORCPLNTPLA_PLNTDESC" FromRole="FromRole_ASSOC_SORCPLNTPLA_PLNTDESC" ToRole="ToRole_ASSOC_SORCPLNTPLA_PLNTDESC"/>
            </EntityType>
            <EntityType Name="Plntdesc" sap:content-version="1">
                <Key>
                    <PropertyRef Name="Plant"/>
                </Key>
                <Property Name="Plant" Type="Edm.String" Nullable="false" sap:unicode="false" sap:creatable="false" sap:updatable="false" sap:sortable="false" sap:filterable="false"/>
                <Property Name="PlantDesc" Type="Edm.String" Nullable="false" sap:unicode="false" sap:creatable="false" sap:updatable="false" sap:sortable="false" sap:filterable="false"/>
            </EntityType>
            <EntityType Name="CVC" sap:content-version="1">
                <Key>
                    <PropertyRef Name="Selname"/>
                </Key>
                <Property Name="Selname" Type="Edm.String" Nullable="false" MaxLength="20" sap:unicode="false" sap:label="Selection" sap:creatable="false" sap:updatable="false" sap:sortable="false" sap:filterable="false"/>
                <Property Name="Kind" Type="Edm.String" Nullable="false" MaxLength="1" sap:unicode="false" sap:label="Selection cat." sap:creatable="false" sap:updatable="false" sap:sortable="false" sap:filterable="false"/>
                <Property Name="Sign" Type="Edm.String" Nullable="false" MaxLength="1" sap:unicode="false" sap:label="INCL/EXCL" sap:creatable="false" sap:updatable="false" sap:sortable="false" sap:filterable="false"/>
                <Property Name="Option" Type="Edm.String" Nullable="false" MaxLength="2" sap:unicode="false" sap:label="Option" sap:creatable="false" sap:updatable="false" sap:sortable="false" sap:filterable="false"/>
                <Property Name="Low" Type="Edm.String" Nullable="false" MaxLength="255" sap:unicode="false" sap:label="Field Value" sap:creatable="false" sap:updatable="false" sap:sortable="false" sap:filterable="false"/>
                <Property Name="High" Type="Edm.String" Nullable="false" MaxLength="255" sap:unicode="false" sap:label="Field Value" sap:creatable="false" sap:updatable="false" sap:sortable="false" sap:filterable="false"/>
                <Property Name="Txtsh" Type="Edm.String" Nullable="false" MaxLength="40" sap:unicode="false" sap:label="Description" sap:creatable="false" sap:updatable="false" sap:sortable="false" sap:filterable="false"/>
            </EntityType>
            <EntityType Name="UserSoldToQty" sap:content-version="1">
                <Key>
                    <PropertyRef Name="Value"/>
                </Key>
                <Property Name="Type" Type="Edm.String" Nullable="false" sap:unicode="false" sap:creatable="false" sap:updatable="false" sap:sortable="false" sap:filterable="false"/>
                <Property Name="Value" Type="Edm.String" Nullable="false" sap:unicode="false" sap:creatable="false" sap:updatable="false" sap:sortable="false" sap:filterable="false"/>
                <Property Name="Qty" Type="Edm.String" Nullable="false" sap:unicode="false" sap:creatable="false" sap:updatable="false" sap:sortable="false" sap:filterable="false"/>
                <Property Name="Add_V" Type="Edm.Boolean" Nullable="false" sap:unicode="false" sap:label="Indicator" sap:creatable="false" sap:updatable="false" sap:sortable="false" sap:filterable="false"/>
                <Property Name="Cum_VS" Type="Edm.String" Nullable="false" sap:unicode="false" sap:creatable="false" sap:updatable="false" sap:sortable="false" sap:filterable="false"/>
            </EntityType>
            <EntityType Name="agEnterpriseKey" sap:content-version="1">
                <Key>
                    <PropertyRef Name="Key"/>
                </Key>
                <Property Name="Key" Type="Edm.String" Nullable="false" sap:unicode="false" sap:creatable="false" sap:updatable="false" sap:sortable="false" sap:filterable="false"/>
            </EntityType>
            <EntityType Name="WaveSetting" sap:content-version="1">
                <Key>
                    <PropertyRef Name="FiscWeek"/>
                </Key>
                <Property Name="FiscWeek" Type="Edm.String" Nullable="false" sap:unicode="false"/>
                <Property Name="Secprofile" Type="Edm.String" sap:unicode="false"/>
                <Property Name="Region" Type="Edm.String" sap:unicode="false"/>
                <Property Name="CVCVariant" Type="Edm.String" sap:unicode="false"/>
                <Property Name="WaveNr" Type="Edm.String" sap:unicode="false"/>
                <Property Name="BasePlan" Type="Edm.String" sap:unicode="false"/>
                <Property Name="BacklogCap" Type="Edm.String" sap:unicode="false"/>
                <Property Name="Strategy" Type="Edm.String" sap:unicode="false"/>
                <Property Name="Release" Type="Edm.String" sap:unicode="false"/>
                <Property Name="ReleaseDate" Type="Edm.String" sap:unicode="false"/>
                <Property Name="ReleaseTime" Type="Edm.String" sap:unicode="false"/>
                <Property Name="CreationDate" Type="Edm.String" sap:unicode="false"/>
                <Property Name="CreationTime" Type="Edm.String" sap:unicode="false"/>
                <NavigationProperty Name="NAVWaveSCVC" Relationship="ZOD_DAT_CVC_WAVE_SRV.assoc_setting_cvc_sel" FromRole="FromRole_assoc_setting_cvc_sel" ToRole="ToRole_assoc_setting_cvc_sel"/>
                <NavigationProperty Name="NAVWaveSPluids" Relationship="ZOD_DAT_CVC_WAVE_SRV.ASSOC_SETTING_AG_SEL" FromRole="FromRole_ASSOC_SETTING_AG_SEL" ToRole="ToRole_ASSOC_SETTING_AG_SEL"/>
                <NavigationProperty Name="NAVWaveSMPN" Relationship="ZOD_DAT_CVC_WAVE_SRV.ASSOC_SETTING_MPN" FromRole="FromRole_ASSOC_SETTING_MPN" ToRole="ToRole_ASSOC_SETTING_MPN"/>
                <NavigationProperty Name="NAVWaveSOPS" Relationship="ZOD_DAT_CVC_WAVE_SRV.ASSOC_SETTING_OPS" FromRole="FromRole_ASSOC_SETTING_OPS" ToRole="ToRole_ASSOC_SETTING_OPS"/>
                <NavigationProperty Name="NAVWaveSSAELS" Relationship="ZOD_DAT_CVC_WAVE_SRV.ASSOC_SETTING_SALES" FromRole="FromRole_ASSOC_SETTING_SALES" ToRole="ToRole_ASSOC_SETTING_SALES"/>
                <NavigationProperty Name="NAVWaveSChannel" Relationship="ZOD_DAT_CVC_WAVE_SRV.ASSOC_SETTING_CHANNEL" FromRole="FromRole_ASSOC_SETTING_CHANNEL" ToRole="ToRole_ASSOC_SETTING_CHANNEL"/>
                <NavigationProperty Name="NAVWaveSSoldTo" Relationship="ZOD_DAT_CVC_WAVE_SRV.ASSOC_SETTING_SOLD" FromRole="FromRole_ASSOC_SETTING_SOLD" ToRole="ToRole_ASSOC_SETTING_SOLD"/>
                <NavigationProperty Name="NAVWaveSSorcPlant" Relationship="ZOD_DAT_CVC_WAVE_SRV.ASSOC_SETTING_SORCPLANT" FromRole="FromRole_ASSOC_SETTING_SORCPLANT" ToRole="ToRole_ASSOC_SETTING_SORCPLANT"/>
                <NavigationProperty Name="NAVWaveSStrat" Relationship="ZOD_DAT_CVC_WAVE_SRV.ASSOC_SETTING_STRAT" FromRole="FromRole_ASSOC_SETTING_STRAT" ToRole="ToRole_ASSOC_SETTING_STRAT"/>
            </EntityType>
            <EntityType Name="RCALog" sap:content-version="1">
                <Key>
                    <PropertyRef Name="FiscWeek"/>
                    <PropertyRef Name="Secprofile"/>
                    <PropertyRef Name="Counter"/>
                </Key>
                <Property Name="FiscWeek" Type="Edm.String" Nullable="false" sap:unicode="false"/>
                <Property Name="Secprofile" Type="Edm.String" Nullable="false" sap:unicode="false"/>
                <Property Name="Counter" Type="Edm.Int32" Nullable="false" sap:unicode="false"/>
                <Property Name="MessageType" Type="Edm.String" sap:unicode="false"/>
                <Property Name="GatingMessage" Type="Edm.String" sap:unicode="false"/>
            </EntityType>
            <EntityType Name="UserAuthChk" sap:content-version="1">
                <Key>
                    <PropertyRef Name="function"/>
                </Key>
                <Property Name="function" Type="Edm.String" Nullable="false" MaxLength="10" sap:unicode="false" sap:label="DAT Function for Security Auth" sap:creatable="false" sap:updatable="false" sap:sortable="false" sap:filterable="false"/>
                <Property Name="create" Type="Edm.String" Nullable="false" MaxLength="10" sap:unicode="false" sap:label="Create Activity" sap:creatable="false" sap:updatable="false" sap:sortable="false" sap:filterable="false"/>
                <Property Name="change" Type="Edm.String" Nullable="false" MaxLength="10" sap:unicode="false" sap:label="Change Activity" sap:creatable="false" sap:updatable="false" sap:sortable="false" sap:filterable="false"/>
                <Property Name="display" Type="Edm.String" Nullable="false" MaxLength="10" sap:unicode="false" sap:label="Display Activity" sap:creatable="false" sap:updatable="false" sap:sortable="false" sap:filterable="false"/>
            </EntityType>
            <EntityType Name="MulSchedule" sap:content-version="1">
                <Key>
                    <PropertyRef Name="ScheduleAtn"/>
                </Key>
                <Property Name="ScheduleAtn" Type="Edm.String" Nullable="false" sap:unicode="false" sap:creatable="false" sap:updatable="false" sap:sortable="false" sap:filterable="false"/>
            </EntityType>
            <Association Name="ASSOC_WAVEUP_MAG" sap:content-version="1">
                <End Type="ZOD_DAT_CVC_WAVE_SRV.WaveUpload" Multiplicity="0..1" Role="FromRole_ASSOC_WAVEUP_MAG"/>
                <End Type="ZOD_DAT_CVC_WAVE_SRV.WaveUpMsg" Multiplicity="*" Role="ToRole_ASSOC_WAVEUP_MAG"/>
            </Association>
            <Association Name="ASSOC_WPROF_MSG" sap:content-version="1">
                <End Type="ZOD_DAT_CVC_WAVE_SRV.Waveprofile" Multiplicity="1" Role="FromRole_ASSOC_WPROF_MSG"/>
                <End Type="ZOD_DAT_CVC_WAVE_SRV.MsgDtl" Multiplicity="*" Role="ToRole_ASSOC_WPROF_MSG"/>
            </Association>
            <Association Name="ASSOC_WEEK_CVC" sap:content-version="1">
                <End Type="ZOD_DAT_CVC_WAVE_SRV.Waveprofile" Multiplicity="0..1" Role="FromRole_ASSOC_WEEK_CVC"/>
                <End Type="ZOD_DAT_CVC_WAVE_SRV.CVC" Multiplicity="*" Role="ToRole_ASSOC_WEEK_CVC"/>
            </Association>
            <Association Name="ASSOC_WPROF_Waves" sap:content-version="1">
                <End Type="ZOD_DAT_CVC_WAVE_SRV.Waveprofile" Multiplicity="0..1" Role="FromRole_ASSOC_WPROF_Waves"/>
                <End Type="ZOD_DAT_CVC_WAVE_SRV.ProfileWaves" Multiplicity="*" Role="ToRole_ASSOC_WPROF_Waves"/>
                <ReferentialConstraint>
                    <Principal Role="FromRole_ASSOC_WPROF_Waves">
                        <PropertyRef Name="Secprofile"/>
                        <PropertyRef Name="FiscWeek"/>
                    </Principal>
                    <Dependent Role="ToRole_ASSOC_WPROF_Waves">
                        <PropertyRef Name="Secprofile"/>
                        <PropertyRef Name="FiscWeek"/>
                    </Dependent>
                </ReferentialConstraint>
            </Association>
            <Association Name="ASSOC_WAVE_RCA_LOG" sap:content-version="1">
                <End Type="ZOD_DAT_CVC_WAVE_SRV.Waveprofile" Multiplicity="0..1" Role="FromRole_ASSOC_WAVE_RCA_LOG"/>
                <End Type="ZOD_DAT_CVC_WAVE_SRV.RCALog" Multiplicity="*" Role="ToRole_ASSOC_WAVE_RCA_LOG"/>
                <ReferentialConstraint>
                    <Principal Role="FromRole_ASSOC_WAVE_RCA_LOG">
                        <PropertyRef Name="FiscWeek"/>
                        <PropertyRef Name="Secprofile"/>
                    </Principal>
                    <Dependent Role="ToRole_ASSOC_WAVE_RCA_LOG">
                        <PropertyRef Name="FiscWeek"/>
                        <PropertyRef Name="Secprofile"/>
                    </Dependent>
                </ReferentialConstraint>
            </Association>
            <Association Name="ASSOC_WPROF_GRID" sap:content-version="1">
                <End Type="ZOD_DAT_CVC_WAVE_SRV.Waveprofile" Multiplicity="1" Role="FromRole_ASSOC_WPROF_GRID"/>
                <End Type="ZOD_DAT_CVC_WAVE_SRV.Wavegrid" Multiplicity="*" Role="ToRole_ASSOC_WPROF_GRID"/>
            </Association>
            <Association Name="assoc_setting_cvc_sel" sap:content-version="1">
                <End Type="ZOD_DAT_CVC_WAVE_SRV.WaveSetting" Multiplicity="0..1" Role="FromRole_assoc_setting_cvc_sel"/>
                <End Type="ZOD_DAT_CVC_WAVE_SRV.CVC" Multiplicity="*" Role="ToRole_assoc_setting_cvc_sel"/>
            </Association>
            <Association Name="ASSOC_SETTING_AG_SEL" sap:content-version="1">
                <End Type="ZOD_DAT_CVC_WAVE_SRV.WaveSetting" Multiplicity="0..1" Role="FromRole_ASSOC_SETTING_AG_SEL"/>
                <End Type="ZOD_DAT_CVC_WAVE_SRV.AgGridSelect" Multiplicity="*" Role="ToRole_ASSOC_SETTING_AG_SEL"/>
            </Association>
            <Association Name="ASSOC_SETTING_MPN" sap:content-version="1">
                <End Type="ZOD_DAT_CVC_WAVE_SRV.WaveSetting" Multiplicity="0..1" Role="FromRole_ASSOC_SETTING_MPN"/>
                <End Type="ZOD_DAT_CVC_WAVE_SRV.CVC" Multiplicity="*" Role="ToRole_ASSOC_SETTING_MPN"/>
            </Association>
            <Association Name="ASSOC_SETTING_OPS" sap:content-version="1">
                <End Type="ZOD_DAT_CVC_WAVE_SRV.WaveSetting" Multiplicity="0..1" Role="FromRole_ASSOC_SETTING_OPS"/>
                <End Type="ZOD_DAT_CVC_WAVE_SRV.CVC" Multiplicity="*" Role="ToRole_ASSOC_SETTING_OPS"/>
            </Association>
            <Association Name="ASSOC_SETTING_SALES" sap:content-version="1">
                <End Type="ZOD_DAT_CVC_WAVE_SRV.WaveSetting" Multiplicity="0..1" Role="FromRole_ASSOC_SETTING_SALES"/>
                <End Type="ZOD_DAT_CVC_WAVE_SRV.CVC" Multiplicity="*" Role="ToRole_ASSOC_SETTING_SALES"/>
            </Association>
            <Association Name="ASSOC_SETTING_CHANNEL" sap:content-version="1">
                <End Type="ZOD_DAT_CVC_WAVE_SRV.WaveSetting" Multiplicity="0..1" Role="FromRole_ASSOC_SETTING_CHANNEL"/>
                <End Type="ZOD_DAT_CVC_WAVE_SRV.CVC" Multiplicity="*" Role="ToRole_ASSOC_SETTING_CHANNEL"/>
            </Association>
            <Association Name="ASSOC_SETTING_SOLD" sap:content-version="1">
                <End Type="ZOD_DAT_CVC_WAVE_SRV.WaveSetting" Multiplicity="0..1" Role="FromRole_ASSOC_SETTING_SOLD"/>
                <End Type="ZOD_DAT_CVC_WAVE_SRV.CVC" Multiplicity="*" Role="ToRole_ASSOC_SETTING_SOLD"/>
            </Association>
            <Association Name="ASSOC_SETTING_SORCPLANT" sap:content-version="1">
                <End Type="ZOD_DAT_CVC_WAVE_SRV.WaveSetting" Multiplicity="0..1" Role="FromRole_ASSOC_SETTING_SORCPLANT"/>
                <End Type="ZOD_DAT_CVC_WAVE_SRV.CVC" Multiplicity="*" Role="ToRole_ASSOC_SETTING_SORCPLANT"/>
            </Association>
            <Association Name="ASSOC_SETTING_STRAT" sap:content-version="1">
                <End Type="ZOD_DAT_CVC_WAVE_SRV.WaveSetting" Multiplicity="0..1" Role="FromRole_ASSOC_SETTING_STRAT"/>
                <End Type="ZOD_DAT_CVC_WAVE_SRV.CVC" Multiplicity="*" Role="ToRole_ASSOC_SETTING_STRAT"/>
            </Association>
            <Association Name="ASSOC_WAVE_CVC" sap:content-version="1">
                <End Type="ZOD_DAT_CVC_WAVE_SRV.WaveData" Multiplicity="0..1" Role="FromRole_ASSOC_WAVE_CVC"/>
                <End Type="ZOD_DAT_CVC_WAVE_SRV.CVC" Multiplicity="*" Role="ToRole_ASSOC_WAVE_CVC"/>
            </Association>
            <Association Name="ASSOC_WAVE_CUM_PER" sap:content-version="1">
                <End Type="ZOD_DAT_CVC_WAVE_SRV.WaveData" Multiplicity="0..1" Role="FromRole_ASSOC_WAVE_CUM_PER"/>
                <End Type="ZOD_DAT_CVC_WAVE_SRV.WaveCum" Multiplicity="*" Role="ToRole_ASSOC_WAVE_CUM_PER"/>
            </Association>
            <Association Name="ASSOC_WAVE_CUM_BASE" sap:content-version="1">
                <End Type="ZOD_DAT_CVC_WAVE_SRV.WaveData" Multiplicity="0..1" Role="FromRole_ASSOC_WAVE_CUM_BASE"/>
                <End Type="ZOD_DAT_CVC_WAVE_SRV.WaveCumBase" Multiplicity="*" Role="ToRole_ASSOC_WAVE_CUM_BASE"/>
            </Association>
            <Association Name="ASSOC_WAVE_PROD_QTY" sap:content-version="1">
                <End Type="ZOD_DAT_CVC_WAVE_SRV.WaveData" Multiplicity="0..1" Role="FromRole_ASSOC_WAVE_PROD_QTY"/>
                <End Type="ZOD_DAT_CVC_WAVE_SRV.ProdSoldToQty" Multiplicity="*" Role="ToRole_ASSOC_WAVE_PROD_QTY"/>
            </Association>
            <Association Name="ASSOC_WAVE_DAYS" sap:content-version="1">
                <End Type="ZOD_DAT_CVC_WAVE_SRV.WaveData" Multiplicity="0..1" Role="FromRole_ASSOC_WAVE_DAYS"/>
                <End Type="ZOD_DAT_CVC_WAVE_SRV.WeekDays" Multiplicity="*" Role="ToRole_ASSOC_WAVE_DAYS"/>
            </Association>
            <Association Name="ASSOC_WAVE_SOURCEPLANT" sap:content-version="1">
                <End Type="ZOD_DAT_CVC_WAVE_SRV.WaveData" Multiplicity="0..1" Role="FromRole_ASSOC_WAVE_SOURCEPLANT"/>
                <End Type="ZOD_DAT_CVC_WAVE_SRV.SourcPlant" Multiplicity="*" Role="ToRole_ASSOC_WAVE_SOURCEPLANT"/>
            </Association>
            <Association Name="ASSOC_WAVE_STRATSALES" sap:content-version="1">
                <End Type="ZOD_DAT_CVC_WAVE_SRV.WaveData" Multiplicity="0..1" Role="FromRole_ASSOC_WAVE_STRATSALES"/>
                <End Type="ZOD_DAT_CVC_WAVE_SRV.StratSalesOrg" Multiplicity="*" Role="ToRole_ASSOC_WAVE_STRATSALES"/>
            </Association>
            <Association Name="ASSOC_WAVE_STRATSOLD" sap:content-version="1">
                <End Type="ZOD_DAT_CVC_WAVE_SRV.WaveData" Multiplicity="0..1" Role="FromRole_ASSOC_WAVE_STRATSOLD"/>
                <End Type="ZOD_DAT_CVC_WAVE_SRV.StratSoldTo" Multiplicity="*" Role="ToRole_ASSOC_WAVE_STRATSOLD"/>
            </Association>
            <Association Name="ASSOC_WAVE_GRID_SEL" sap:content-version="1">
                <End Type="ZOD_DAT_CVC_WAVE_SRV.WaveData" Multiplicity="0..1" Role="FromRole_ASSOC_WAVE_GRID_SEL"/>
                <End Type="ZOD_DAT_CVC_WAVE_SRV.AgGridSelect" Multiplicity="*" Role="ToRole_ASSOC_WAVE_GRID_SEL"/>
            </Association>
            <Association Name="ASSOC_WAVE_MULSCH" sap:content-version="1">
                <End Type="ZOD_DAT_CVC_WAVE_SRV.WaveData" Multiplicity="1" Role="FromRole_ASSOC_WAVE_MULSCH"/>
                <End Type="ZOD_DAT_CVC_WAVE_SRV.MulSchedule" Multiplicity="*" Role="ToRole_ASSOC_WAVE_MULSCH"/>
            </Association>
            <Association Name="ASSOC_WAVE_DOWN" sap:content-version="1">
                <End Type="ZOD_DAT_CVC_WAVE_SRV.WaveDownload" Multiplicity="0..1" Role="FromRole_ASSOC_WAVE_DOWN"/>
                <End Type="ZOD_DAT_CVC_WAVE_SRV.WaveDownList" Multiplicity="*" Role="ToRole_ASSOC_WAVE_DOWN"/>
            </Association>
            <Association Name="ASSOC_WAVED_MSG" sap:content-version="1">
                <End Type="ZOD_DAT_CVC_WAVE_SRV.WaveDownload" Multiplicity="0..1" Role="FromRole_ASSOC_WAVED_MSG"/>
                <End Type="ZOD_DAT_CVC_WAVE_SRV.MsgDtl" Multiplicity="*" Role="ToRole_ASSOC_WAVED_MSG"/>
            </Association>
            <Association Name="ASSOC_WEEK_PROF" sap:content-version="1">
                <End Type="ZOD_DAT_CVC_WAVE_SRV.ProfileList" Multiplicity="0..1" Role="FromRole_ASSOC_WEEK_PROF"/>
                <End Type="ZOD_DAT_CVC_WAVE_SRV.Waveprofile" Multiplicity="*" Role="ToRole_ASSOC_WEEK_PROF"/>
            </Association>
            <Association Name="ASSOC_SECPROF_CVCLIST" sap:content-version="1">
                <End Type="ZOD_DAT_CVC_WAVE_SRV.SecprofileCVC" Multiplicity="0..1" Role="FromRole_ASSOC_SECPROF_CVCLIST"/>
                <End Type="ZOD_DAT_CVC_WAVE_SRV.CVCSelection" Multiplicity="*" Role="ToRole_ASSOC_SECPROF_CVCLIST"/>
            </Association>
            <Association Name="ASSOC_SECPROF_CVC" sap:content-version="1">
                <End Type="ZOD_DAT_CVC_WAVE_SRV.SecprofileCVC" Multiplicity="0..1" Role="FromRole_ASSOC_SECPROF_CVC"/>
                <End Type="ZOD_DAT_CVC_WAVE_SRV.CVC" Multiplicity="*" Role="ToRole_ASSOC_SECPROF_CVC"/>
            </Association>
            <Association Name="ASSOC_SORCPLNTPLA_CVC" sap:content-version="1">
                <End Type="ZOD_DAT_CVC_WAVE_SRV.SourcPlntPLA" Multiplicity="0..1" Role="FromRole_ASSOC_SORCPLNTPLA_CVC"/>
                <End Type="ZOD_DAT_CVC_WAVE_SRV.CVC" Multiplicity="*" Role="ToRole_ASSOC_SORCPLNTPLA_CVC"/>
            </Association>
            <Association Name="ASSOC_SORCPLNTPLA_PLNTDESC" sap:content-version="1">
                <End Type="ZOD_DAT_CVC_WAVE_SRV.SourcPlntPLA" Multiplicity="0..1" Role="FromRole_ASSOC_SORCPLNTPLA_PLNTDESC"/>
                <End Type="ZOD_DAT_CVC_WAVE_SRV.Plntdesc" Multiplicity="*" Role="ToRole_ASSOC_SORCPLNTPLA_PLNTDESC"/>
            </Association>
            <EntityContainer Name="ZOD_DAT_CVC_WAVE_SRV_Entities" m:IsDefaultEntityContainer="true" sap:supported-formats="atom json xlsx">
                <EntitySet Name="WaveprofileSet" EntityType="ZOD_DAT_CVC_WAVE_SRV.Waveprofile" sap:creatable="false" sap:updatable="false" sap:deletable="false" sap:pageable="false" sap:content-version="1"/>
                <EntitySet Name="WavegridSet" EntityType="ZOD_DAT_CVC_WAVE_SRV.Wavegrid" sap:creatable="false" sap:updatable="false" sap:deletable="false" sap:pageable="false" sap:content-version="1"/>
                <EntitySet Name="MsgDtlSet" EntityType="ZOD_DAT_CVC_WAVE_SRV.MsgDtl" sap:creatable="false" sap:updatable="false" sap:deletable="false" sap:pageable="false" sap:content-version="1"/>
                <EntitySet Name="WaveWeekSet" EntityType="ZOD_DAT_CVC_WAVE_SRV.WaveWeek" sap:creatable="false" sap:updatable="false" sap:deletable="false" sap:pageable="false" sap:content-version="1"/>
                <EntitySet Name="ProfileListSet" EntityType="ZOD_DAT_CVC_WAVE_SRV.ProfileList" sap:creatable="false" sap:updatable="false" sap:deletable="false" sap:pageable="false" sap:content-version="1"/>
                <EntitySet Name="CVCSelectionSet" EntityType="ZOD_DAT_CVC_WAVE_SRV.CVCSelection" sap:creatable="false" sap:updatable="false" sap:deletable="false" sap:pageable="false" sap:content-version="1"/>
                <EntitySet Name="SecprofileCVCSet" EntityType="ZOD_DAT_CVC_WAVE_SRV.SecprofileCVC" sap:creatable="false" sap:updatable="false" sap:deletable="false" sap:pageable="false" sap:content-version="1"/>
                <EntitySet Name="WaveCumSet" EntityType="ZOD_DAT_CVC_WAVE_SRV.WaveCum" sap:creatable="false" sap:updatable="false" sap:deletable="false" sap:pageable="false" sap:addressable="false" sap:content-version="1"/>
                <EntitySet Name="WeekDaysSet" EntityType="ZOD_DAT_CVC_WAVE_SRV.WeekDays" sap:creatable="false" sap:updatable="false" sap:deletable="false" sap:pageable="false" sap:addressable="false" sap:content-version="1"/>
                <EntitySet Name="WaveDataSet" EntityType="ZOD_DAT_CVC_WAVE_SRV.WaveData" sap:creatable="false" sap:updatable="false" sap:deletable="false" sap:pageable="false" sap:addressable="false" sap:content-version="1"/>
                <EntitySet Name="WaveDDSet" EntityType="ZOD_DAT_CVC_WAVE_SRV.WaveDD" sap:creatable="false" sap:updatable="false" sap:deletable="false" sap:pageable="false" sap:addressable="false" sap:content-version="1"/>
                <EntitySet Name="WaveDownloadSet" EntityType="ZOD_DAT_CVC_WAVE_SRV.WaveDownload" sap:creatable="false" sap:updatable="false" sap:deletable="false" sap:searchable="true" sap:pageable="false" sap:content-version="1"/>
                <EntitySet Name="ProdSoldToQtySet" EntityType="ZOD_DAT_CVC_WAVE_SRV.ProdSoldToQty" sap:creatable="false" sap:updatable="false" sap:deletable="false" sap:pageable="false" sap:addressable="false" sap:content-version="1"/>
                <EntitySet Name="WaveCumBaseSet" EntityType="ZOD_DAT_CVC_WAVE_SRV.WaveCumBase" sap:creatable="false" sap:updatable="false" sap:deletable="false" sap:pageable="false" sap:addressable="false" sap:content-version="1"/>
                <EntitySet Name="SourcPlantSet" EntityType="ZOD_DAT_CVC_WAVE_SRV.SourcPlant" sap:creatable="false" sap:updatable="false" sap:deletable="false" sap:pageable="false" sap:addressable="false" sap:content-version="1"/>
                <EntitySet Name="StratSalesOrgSet" EntityType="ZOD_DAT_CVC_WAVE_SRV.StratSalesOrg" sap:creatable="false" sap:updatable="false" sap:deletable="false" sap:pageable="false" sap:addressable="false" sap:content-version="1"/>
                <EntitySet Name="StratSoldToSet" EntityType="ZOD_DAT_CVC_WAVE_SRV.StratSoldTo" sap:creatable="false" sap:updatable="false" sap:deletable="false" sap:pageable="false" sap:addressable="false" sap:content-version="1"/>
                <EntitySet Name="AgGridSelectSet" EntityType="ZOD_DAT_CVC_WAVE_SRV.AgGridSelect" sap:creatable="false" sap:updatable="false" sap:deletable="false" sap:pageable="false" sap:addressable="false" sap:content-version="1"/>
                <EntitySet Name="WaveDownListSet" EntityType="ZOD_DAT_CVC_WAVE_SRV.WaveDownList" sap:creatable="false" sap:updatable="false" sap:deletable="false" sap:pageable="false" sap:addressable="false" sap:content-version="1"/>
                <EntitySet Name="WaveUploadSet" EntityType="ZOD_DAT_CVC_WAVE_SRV.WaveUpload" sap:creatable="false" sap:updatable="false" sap:deletable="false" sap:pageable="false" sap:addressable="false" sap:content-version="1"/>
                <EntitySet Name="WaveUpMsgSet" EntityType="ZOD_DAT_CVC_WAVE_SRV.WaveUpMsg" sap:creatable="false" sap:updatable="false" sap:deletable="false" sap:pageable="false" sap:content-version="1"/>
                <EntitySet Name="ProfileWavesSet" EntityType="ZOD_DAT_CVC_WAVE_SRV.ProfileWaves" sap:creatable="false" sap:updatable="false" sap:deletable="false" sap:pageable="false" sap:addressable="false" sap:content-version="1"/>
                <EntitySet Name="SysConfigSet" EntityType="ZOD_DAT_CVC_WAVE_SRV.SysConfig" sap:creatable="false" sap:updatable="false" sap:deletable="false" sap:pageable="false" sap:content-version="1"/>
                <EntitySet Name="UserTimeZoneSet" EntityType="ZOD_DAT_CVC_WAVE_SRV.UserTimeZone" sap:creatable="false" sap:updatable="false" sap:deletable="false" sap:pageable="false" sap:addressable="false" sap:content-version="1"/>
                <EntitySet Name="DATUILockSet" EntityType="ZOD_DAT_CVC_WAVE_SRV.DATUILock" sap:creatable="false" sap:updatable="false" sap:deletable="false" sap:pageable="false" sap:addressable="false" sap:content-version="1"/>
                <EntitySet Name="SourcPlntPLASet" EntityType="ZOD_DAT_CVC_WAVE_SRV.SourcPlntPLA" sap:creatable="false" sap:updatable="false" sap:deletable="false" sap:pageable="false" sap:addressable="false" sap:content-version="1"/>
                <EntitySet Name="PlntdescSet" EntityType="ZOD_DAT_CVC_WAVE_SRV.Plntdesc" sap:creatable="false" sap:updatable="false" sap:deletable="false" sap:pageable="false" sap:addressable="false" sap:content-version="1"/>
                <EntitySet Name="CVCSet" EntityType="ZOD_DAT_CVC_WAVE_SRV.CVC" sap:creatable="false" sap:updatable="false" sap:deletable="false" sap:pageable="false" sap:content-version="1"/>
                <EntitySet Name="UserSoldToQtySet" EntityType="ZOD_DAT_CVC_WAVE_SRV.UserSoldToQty" sap:creatable="false" sap:updatable="false" sap:deletable="false" sap:pageable="false" sap:addressable="false" sap:content-version="1"/>
                <EntitySet Name="agEnterpriseKeySet" EntityType="ZOD_DAT_CVC_WAVE_SRV.agEnterpriseKey" sap:creatable="false" sap:updatable="false" sap:deletable="false" sap:pageable="false" sap:addressable="false" sap:content-version="1"/>
                <EntitySet Name="WaveSettingSet" EntityType="ZOD_DAT_CVC_WAVE_SRV.WaveSetting" sap:creatable="false" sap:updatable="false" sap:deletable="false" sap:pageable="false" sap:addressable="false" sap:content-version="1"/>
                <EntitySet Name="RCALogSet" EntityType="ZOD_DAT_CVC_WAVE_SRV.RCALog" sap:creatable="false" sap:updatable="false" sap:deletable="false" sap:pageable="false" sap:content-version="1"/>
                <EntitySet Name="UserAuthChkSet" EntityType="ZOD_DAT_CVC_WAVE_SRV.UserAuthChk" sap:creatable="false" sap:updatable="false" sap:deletable="false" sap:pageable="false" sap:addressable="false" sap:content-version="1"/>
                <EntitySet Name="MulScheduleSet" EntityType="ZOD_DAT_CVC_WAVE_SRV.MulSchedule" sap:creatable="false" sap:updatable="false" sap:deletable="false" sap:pageable="false" sap:addressable="false" sap:content-version="1"/>
                <AssociationSet Name="ASSOC_WAVE_MULSCHSet" Association="ZOD_DAT_CVC_WAVE_SRV.ASSOC_WAVE_MULSCH" sap:creatable="false" sap:updatable="false" sap:deletable="false" sap:content-version="1">
                    <End EntitySet="WaveDataSet" Role="FromRole_ASSOC_WAVE_MULSCH"/>
                    <End EntitySet="MulScheduleSet" Role="ToRole_ASSOC_WAVE_MULSCH"/>
                </AssociationSet>
                <AssociationSet Name="ASSOC_WEEK_CVCSet" Association="ZOD_DAT_CVC_WAVE_SRV.ASSOC_WEEK_CVC" sap:creatable="false" sap:updatable="false" sap:deletable="false" sap:content-version="1">
                    <End EntitySet="WaveprofileSet" Role="FromRole_ASSOC_WEEK_CVC"/>
                    <End EntitySet="CVCSet" Role="ToRole_ASSOC_WEEK_CVC"/>
                </AssociationSet>
                <AssociationSet Name="ASSOC_SORCPLNTPLA_PLNTDESCSet" Association="ZOD_DAT_CVC_WAVE_SRV.ASSOC_SORCPLNTPLA_PLNTDESC" sap:creatable="false" sap:updatable="false" sap:deletable="false" sap:content-version="1">
                    <End EntitySet="SourcPlntPLASet" Role="FromRole_ASSOC_SORCPLNTPLA_PLNTDESC"/>
                    <End EntitySet="PlntdescSet" Role="ToRole_ASSOC_SORCPLNTPLA_PLNTDESC"/>
                </AssociationSet>
                <AssociationSet Name="ASSOC_SETTING_OPSSet" Association="ZOD_DAT_CVC_WAVE_SRV.ASSOC_SETTING_OPS" sap:creatable="false" sap:updatable="false" sap:deletable="false" sap:content-version="1">
                    <End EntitySet="WaveSettingSet" Role="FromRole_ASSOC_SETTING_OPS"/>
                    <End EntitySet="CVCSet" Role="ToRole_ASSOC_SETTING_OPS"/>
                </AssociationSet>
                <AssociationSet Name="ASSOC_SORCPLNTPLA_CVCSet" Association="ZOD_DAT_CVC_WAVE_SRV.ASSOC_SORCPLNTPLA_CVC" sap:creatable="false" sap:updatable="false" sap:deletable="false" sap:content-version="1">
                    <End EntitySet="SourcPlntPLASet" Role="FromRole_ASSOC_SORCPLNTPLA_CVC"/>
                    <End EntitySet="CVCSet" Role="ToRole_ASSOC_SORCPLNTPLA_CVC"/>
                </AssociationSet>
                <AssociationSet Name="ASSOC_WPROF_GRIDSet" Association="ZOD_DAT_CVC_WAVE_SRV.ASSOC_WPROF_GRID" sap:creatable="false" sap:updatable="false" sap:deletable="false" sap:content-version="1">
                    <End EntitySet="WaveprofileSet" Role="FromRole_ASSOC_WPROF_GRID"/>
                    <End EntitySet="WavegridSet" Role="ToRole_ASSOC_WPROF_GRID"/>
                </AssociationSet>
                <AssociationSet Name="ASSOC_SETTING_MPNSet" Association="ZOD_DAT_CVC_WAVE_SRV.ASSOC_SETTING_MPN" sap:creatable="false" sap:updatable="false" sap:deletable="false" sap:content-version="1">
                    <End EntitySet="WaveSettingSet" Role="FromRole_ASSOC_SETTING_MPN"/>
                    <End EntitySet="CVCSet" Role="ToRole_ASSOC_SETTING_MPN"/>
                </AssociationSet>
                <AssociationSet Name="ASSOC_WPROF_MSGSet" Association="ZOD_DAT_CVC_WAVE_SRV.ASSOC_WPROF_MSG" sap:creatable="false" sap:updatable="false" sap:deletable="false" sap:content-version="1">
                    <End EntitySet="WaveprofileSet" Role="FromRole_ASSOC_WPROF_MSG"/>
                    <End EntitySet="MsgDtlSet" Role="ToRole_ASSOC_WPROF_MSG"/>
                </AssociationSet>
                <AssociationSet Name="ASSOC_WAVE_DOWNSet" Association="ZOD_DAT_CVC_WAVE_SRV.ASSOC_WAVE_DOWN" sap:creatable="false" sap:updatable="false" sap:deletable="false" sap:content-version="1">
                    <End EntitySet="WaveDownloadSet" Role="FromRole_ASSOC_WAVE_DOWN"/>
                    <End EntitySet="WaveDownListSet" Role="ToRole_ASSOC_WAVE_DOWN"/>
                </AssociationSet>
                <AssociationSet Name="ASSOC_WAVE_RCA_LOGSet" Association="ZOD_DAT_CVC_WAVE_SRV.ASSOC_WAVE_RCA_LOG" sap:creatable="false" sap:updatable="false" sap:deletable="false" sap:content-version="1">
                    <End EntitySet="WaveprofileSet" Role="FromRole_ASSOC_WAVE_RCA_LOG"/>
                    <End EntitySet="RCALogSet" Role="ToRole_ASSOC_WAVE_RCA_LOG"/>
                </AssociationSet>
                <AssociationSet Name="ASSOC_SETTING_SORCPLANTSet" Association="ZOD_DAT_CVC_WAVE_SRV.ASSOC_SETTING_SORCPLANT" sap:creatable="false" sap:updatable="false" sap:deletable="false" sap:content-version="1">
                    <End EntitySet="WaveSettingSet" Role="FromRole_ASSOC_SETTING_SORCPLANT"/>
                    <End EntitySet="CVCSet" Role="ToRole_ASSOC_SETTING_SORCPLANT"/>
                </AssociationSet>
                <AssociationSet Name="ASSOC_WAVE_CUM_BASESet" Association="ZOD_DAT_CVC_WAVE_SRV.ASSOC_WAVE_CUM_BASE" sap:creatable="false" sap:updatable="false" sap:deletable="false" sap:content-version="1">
                    <End EntitySet="WaveDataSet" Role="FromRole_ASSOC_WAVE_CUM_BASE"/>
                    <End EntitySet="WaveCumBaseSet" Role="ToRole_ASSOC_WAVE_CUM_BASE"/>
                </AssociationSet>
                <AssociationSet Name="ASSOC_WEEK_PROFSet" Association="ZOD_DAT_CVC_WAVE_SRV.ASSOC_WEEK_PROF" sap:creatable="false" sap:updatable="false" sap:deletable="false" sap:content-version="1">
                    <End EntitySet="ProfileListSet" Role="FromRole_ASSOC_WEEK_PROF"/>
                    <End EntitySet="WaveprofileSet" Role="ToRole_ASSOC_WEEK_PROF"/>
                </AssociationSet>
                <AssociationSet Name="ASSOC_SECPROF_CVCLISTSet" Association="ZOD_DAT_CVC_WAVE_SRV.ASSOC_SECPROF_CVCLIST" sap:creatable="false" sap:updatable="false" sap:deletable="false" sap:content-version="1">
                    <End EntitySet="SecprofileCVCSet" Role="FromRole_ASSOC_SECPROF_CVCLIST"/>
                    <End EntitySet="CVCSelectionSet" Role="ToRole_ASSOC_SECPROF_CVCLIST"/>
                </AssociationSet>
                <AssociationSet Name="ASSOC_WAVEUP_MAGSet" Association="ZOD_DAT_CVC_WAVE_SRV.ASSOC_WAVEUP_MAG" sap:creatable="false" sap:updatable="false" sap:deletable="false" sap:content-version="1">
                    <End EntitySet="WaveUploadSet" Role="FromRole_ASSOC_WAVEUP_MAG"/>
                    <End EntitySet="WaveUpMsgSet" Role="ToRole_ASSOC_WAVEUP_MAG"/>
                </AssociationSet>
                <AssociationSet Name="ASSOC_SECPROF_CVCSet" Association="ZOD_DAT_CVC_WAVE_SRV.ASSOC_SECPROF_CVC" sap:creatable="false" sap:updatable="false" sap:deletable="false" sap:content-version="1">
                    <End EntitySet="SecprofileCVCSet" Role="FromRole_ASSOC_SECPROF_CVC"/>
                    <End EntitySet="CVCSet" Role="ToRole_ASSOC_SECPROF_CVC"/>
                </AssociationSet>
                <AssociationSet Name="ASSOC_SETTING_AG_SELSet" Association="ZOD_DAT_CVC_WAVE_SRV.ASSOC_SETTING_AG_SEL" sap:creatable="false" sap:updatable="false" sap:deletable="false" sap:content-version="1">
                    <End EntitySet="WaveSettingSet" Role="FromRole_ASSOC_SETTING_AG_SEL"/>
                    <End EntitySet="AgGridSelectSet" Role="ToRole_ASSOC_SETTING_AG_SEL"/>
                </AssociationSet>
                <AssociationSet Name="ASSOC_SETTING_SALESSet" Association="ZOD_DAT_CVC_WAVE_SRV.ASSOC_SETTING_SALES" sap:creatable="false" sap:updatable="false" sap:deletable="false" sap:content-version="1">
                    <End EntitySet="WaveSettingSet" Role="FromRole_ASSOC_SETTING_SALES"/>
                    <End EntitySet="CVCSet" Role="ToRole_ASSOC_SETTING_SALES"/>
                </AssociationSet>
                <AssociationSet Name="assoc_setting_cvc_selSet" Association="ZOD_DAT_CVC_WAVE_SRV.assoc_setting_cvc_sel" sap:creatable="false" sap:updatable="false" sap:deletable="false" sap:content-version="1">
                    <End EntitySet="WaveSettingSet" Role="FromRole_assoc_setting_cvc_sel"/>
                    <End EntitySet="CVCSet" Role="ToRole_assoc_setting_cvc_sel"/>
                </AssociationSet>
                <AssociationSet Name="ASSOC_WAVE_GRID_SELSet" Association="ZOD_DAT_CVC_WAVE_SRV.ASSOC_WAVE_GRID_SEL" sap:creatable="false" sap:updatable="false" sap:deletable="false" sap:content-version="1">
                    <End EntitySet="WaveDataSet" Role="FromRole_ASSOC_WAVE_GRID_SEL"/>
                    <End EntitySet="AgGridSelectSet" Role="ToRole_ASSOC_WAVE_GRID_SEL"/>
                </AssociationSet>
                <AssociationSet Name="ASSOC_SETTING_CHANNELSet" Association="ZOD_DAT_CVC_WAVE_SRV.ASSOC_SETTING_CHANNEL" sap:creatable="false" sap:updatable="false" sap:deletable="false" sap:content-version="1">
                    <End EntitySet="WaveSettingSet" Role="FromRole_ASSOC_SETTING_CHANNEL"/>
                    <End EntitySet="CVCSet" Role="ToRole_ASSOC_SETTING_CHANNEL"/>
                </AssociationSet>
                <AssociationSet Name="ASSOC_WAVE_CUM_PERSet" Association="ZOD_DAT_CVC_WAVE_SRV.ASSOC_WAVE_CUM_PER" sap:creatable="false" sap:updatable="false" sap:deletable="false" sap:content-version="1">
                    <End EntitySet="WaveDataSet" Role="FromRole_ASSOC_WAVE_CUM_PER"/>
                    <End EntitySet="WaveCumSet" Role="ToRole_ASSOC_WAVE_CUM_PER"/>
                </AssociationSet>
                <AssociationSet Name="ASSOC_WAVE_CVCSet" Association="ZOD_DAT_CVC_WAVE_SRV.ASSOC_WAVE_CVC" sap:creatable="false" sap:updatable="false" sap:deletable="false" sap:content-version="1">
                    <End EntitySet="WaveDataSet" Role="FromRole_ASSOC_WAVE_CVC"/>
                    <End EntitySet="CVCSet" Role="ToRole_ASSOC_WAVE_CVC"/>
                </AssociationSet>
                <AssociationSet Name="ASSOC_SETTING_STRATSet" Association="ZOD_DAT_CVC_WAVE_SRV.ASSOC_SETTING_STRAT" sap:creatable="false" sap:updatable="false" sap:deletable="false" sap:content-version="1">
                    <End EntitySet="WaveSettingSet" Role="FromRole_ASSOC_SETTING_STRAT"/>
                    <End EntitySet="CVCSet" Role="ToRole_ASSOC_SETTING_STRAT"/>
                </AssociationSet>
                <AssociationSet Name="ASSOC_WAVED_MSGSet" Association="ZOD_DAT_CVC_WAVE_SRV.ASSOC_WAVED_MSG" sap:creatable="false" sap:updatable="false" sap:deletable="false" sap:content-version="1">
                    <End EntitySet="WaveDownloadSet" Role="FromRole_ASSOC_WAVED_MSG"/>
                    <End EntitySet="MsgDtlSet" Role="ToRole_ASSOC_WAVED_MSG"/>
                </AssociationSet>
                <AssociationSet Name="ASSOC_WAVE_PROD_QTYSet" Association="ZOD_DAT_CVC_WAVE_SRV.ASSOC_WAVE_PROD_QTY" sap:creatable="false" sap:updatable="false" sap:deletable="false" sap:content-version="1">
                    <End EntitySet="WaveDataSet" Role="FromRole_ASSOC_WAVE_PROD_QTY"/>
                    <End EntitySet="ProdSoldToQtySet" Role="ToRole_ASSOC_WAVE_PROD_QTY"/>
                </AssociationSet>
                <AssociationSet Name="ASSOC_WAVE_STRATSALESSet" Association="ZOD_DAT_CVC_WAVE_SRV.ASSOC_WAVE_STRATSALES" sap:creatable="false" sap:updatable="false" sap:deletable="false" sap:content-version="1">
                    <End EntitySet="WaveDataSet" Role="FromRole_ASSOC_WAVE_STRATSALES"/>
                    <End EntitySet="StratSalesOrgSet" Role="ToRole_ASSOC_WAVE_STRATSALES"/>
                </AssociationSet>
                <AssociationSet Name="ASSOC_SETTING_SOLDSet" Association="ZOD_DAT_CVC_WAVE_SRV.ASSOC_SETTING_SOLD" sap:creatable="false" sap:updatable="false" sap:deletable="false" sap:content-version="1">
                    <End EntitySet="WaveSettingSet" Role="FromRole_ASSOC_SETTING_SOLD"/>
                    <End EntitySet="CVCSet" Role="ToRole_ASSOC_SETTING_SOLD"/>
                </AssociationSet>
                <AssociationSet Name="ASSOC_WPROF_WavesSet" Association="ZOD_DAT_CVC_WAVE_SRV.ASSOC_WPROF_Waves" sap:creatable="false" sap:updatable="false" sap:deletable="false" sap:content-version="1">
                    <End EntitySet="WaveprofileSet" Role="FromRole_ASSOC_WPROF_Waves"/>
                    <End EntitySet="ProfileWavesSet" Role="ToRole_ASSOC_WPROF_Waves"/>
                </AssociationSet>
                <AssociationSet Name="ASSOC_WAVE_DAYSSet" Association="ZOD_DAT_CVC_WAVE_SRV.ASSOC_WAVE_DAYS" sap:creatable="false" sap:updatable="false" sap:deletable="false" sap:content-version="1">
                    <End EntitySet="WaveDataSet" Role="FromRole_ASSOC_WAVE_DAYS"/>
                    <End EntitySet="WeekDaysSet" Role="ToRole_ASSOC_WAVE_DAYS"/>
                </AssociationSet>
                <AssociationSet Name="ASSOC_WAVE_SOURCEPLANTSet" Association="ZOD_DAT_CVC_WAVE_SRV.ASSOC_WAVE_SOURCEPLANT" sap:creatable="false" sap:updatable="false" sap:deletable="false" sap:content-version="1">
                    <End EntitySet="WaveDataSet" Role="FromRole_ASSOC_WAVE_SOURCEPLANT"/>
                    <End EntitySet="SourcPlantSet" Role="ToRole_ASSOC_WAVE_SOURCEPLANT"/>
                </AssociationSet>
                <AssociationSet Name="ASSOC_WAVE_STRATSOLDSet" Association="ZOD_DAT_CVC_WAVE_SRV.ASSOC_WAVE_STRATSOLD" sap:creatable="false" sap:updatable="false" sap:deletable="false" sap:content-version="1">
                    <End EntitySet="WaveDataSet" Role="FromRole_ASSOC_WAVE_STRATSOLD"/>
                    <End EntitySet="StratSoldToSet" Role="ToRole_ASSOC_WAVE_STRATSOLD"/>
                </AssociationSet>
            </EntityContainer>
            <atom:link rel="self" href="http://epweb-dev.corp.apple.com/sap/opu/odata/sap/ZOD_DAT_CVC_WAVE_SRV/$metadata"
                xmlns:atom="http://www.w3.org/2005/Atom"/>
            <atom:link rel="latest-version" href="http://epweb-dev.corp.apple.com/sap/opu/odata/sap/ZOD_DAT_CVC_WAVE_SRV/$metadata"
                xmlns:atom="http://www.w3.org/2005/Atom"/>
        </Schema>
    </edmx:DataServices>
</edmx:Edmx>