<core:FragmentDefinition xmlns:l="sap.ui.layout.form"
    xmlns="sap.m"
    xmlns:core="sap.ui.core"
    xmlns:u="sap.ui.unified">
    <Dialog id="idUploadDialog" title="{i18n>fileUpload}" class="sapUiSizeCompact">
        <l:SimpleForm>
            <l:content>
                <u:FileUploader id="idFileUploader" placeholder="{i18n>selectFile}" sameFilenameAllowed="true" fileType="xlsx,XLSX" change="onUploadChange" class="zclearButton"/>
            </l:content>
        </l:SimpleForm>
        <buttons>
            <Button id="closeUpload" text="{i18n>close}" press="fnCloseUploadDialog" class="zclearButton"/>
            <Button id="Upload" text="{i18n>upload}" type="Emphasized" press="onFileUpload" class="zuploadButton"/>
        </buttons>
    </Dialog>
</core:FragmentDefinition>