<core:FragmentDefinition xmlns="sap.m" xmlns:core="sap.ui.core">
	<Popover modal="true" showHeader="false" contentWidth="20rem" class="sapUiContentPadding barShadowCls" placement="Left"
		contentMinWidth="20rem" contentHeight="auto" busy="{appModel>/busy}" busyIndicatorDelay="0">
		<Bar class="callAhead">
			<contentLeft>
				<Title text="{i18n>errorPopOverDlgTtl}"/>
			</contentLeft>
			<contentRight>
				<core:Icon src="sap-icon://decline" color="black" width="1rem" press="onErrorPopoverClose"/>
			</contentRight>
		</Bar>
		<content>
			<ScrollContainer vertical="true" width="100%" height="auto">
				<TextArea id="errorDetails" growing="true" growingMaxLines="7" width="100%" value="{oReqDetailsModel>/sDetailedError}" height="auto"
					editable="false"/>
			</ScrollContainer>
		</content>
	</Popover>
</core:FragmentDefinition>