<core:FragmentDefinition xmlns="sap.m" xmlns:l="sap.ui.layout" xmlns:f="sap.ui.layout.form" xmlns:core="sap.ui.core">
	<Dialog contentWidth="auto" contentHeight="auto" title="" showHeader="false" class="barHgtCls zReqTtlCls" busy="{appModel>/busy}"
		busyIndicatorDelay="0">
		<Bar class="sapUiSmallMarginTop barHgtCls">
			<contentLeft>
				<Title text="{i18n>printerDlgTtl}" class="sapUiSmallMarginBegin"/>
			</contentLeft>
			<contentRight>
				<core:Icon src="sap-icon://decline" color="black" width="1rem" press="onUserPrefCancel" class="sapUiSmallMarginEnd"/>
			</contentRight>
		</Bar>
		<endButton>
			<Button text="{i18n>printerOkBtnTxt}" press="onPrinterDetsOkPress"
				class="sapUiTinyMarginEnd sapUiTinyMarginTopBottom zsearchButton zSapPrimBtn"></Button>
		</endButton>
		<VBox class="sapUiSmallMargin">
			<f:SimpleForm id="sForm" editable="true" layout="ResponsiveGridLayout" labelSpanXL="4" labelSpanL="3" labelSpanM="4" labelSpanS="12"
				adjustLabelSpan="false" emptySpanXL="0" emptySpanL="4" emptySpanM="0" emptySpanS="0" columnsXL="2" columnsL="1" columnsM="1"
				singleContainerFullSize="false">
				<f:content>
					<Label text="{i18n>userLbl}"/>
					<Text text="{oGlobalModel>/sUser}"/>
					<Label text="{i18n>printerLbl}" required="true"/>
					<Input value="{oGlobalModel>/sPrinter}"/>
					<Label text="{i18n>tmsLocaleLbl}" required="true"/>
					<Input value="{oGlobalModel>/sTMSLocale}"/>
				</f:content>
			</f:SimpleForm>
		</VBox>
	</Dialog>
</core:FragmentDefinition>