<core:FragmentDefinition xmlns="sap.m" xmlns:core="sap.ui.core" xmlns:ui="sap.ui.table" xmlns:l="sap.ui.layout">
	<Dialog contentWidth="auto" contentHeight="auto" title="" showHeader="false" class="barHgtCls zReqTtlCls" busy="{appModel>/busy}" busyIndicatorDelay="0">
		<Bar class="sapUiSmallMarginTop barHgtCls">
			<contentLeft>
				<Title text="{i18n>shipmentDetsDlgTtl} - {oGlobalModel>/sShipmentNum}" class="sapUiSmallMarginBegin"/>
			</contentLeft>
			<contentRight>
				<core:Icon src="sap-icon://decline" color="black" width="1rem" press="onCancel" class="sapUiSmallMarginEnd"/>
			</contentRight>
		</Bar>
		<endButton>
			<Button text="{i18n>linkBtnTxt}" press="onShipmentLinkPress" class="sapUiTinyMarginEnd sapUiTinyMarginTopBottom zsearchButton zSapPrimBtn"></Button>
		</endButton>
		<l:HorizontalLayout class="sapUiMediumMarginBottom sapUiSmallMarginTop">
			<l:content>
				
				<l:VerticalLayout class="sapUiMediumMarginBegin">
					<l:content>
						<FlexBox >
							<items>
								<Label text="{i18n>palletCntLbl}" class="sapUiTinyMarginEnd"></Label>
							</items>
						</FlexBox>
						<FlexBox >
							<items>
								<Text text="{oShipmentHdrModel>/PalletQty}" class="sapUiMediumMarginEnd sapUiTinyMarginTop"></Text>
							</items>
						</FlexBox>
					</l:content>
				</l:VerticalLayout>
				<l:VerticalLayout class="sapUiMediumMarginBegin">
					<l:content>
						<FlexBox >
							<items>
								<Label text="{i18n>soldToPartyLbl}" class="sapUiTinyMarginEnd"></Label>
							</items>
						</FlexBox>
						<FlexBox >
							<items>
								<Text text="{oShipmentHdrModel>/SoldToParty}" class="sapUiMediumMarginEnd sapUiTinyMarginTop"></Text>
							</items>
						</FlexBox>
					</l:content>
				</l:VerticalLayout>
				<l:VerticalLayout class="sapUiMediumMarginBegin">
					<l:content>
						<FlexBox >
							<items>
								<Label text="{i18n>shipToPartyLbl}" class="sapUiTinyMarginEnd"></Label>
							</items>
						</FlexBox>
						<FlexBox >
							<items>
								<Text text="{oShipmentHdrModel>/ShipToParty}" class="sapUiMediumMarginEnd sapUiTinyMarginTop"></Text>
							</items>
						</FlexBox>
					</l:content>
				</l:VerticalLayout>
				<l:VerticalLayout class="sapUiMediumMarginBegin zPortInpCls">
					<l:content>
						<FlexBox>
							<items>
								<Label text="{i18n>portLbl}" class="sapUiTinyMarginEnd"></Label>
							</items>
						</FlexBox>
						<FlexBox >
							<items>
								<Input value="{oShipmentHdrModel>/Port}" class="sapUiMediumMarginEnd sapUiTinyMarginTop" width="5rem" maxLength="6"></Input>
							</items>
						</FlexBox>
					</l:content>
				</l:VerticalLayout>
			</l:content>
		</l:HorizontalLayout>
		<Panel>
			<ui:Table id="shipmentDetailsTable" selectionMode="None" rows="{oShipmentItemModel>/}" visibleRowCount="6" ariaLabelledBy="title">
				<ui:columns>
					<ui:Column filterProperty="PackID" sortProperty="PackID" width="100%">
						<Label text="{i18n>packIdLbl}"/>
						<ui:template>
							<Text text="{oShipmentItemModel>PackedID}" wrapping="false"/>
						</ui:template>
					</ui:Column>
					<ui:Column filterProperty="Count" sortProperty="Count" width="100%">
						<Label text="{i18n>countLbl}"/>
						<ui:template>
							<Text text="{oShipmentItemModel>Count}" wrapping="false"/>
						</ui:template>
					</ui:Column>
					<ui:Column filterProperty="PalletID" sortProperty="PalletID" width="100%">
						<Label text="{i18n>palletIdLbl}"/>
						<ui:template>
							<Text text="{oShipmentItemModel>PalletID}" wrapping="false"/>
						</ui:template>
					</ui:Column>
					<ui:Column filterProperty="BoxID" sortProperty="BoxID" width="100%">
						<Label text="{i18n>boxIdLbl}"/>
						<ui:template>
							<Text text="{oShipmentItemModel>BoxID}" wrapping="false"/>
						</ui:template>
					</ui:Column>
					<ui:Column filterProperty="DeliveryNumber" sortProperty="DeliveryNumber" width="100%">
						<Label text="{i18n>delNumLbl}"/>
						<ui:template>
							<Text text="{oShipmentItemModel>DeliveryNumber}" wrapping="false"/>
						</ui:template>
					</ui:Column>
				</ui:columns>
			</ui:Table>
		</Panel>
	</Dialog>
</core:FragmentDefinition>