<core:FragmentDefinition xmlns="sap.m" xmlns:core="sap.ui.core" xmlns:ui="sap.ui.table" xmlns:layout="sap.ui.layout">
	<Dialog contentWidth="auto" contentHeight="auto" title="" showHeader="false" class="barHgtCls zReqTtlCls" busy="{appModel>/busy}" busyIndicatorDelay="0">
		<Bar class="sapUiSmallMarginTop barHgtCls">
			<contentLeft>
				<Title text="{i18n>SOReqNumDlgTtl} - {oReqDetailsModel>/sSelReqNum}" class="sapUiSmallMarginBegin sapUiTinyMarginBegin"/>
			</contentLeft>
			<contentRight>
				<core:Icon src="sap-icon://decline" color="black" width="1rem" press="onReqDetsDialogClose" class="sapUiSmallMarginEnd"/>
			</contentRight>
		</Bar>
		<beginButton>
			<Button text="{i18n>cancelReqBtnTxt}" press="onReqCancel" class="sapUiTinyMarginEnd sapUiTinyMarginTopBottom zclearButton zSapSecBtn"></Button>
		</beginButton>
		<endButton>
			<Button text="{i18n>resubReqBtnTxt}" press="onReqResubmit" class="sapUiTinyMarginEnd sapUiTinyMarginTopBottom zsearchButton zSapPrimBtn"></Button>
		</endButton>
		<VBox class="sapUiSmallMargin">
			<Panel width="auto" expandable="false" height="40px" class="hdrTBCls zErrTtlCls">
				<headerToolbar>
					<OverflowToolbar>
						<HBox alignItems="Center">
							<Text text="{i18n>errorTxt}" class="sapUiTinyMarginEnd"></Text>
						</HBox>
						<ToolbarSpacer/>
						<Button icon="sap-icon://download" press="onExportToExcelPress" class="sapUiTinyMarginEnd zIconBtn"></Button>
					</OverflowToolbar>
				</headerToolbar>
			</Panel>
			<Panel class="pnlBottom">
				<ui:Table id="reqDetailsTable" selectionMode="None" rows="{oReqDetailsModel>/aReqDetails}" visibleRowCount="7" filter="filterPrice"
					ariaLabelledBy="title" class="zUITabLblCls zUiTblTxtCls">
					<ui:columns>
						<ui:Column filterProperty="PalletID" sortProperty="PalletID">
							<Label text="{i18n>palletIdLbl}"/>
							<ui:template>
								<Text text="{oReqDetailsModel>PalletID}" wrapping="false"/>
							</ui:template>
						</ui:Column>
						<ui:Column filterProperty="BoxID" sortProperty="BoxID">
							<Label text="{i18n>boxIdLbl}"/>
							<ui:template>
								<Text text="{oReqDetailsModel>BoxID}" wrapping="false"/>
							</ui:template>
						</ui:Column>
						<ui:Column filterProperty="BoxSeqNum" sortProperty="BoxSeqNum">
							<Label text="{i18n>boxSeqNumLbl}"/>
							<ui:template>
								<Text text="{oReqDetailsModel>BoxSeqNum}" wrapping="false"/>
							</ui:template>
						</ui:Column>
						<ui:Column filterProperty="RMANumber" sortProperty="RMANumber">
							<Label text="{i18n>rmaNumLbl}"/>
							<ui:template>
								<Text text="{oReqDetailsModel>RMANumber}" wrapping="false"/>
							</ui:template>
						</ui:Column>
						<ui:Column filterProperty="SerialNumber" sortProperty="SerialNumber">
							<Label text="{i18n>snLbl}"/>
							<ui:template>
								<Text text="{oReqDetailsModel>SerialNumber}" wrapping="false"/>
							</ui:template>
						</ui:Column>
						<ui:Column filterProperty="Message" hAlign="Left" sortProperty="Message">
							<Label text="{i18n>bapiErrorMsgLbl}"/>
							<ui:template>
								<layout:HorizontalLayout>
									<layout:content>
										<Text text="{path:'oReqDetailsModel>Message', formatter: '.errorMessage'}" wrapping="false"/>
										<Link text="{i18n>moreLinkTxt}" press="onErrorDetailsPress" visible="{=${oReqDetailsModel>Message}.length > 25}"></Link>
									</layout:content>
								</layout:HorizontalLayout>
							</ui:template>
						</ui:Column>
					</ui:columns>
				</ui:Table>
			</Panel>
		</VBox>
	</Dialog>
</core:FragmentDefinition>