<?xml version="1.0" encoding="utf-8"?>
<edmx:Edmx Version="1.0" xmlns:edmx="http://schemas.microsoft.com/ado/2007/06/edmx"
	xmlns:m="http://schemas.microsoft.com/ado/2007/08/dataservices/metadata" xmlns:sap="http://www.sap.com/Protocols/SAPData">
	<edmx:DataServices m:DataServiceVersion="2.0">
		<Schema Namespace="ZOD_LAZARUS_CUSTOMER_SHIPMENTS_SRV" xml:lang="en" sap:schema-version="1"
			xmlns="http://schemas.microsoft.com/ado/2008/09/edm">
			<EntityType Name="FileDownload" m:HasStream="true" sap:content-version="1">
				<Key><PropertyRef Name="OutputType"/><PropertyRef Name="Proforma"/></Key><Property Name="OutputType" Type="Edm.String" Nullable="false" sap:unicode="false" sap:label="Output Type" sap:creatable="false"
					sap:updatable="false" sap:sortable="false" sap:filterable="false"/><Property Name="Proforma" Type="Edm.String" Nullable="false" sap:unicode="false" sap:label="Proforma" sap:creatable="false"
					sap:updatable="false" sap:sortable="false" sap:filterable="false"/></EntityType>
			<EntityType Name="RequestCarrierMessage" sap:content-version="1">
				<Key><PropertyRef Name="MsgType"/></Key><Property Name="MsgType" Type="Edm.String" Nullable="false" sap:unicode="false" sap:label="Message type" sap:creatable="false"
					sap:updatable="false" sap:sortable="false" sap:filterable="false"/><Property Name="MsgText" Type="Edm.String" Nullable="false" sap:unicode="false" sap:label="Message text" sap:creatable="false"
					sap:updatable="false" sap:sortable="false" sap:filterable="false"/></EntityType>
			<EntityType Name="CancelMessage" sap:content-version="1">
				<Key><PropertyRef Name="MsgType"/></Key><Property Name="MsgType" Type="Edm.String" Nullable="false" sap:unicode="false" sap:label="Message type" sap:creatable="false"
					sap:updatable="false" sap:sortable="false" sap:filterable="false"/><Property Name="MsgText" Type="Edm.String" Nullable="false" sap:unicode="false" sap:label="Message text" sap:creatable="false"
					sap:updatable="false" sap:sortable="false" sap:filterable="false"/></EntityType>
			<EntityType Name="FreightHeader" sap:content-version="1">
				<Key><PropertyRef Name="ReferenceNumber"/></Key><Property Name="ReferenceNumber" Type="Edm.String" Nullable="false" sap:unicode="false" sap:label="Reference Number" sap:creatable="false"
					sap:updatable="false" sap:sortable="false" sap:filterable="false"/><Property Name="FreightOrder" Type="Edm.String" Nullable="false" sap:unicode="false" sap:label="Freight Order" sap:creatable="false"
					sap:updatable="false" sap:sortable="false" sap:filterable="false"/><Property Name="Carrier" Type="Edm.String" Nullable="false" sap:unicode="false" sap:label="Carrier" sap:creatable="false"
					sap:updatable="false" sap:sortable="false" sap:filterable="false"/><Property Name="ShipTo" Type="Edm.String" Nullable="false" sap:unicode="false" sap:label="Ship To" sap:creatable="false"
					sap:updatable="false" sap:sortable="false" sap:filterable="false"/><Property Name="CarrierTracking" Type="Edm.String" Nullable="false" sap:unicode="false" sap:label="Carrier Tracking" sap:creatable="false"
					sap:updatable="false" sap:sortable="false" sap:filterable="false"/><Property Name="CarrierHandoverDate" Type="Edm.String" Nullable="false" sap:unicode="false" sap:label="Carrier Handover Date"
					sap:creatable="false" sap:updatable="false" sap:sortable="false" sap:filterable="false"/><Property Name="TotalGrossWeight" Type="Edm.String" Nullable="false" sap:unicode="false" sap:label="Total Gross Weight"
					sap:creatable="false" sap:updatable="false" sap:sortable="false" sap:filterable="false"/><Property Name="TotalPackages" Type="Edm.String" Nullable="false" sap:unicode="false" sap:label="Total Packages" sap:creatable="false"
					sap:updatable="false" sap:sortable="false" sap:filterable="false"/><Property Name="ServiceLevel" Type="Edm.String" Nullable="false" sap:unicode="false" sap:label="Service Level" sap:creatable="false"
					sap:updatable="false" sap:sortable="false" sap:filterable="false"/><Property Name="WeightUnitOfMeasure" Type="Edm.String" Nullable="false" sap:unicode="false" sap:label="Weight Unit of Measure"
					sap:creatable="false" sap:updatable="false" sap:sortable="false" sap:filterable="false"/><Property Name="ShipmentType" Type="Edm.String" Nullable="false" sap:unicode="false" sap:label="Shipment Type" sap:creatable="false"
					sap:updatable="false" sap:sortable="false" sap:filterable="false"/><Property Name="ServiceLevelIndicator" Type="Edm.String" Nullable="false" sap:unicode="false" sap:label="Service Level Indicator"
					sap:creatable="false" sap:updatable="false" sap:sortable="false" sap:filterable="false"/><Property Name="TotalGrossVolume" Type="Edm.String" Nullable="false" sap:unicode="false" sap:label="Total Gross Volume"
					sap:creatable="false" sap:updatable="false" sap:sortable="false" sap:filterable="false"/><Property Name="ModeOfTransport" Type="Edm.String" Nullable="false" sap:unicode="false" sap:label="Mode of Transport" sap:creatable="false"
					sap:updatable="false" sap:sortable="false" sap:filterable="false"/><Property Name="ParcelAccountNo" Type="Edm.String" Nullable="false" sap:unicode="false" sap:label="Parcel Account No" sap:creatable="false"
					sap:updatable="false" sap:sortable="false" sap:filterable="false"/><Property Name="VolumeUnitOfMeasure" Type="Edm.String" Nullable="false" sap:unicode="false" sap:label="Volume Unit of Measure"
					sap:creatable="false" sap:updatable="false" sap:sortable="false" sap:filterable="false"/><Property Name="PortOfEntry" Type="Edm.String" Nullable="false" sap:unicode="false" sap:label="Port of Entry" sap:creatable="false"
					sap:updatable="false" sap:sortable="false" sap:filterable="false"/><Property Name="CountryOfClearence" Type="Edm.String" Nullable="false" sap:unicode="false" sap:label="Country of Clearence"
					sap:creatable="false" sap:updatable="false" sap:sortable="false" sap:filterable="false"/><Property Name="ShippingCondition" Type="Edm.String" Nullable="false" sap:unicode="false" sap:label="Shipping Condition"
					sap:creatable="false" sap:updatable="false" sap:sortable="false" sap:filterable="false"/><Property Name="PortOfOrigin" Type="Edm.String" Nullable="false" sap:unicode="false" sap:label="Port of Origin" sap:creatable="false"
					sap:updatable="false" sap:sortable="false" sap:filterable="false"/><Property Name="BatteryStatus" Type="Edm.String" Nullable="false" sap:unicode="false" sap:label="Battery Status" sap:creatable="false"
					sap:updatable="false" sap:sortable="false" sap:filterable="false"/><NavigationProperty Name="ToFreightItem" Relationship="ZOD_LAZARUS_CUSTOMER_SHIPMENTS_SRV.AssociationFreightHeaderToFreightItem"
					FromRole="FromRole_AssociationFreightHeaderToFreightItem" ToRole="ToRole_AssociationFreightHeaderToFreightItem"/></EntityType>
			<EntityType Name="FreightItem" sap:content-version="1">
				<Key><PropertyRef Name="ReferenceNumber"/></Key><Property Name="ReferenceNumber" Type="Edm.String" Nullable="false" sap:unicode="false" sap:label="Reference Number" sap:creatable="false"
					sap:updatable="false" sap:sortable="false" sap:filterable="false"/><Property Name="Carrier" Type="Edm.String" Nullable="false" sap:unicode="false" sap:label="Carrier" sap:creatable="false"
					sap:updatable="false" sap:sortable="false" sap:filterable="false"/><Property Name="DispatchId" Type="Edm.String" Nullable="false" sap:unicode="false" sap:label="Dispatch ID" sap:creatable="false"
					sap:updatable="false" sap:sortable="false" sap:filterable="false"/><Property Name="Status" Type="Edm.String" Nullable="false" sap:unicode="false" sap:label="Status" sap:creatable="false"
					sap:updatable="false" sap:sortable="false" sap:filterable="false"/><Property Name="StatusDescription" Type="Edm.String" Nullable="false" sap:unicode="false" sap:label="StatusDescription"
					sap:creatable="false" sap:updatable="false" sap:sortable="false" sap:filterable="false"/><Property Name="ShipToPartner" Type="Edm.String" Nullable="false" sap:unicode="false" sap:label="Ship To Partner" sap:creatable="false"
					sap:updatable="false" sap:sortable="false" sap:filterable="false"/><Property Name="ServiceNotifiation" Type="Edm.String" Nullable="false" sap:unicode="false" sap:label="Service Notifiation"
					sap:creatable="false" sap:updatable="false" sap:sortable="false" sap:filterable="false"/><Property Name="PartNo" Type="Edm.String" Nullable="false" sap:unicode="false" sap:label="Part Number" sap:creatable="false"
					sap:updatable="false" sap:sortable="false" sap:filterable="false"/><Property Name="PartDescription" Type="Edm.String" Nullable="false" sap:unicode="false" sap:label="Part Description" sap:creatable="false"
					sap:updatable="false" sap:sortable="false" sap:filterable="false"/><Property Name="NotificationType" Type="Edm.String" Nullable="false" sap:unicode="false" sap:label="Notification Type" sap:creatable="false"
					sap:updatable="false" sap:sortable="false" sap:filterable="false"/><Property Name="Priority" Type="Edm.String" Nullable="false" sap:unicode="false" sap:label="Priority" sap:creatable="false"
					sap:updatable="false" sap:sortable="false" sap:filterable="false"/><Property Name="SerialNumber" Type="Edm.String" Nullable="false" sap:unicode="false" sap:label="Serial Number" sap:creatable="false"
					sap:updatable="false" sap:sortable="false" sap:filterable="false"/><Property Name="Shipper" Type="Edm.String" Nullable="false" sap:unicode="false" sap:label="Shipper" sap:creatable="false"
					sap:updatable="false" sap:sortable="false" sap:filterable="false"/><Property Name="PurchaseOrder" Type="Edm.String" Nullable="false" sap:unicode="false" sap:label="Purchase Order" sap:creatable="false"
					sap:updatable="false" sap:sortable="false" sap:filterable="false"/><Property Name="Quantity" Type="Edm.String" Nullable="false" sap:unicode="false" sap:label="Quantity" sap:creatable="false"
					sap:updatable="false" sap:sortable="false" sap:filterable="false"/><Property Name="RorModel" Type="Edm.String" Nullable="false" sap:unicode="false" sap:label="ROR Model" sap:creatable="false"
					sap:updatable="false" sap:sortable="false" sap:filterable="false"/><Property Name="ProductHierarchy" Type="Edm.String" Nullable="false" sap:unicode="false" sap:label="Product Hierarchy" sap:creatable="false"
					sap:updatable="false" sap:sortable="false" sap:filterable="false"/><Property Name="WarrantyCoverage" Type="Edm.String" Nullable="false" sap:unicode="false" sap:label="Warranty Coverage" sap:creatable="false"
					sap:updatable="false" sap:sortable="false" sap:filterable="false"/><Property Name="Drc" Type="Edm.String" Nullable="false" sap:unicode="false" sap:label="DRC" sap:creatable="false" sap:updatable="false"
					sap:sortable="false" sap:filterable="false"/><Property Name="CreatedBy" Type="Edm.String" Nullable="false" sap:unicode="false" sap:label="Created By" sap:creatable="false"
					sap:updatable="false" sap:sortable="false" sap:filterable="false"/><Property Name="CreatedOn" Type="Edm.String" Nullable="false" sap:unicode="false" sap:label="Created On" sap:creatable="false"
					sap:updatable="false" sap:sortable="false" sap:filterable="false"/><Property Name="CreatedTime" Type="Edm.String" Nullable="false" sap:unicode="false" sap:label="Created Time" sap:creatable="false"
					sap:updatable="false" sap:sortable="false" sap:filterable="false"/><Property Name="ChangedBy" Type="Edm.String" Nullable="false" sap:unicode="false" sap:label="Changed By" sap:creatable="false"
					sap:updatable="false" sap:sortable="false" sap:filterable="false"/><Property Name="ChangedOn" Type="Edm.String" Nullable="false" sap:unicode="false" sap:label="Changed On" sap:creatable="false"
					sap:updatable="false" sap:sortable="false" sap:filterable="false"/><Property Name="ChangedTime" Type="Edm.String" Nullable="false" sap:unicode="false" sap:label="Changed Time" sap:creatable="false"
					sap:updatable="false" sap:sortable="false" sap:filterable="false"/><Property Name="HazardousMaterialNumber" Type="Edm.String" Nullable="false" sap:unicode="false" sap:label="Hazardous Material Number"
					sap:creatable="false" sap:updatable="false" sap:sortable="false" sap:filterable="false"/><Property Name="BatteryNetWeight" Type="Edm.String" Nullable="false" sap:unicode="false" sap:label="Battery Net Weight"
					sap:creatable="false" sap:updatable="false" sap:sortable="false" sap:filterable="false"/><Property Name="BatteryStatus" Type="Edm.String" Nullable="false" sap:unicode="false" sap:label="Battery Status" sap:creatable="false"
					sap:updatable="false" sap:sortable="false" sap:filterable="false"/></EntityType>
			<EntityType Name="DownloadTemplate" m:HasStream="true" sap:content-version="1">
				<Key><PropertyRef Name="FileGUID"/></Key><Property Name="FileGUID" Type="Edm.String" Nullable="false" sap:unicode="false" sap:label="File GUID" sap:creatable="false"
					sap:updatable="false" sap:sortable="false" sap:filterable="false"/></EntityType>
			<EntityType Name="FileUpload" m:HasStream="true" sap:content-version="1">
				<Key><PropertyRef Name="MsgType"/></Key><Property Name="MsgType" Type="Edm.String" Nullable="false" sap:unicode="false" sap:label="Message type" sap:creatable="false"
					sap:updatable="false" sap:sortable="false" sap:filterable="false"/><Property Name="MsgText" Type="Edm.String" Nullable="false" sap:unicode="false" sap:label="Message text" sap:creatable="false"
					sap:updatable="false" sap:sortable="false" sap:filterable="false"/></EntityType>
			<EntityType Name="FreightPacHeader" sap:content-version="1">
				<Key><PropertyRef Name="ShipTo"/></Key><Property Name="ReferenceNumber" Type="Edm.String" Nullable="false" sap:unicode="false" sap:label="Reference Number" sap:creatable="false"
					sap:updatable="false" sap:sortable="false" sap:filterable="false"/><Property Name="FreightOrder" Type="Edm.String" Nullable="false" sap:unicode="false" sap:label="Freight Order" sap:creatable="false"
					sap:updatable="false" sap:sortable="false" sap:filterable="false"/><Property Name="Carrier" Type="Edm.String" Nullable="false" sap:unicode="false" sap:label="Carrier" sap:creatable="false"
					sap:updatable="false" sap:sortable="false" sap:filterable="false"/><Property Name="ShipTo" Type="Edm.String" Nullable="false" sap:unicode="false" sap:label="Ship To" sap:creatable="false"
					sap:updatable="false" sap:sortable="false" sap:filterable="false"/><Property Name="CarrierTracking" Type="Edm.String" Nullable="false" sap:unicode="false" sap:label="Carrier Tracking" sap:creatable="false"
					sap:updatable="false" sap:sortable="false" sap:filterable="false"/><Property Name="CarrierHandoverDate" Type="Edm.String" Nullable="false" sap:unicode="false" sap:label="Carrier Handover Date"
					sap:creatable="false" sap:updatable="false" sap:sortable="false" sap:filterable="false"/><Property Name="TotalGrossWeight" Type="Edm.String" Nullable="false" sap:unicode="false" sap:label="Total Gross Weight"
					sap:creatable="false" sap:updatable="false" sap:sortable="false" sap:filterable="false"/><Property Name="TotalPackages" Type="Edm.String" Nullable="false" sap:unicode="false" sap:label="Total Packages" sap:creatable="false"
					sap:updatable="false" sap:sortable="false" sap:filterable="false"/><Property Name="ServiceLevel" Type="Edm.String" Nullable="false" sap:unicode="false" sap:label="Service Level" sap:creatable="false"
					sap:updatable="false" sap:sortable="false" sap:filterable="false"/><Property Name="WeightUnitOfMeasure" Type="Edm.String" Nullable="false" sap:unicode="false" sap:label="Weight Unit of Measure"
					sap:creatable="false" sap:updatable="false" sap:sortable="false" sap:filterable="false"/><Property Name="ShipmentType" Type="Edm.String" Nullable="false" sap:unicode="false" sap:label="Shipment Type" sap:creatable="false"
					sap:updatable="false" sap:sortable="false" sap:filterable="false"/><Property Name="ServiceLevelIndicator" Type="Edm.String" Nullable="false" sap:unicode="false" sap:label="Service Level Indicator"
					sap:creatable="false" sap:updatable="false" sap:sortable="false" sap:filterable="false"/><Property Name="TotalGrossVolume" Type="Edm.String" Nullable="false" sap:unicode="false" sap:label="Total Gross Volume"
					sap:creatable="false" sap:updatable="false" sap:sortable="false" sap:filterable="false"/><Property Name="ModeOfTransport" Type="Edm.String" Nullable="false" sap:unicode="false" sap:label="Mode of Transport" sap:creatable="false"
					sap:updatable="false" sap:sortable="false" sap:filterable="false"/><Property Name="ParcelAccountNo" Type="Edm.String" Nullable="false" sap:unicode="false" sap:label="Parcel Account No" sap:creatable="false"
					sap:updatable="false" sap:sortable="false" sap:filterable="false"/><Property Name="VolumeUnitOfMeasure" Type="Edm.String" Nullable="false" sap:unicode="false" sap:label="Volume Unit of Measure"
					sap:creatable="false" sap:updatable="false" sap:sortable="false" sap:filterable="false"/><Property Name="PortOfEntry" Type="Edm.String" Nullable="false" sap:unicode="false" sap:label="Port of Entry" sap:creatable="false"
					sap:updatable="false" sap:sortable="false" sap:filterable="false"/><Property Name="CountryOfClearence" Type="Edm.String" Nullable="false" sap:unicode="false" sap:label="Country of Clearence"
					sap:creatable="false" sap:updatable="false" sap:sortable="false" sap:filterable="false"/><Property Name="ShippingCondition" Type="Edm.String" Nullable="false" sap:unicode="false" sap:label="Shipping Condition"
					sap:creatable="false" sap:updatable="false" sap:sortable="false" sap:filterable="false"/><Property Name="PortOfOrigin" Type="Edm.String" Nullable="false" sap:unicode="false" sap:label="Port of Origin" sap:creatable="false"
					sap:updatable="false" sap:sortable="false" sap:filterable="false"/><Property Name="BatteryStatus" Type="Edm.String" Nullable="false" sap:unicode="false" sap:label="Battery Status" sap:creatable="false"
					sap:updatable="false" sap:sortable="false" sap:filterable="false"/></EntityType>
			<EntityType Name="FreightPacItem" sap:content-version="1">
				<Key><PropertyRef Name="ShipToPartner"/></Key><Property Name="ReferenceNumber" Type="Edm.String" Nullable="false" sap:unicode="false" sap:label="Reference Number" sap:creatable="false"
					sap:updatable="false" sap:sortable="false" sap:filterable="false"/><Property Name="Carrier" Type="Edm.String" Nullable="false" sap:unicode="false" sap:label="Carrier" sap:creatable="false"
					sap:updatable="false" sap:sortable="false" sap:filterable="false"/><Property Name="DispatchId" Type="Edm.String" Nullable="false" sap:unicode="false" sap:label="Dispatch ID" sap:creatable="false"
					sap:updatable="false" sap:sortable="false" sap:filterable="false"/><Property Name="Status" Type="Edm.String" Nullable="false" sap:unicode="false" sap:label="Status" sap:creatable="false"
					sap:updatable="false" sap:sortable="false" sap:filterable="false"/><Property Name="StatusDescription" Type="Edm.String" Nullable="false" sap:unicode="false" sap:label="StatusDescription"
					sap:creatable="false" sap:updatable="false" sap:sortable="false" sap:filterable="false"/><Property Name="ShipToPartner" Type="Edm.String" Nullable="false" sap:unicode="false" sap:label="Ship To Partner" sap:creatable="false"
					sap:updatable="false" sap:sortable="false" sap:filterable="false"/><Property Name="ServiceNotifiation" Type="Edm.String" Nullable="false" sap:unicode="false" sap:label="Service Notifiation"
					sap:creatable="false" sap:updatable="false" sap:sortable="false" sap:filterable="false"/><Property Name="PartNo" Type="Edm.String" Nullable="false" sap:unicode="false" sap:label="Part Number" sap:creatable="false"
					sap:updatable="false" sap:sortable="false" sap:filterable="false"/><Property Name="PartDescription" Type="Edm.String" Nullable="false" sap:unicode="false" sap:label="Part Description" sap:creatable="false"
					sap:updatable="false" sap:sortable="false" sap:filterable="false"/><Property Name="NotificationType" Type="Edm.String" Nullable="false" sap:unicode="false" sap:label="Notification Type" sap:creatable="false"
					sap:updatable="false" sap:sortable="false" sap:filterable="false"/><Property Name="Priority" Type="Edm.String" Nullable="false" sap:unicode="false" sap:label="Priority" sap:creatable="false"
					sap:updatable="false" sap:sortable="false" sap:filterable="false"/><Property Name="SerialNumber" Type="Edm.String" Nullable="false" sap:unicode="false" sap:label="Serial Number" sap:creatable="false"
					sap:updatable="false" sap:sortable="false" sap:filterable="false"/><Property Name="Shipper" Type="Edm.String" Nullable="false" sap:unicode="false" sap:label="Shipper" sap:creatable="false"
					sap:updatable="false" sap:sortable="false" sap:filterable="false"/><Property Name="PurchaseOrder" Type="Edm.String" Nullable="false" sap:unicode="false" sap:label="Purchase Order" sap:creatable="false"
					sap:updatable="false" sap:sortable="false" sap:filterable="false"/><Property Name="Quantity" Type="Edm.String" Nullable="false" sap:unicode="false" sap:label="Quantity" sap:creatable="false"
					sap:updatable="false" sap:sortable="false" sap:filterable="false"/><Property Name="RorModel" Type="Edm.String" Nullable="false" sap:unicode="false" sap:label="ROR Model" sap:creatable="false"
					sap:updatable="false" sap:sortable="false" sap:filterable="false"/><Property Name="ProductHierarchy" Type="Edm.String" Nullable="false" sap:unicode="false" sap:label="Product Hierarchy" sap:creatable="false"
					sap:updatable="false" sap:sortable="false" sap:filterable="false"/><Property Name="WarrantyCoverage" Type="Edm.String" Nullable="false" sap:unicode="false" sap:label="Warranty Coverage" sap:creatable="false"
					sap:updatable="false" sap:sortable="false" sap:filterable="false"/><Property Name="Drc" Type="Edm.String" Nullable="false" sap:unicode="false" sap:label="DRC" sap:creatable="false" sap:updatable="false"
					sap:sortable="false" sap:filterable="false"/><Property Name="CreatedBy" Type="Edm.String" Nullable="false" sap:unicode="false" sap:label="Created By" sap:creatable="false"
					sap:updatable="false" sap:sortable="false" sap:filterable="false"/><Property Name="CreatedOn" Type="Edm.String" Nullable="false" sap:unicode="false" sap:label="Created On" sap:creatable="false"
					sap:updatable="false" sap:sortable="false" sap:filterable="false"/><Property Name="CreatedTime" Type="Edm.String" Nullable="false" sap:unicode="false" sap:label="Created Time" sap:creatable="false"
					sap:updatable="false" sap:sortable="false" sap:filterable="false"/><Property Name="ChangedBy" Type="Edm.String" Nullable="false" sap:unicode="false" sap:label="Changed By" sap:creatable="false"
					sap:updatable="false" sap:sortable="false" sap:filterable="false"/><Property Name="ChangedOn" Type="Edm.String" Nullable="false" sap:unicode="false" sap:label="Changed On" sap:creatable="false"
					sap:updatable="false" sap:sortable="false" sap:filterable="false"/><Property Name="ChangedTime" Type="Edm.String" Nullable="false" sap:unicode="false" sap:label="Changed Time" sap:creatable="false"
					sap:updatable="false" sap:sortable="false" sap:filterable="false"/><Property Name="HazardousMaterialNumber" Type="Edm.String" Nullable="false" sap:unicode="false" sap:label="Hazardous Material Number"
					sap:creatable="false" sap:updatable="false" sap:sortable="false" sap:filterable="false"/><Property Name="BatteryNetWeight" Type="Edm.String" Nullable="false" sap:unicode="false" sap:label="Battery Net Weight"
					sap:creatable="false" sap:updatable="false" sap:sortable="false" sap:filterable="false"/><Property Name="BatteryStatus" Type="Edm.String" Nullable="false" sap:unicode="false" sap:label="Battery Status" sap:creatable="false"
					sap:updatable="false" sap:sortable="false" sap:filterable="false"/></EntityType>
			<EntityType Name="PacReqShippingMessage" sap:content-version="1">
				<Key><PropertyRef Name="MsgType"/></Key><Property Name="MsgType" Type="Edm.String" Nullable="false" sap:unicode="false" sap:label="Message type" sap:creatable="false"
					sap:updatable="false" sap:sortable="false" sap:filterable="false"/><Property Name="MsgText" Type="Edm.String" Nullable="false" sap:unicode="false" sap:label="Message text" sap:creatable="false"
					sap:updatable="false" sap:sortable="false" sap:filterable="false"/></EntityType>
			<EntityType Name="New" sap:content-version="1">
				<Key><PropertyRef Name="DispatchId"/><PropertyRef Name="ShipToPartner"/><PropertyRef Name="ServiceNotification"/><PropertyRef Name="SerialNumber"/><PropertyRef Name="PurchaseOrder"/></Key><Property Name="DispatchId" Type="Edm.String" Nullable="false" sap:unicode="false" sap:label="Dispatch Id" sap:creatable="false"
					sap:updatable="false" sap:sortable="false" sap:filterable="false"/><Property Name="Status" Type="Edm.String" Nullable="false" sap:unicode="false" sap:label="Status" sap:creatable="false"
					sap:updatable="false" sap:sortable="false" sap:filterable="false"/><Property Name="StatusDescription" Type="Edm.String" Nullable="false" sap:unicode="false" sap:label="StatusDescription"
					sap:creatable="false" sap:updatable="false" sap:sortable="false" sap:filterable="false"/><Property Name="ShipToPartner" Type="Edm.String" Nullable="false" sap:unicode="false" sap:label="Ship-to Partner" sap:creatable="false"
					sap:updatable="false" sap:sortable="false" sap:filterable="false"/><Property Name="ServiceNotification" Type="Edm.String" Nullable="false" sap:unicode="false" sap:label="Notification Number"
					sap:creatable="false" sap:updatable="false" sap:sortable="false" sap:filterable="false"/><Property Name="PartNumber" Type="Edm.String" Nullable="false" sap:unicode="false" sap:label="Apple Part Number" sap:creatable="false"
					sap:updatable="false" sap:sortable="false" sap:filterable="false"/><Property Name="PartDescription" Type="Edm.String" Nullable="false" sap:unicode="false" sap:label="Part Description" sap:creatable="false"
					sap:updatable="false" sap:sortable="false" sap:filterable="false"/><Property Name="NotificationType" Type="Edm.String" Nullable="false" sap:unicode="false" sap:label="Notification Type" sap:creatable="false"
					sap:updatable="false" sap:sortable="false" sap:filterable="false"/><Property Name="Priority" Type="Edm.String" Nullable="false" sap:unicode="false" sap:label="Priority" sap:creatable="false"
					sap:updatable="false" sap:sortable="false" sap:filterable="false"/><Property Name="SerialNumber" Type="Edm.String" Nullable="false" sap:unicode="false" sap:label="Serial Number" sap:creatable="false"
					sap:updatable="false" sap:sortable="false" sap:filterable="false"/><Property Name="Shipper" Type="Edm.String" Nullable="false" sap:unicode="false" sap:label="Ship-from Partner" sap:creatable="false"
					sap:updatable="false" sap:sortable="false" sap:filterable="false"/><Property Name="Quantity" Type="Edm.String" Nullable="false" sap:unicode="false" sap:label="Quantity" sap:creatable="false"
					sap:updatable="false" sap:sortable="false" sap:filterable="false"/><Property Name="RorModel" Type="Edm.String" Nullable="false" sap:unicode="false" sap:label="ROR Model" sap:creatable="false"
					sap:updatable="false" sap:sortable="false" sap:filterable="false"/><Property Name="ProductHierarchy" Type="Edm.String" Nullable="false" sap:unicode="false" sap:label="Product hierarchy" sap:creatable="false"
					sap:updatable="false" sap:sortable="false" sap:filterable="false"/><Property Name="WarrantyCoverage" Type="Edm.String" Nullable="false" sap:unicode="false" sap:label="Warranty Coverage" sap:creatable="false"
					sap:updatable="false" sap:sortable="false" sap:filterable="false"/><Property Name="Drc" Type="Edm.String" Nullable="false" sap:unicode="false" sap:label="ASP DRC Model" sap:creatable="false"
					sap:updatable="false" sap:sortable="false" sap:filterable="false"/><Property Name="CreatedOn" Type="Edm.String" Nullable="false" sap:unicode="false" sap:label="Created On" sap:creatable="false"
					sap:updatable="false" sap:sortable="false" sap:filterable="false"/><Property Name="PurchaseOrder" Type="Edm.String" Nullable="false" sap:unicode="false" sap:label="Purchase Order" sap:creatable="false"
					sap:updatable="false" sap:sortable="false" sap:filterable="false"/><Property Name="Tooltip" Type="Edm.String" Nullable="false" sap:unicode="false" sap:label="Tool Tip for status field" sap:creatable="false"
					sap:updatable="false" sap:sortable="false" sap:filterable="false"/><Property Name="HazardousMaterialNumber" Type="Edm.String" Nullable="false" sap:unicode="false" sap:label="Hazardous Material Number"
					sap:creatable="false" sap:updatable="false" sap:sortable="false" sap:filterable="false"/><Property Name="BatteryNetWeight" Type="Edm.String" Nullable="false" sap:unicode="false" sap:label="Battery NetWeight" sap:creatable="false"
					sap:updatable="false" sap:sortable="false" sap:filterable="false"/><Property Name="ReferenceNo" Type="Edm.String" Nullable="false" sap:unicode="false" sap:label="Reference Number" sap:creatable="false"
					sap:updatable="false" sap:sortable="false" sap:filterable="false"/><Property Name="Type" Type="Edm.String" Nullable="false" sap:unicode="false" sap:label="Selection Type" sap:creatable="false"
					sap:updatable="false" sap:sortable="false" sap:filterable="false"/></EntityType>
			<EntityType Name="CarrierDetermined" sap:content-version="1">
				<Key><PropertyRef Name="DispatchId"/><PropertyRef Name="ShipToPartner"/><PropertyRef Name="ServiceNotification"/><PropertyRef Name="SerialNumber"/><PropertyRef Name="PurchaseOrder"/></Key><Property Name="FreightOrder" Type="Edm.String" Nullable="false" sap:unicode="false" sap:label="Freight Order" sap:creatable="false"
					sap:updatable="false" sap:sortable="false" sap:filterable="false"/><Property Name="ReferenceNo" Type="Edm.String" Nullable="false" sap:unicode="false" sap:label="Reference Number" sap:creatable="false"
					sap:updatable="false" sap:sortable="false" sap:filterable="false"/><Property Name="Carrier" Type="Edm.String" Nullable="false" sap:unicode="false" sap:label="Carrier" sap:creatable="false"
					sap:updatable="false" sap:sortable="false" sap:filterable="false"/><Property Name="DispatchId" Type="Edm.String" Nullable="false" sap:unicode="false" sap:label="Dispatch Id" sap:creatable="false"
					sap:updatable="false" sap:sortable="false" sap:filterable="false"/><Property Name="Status" Type="Edm.String" Nullable="false" sap:unicode="false" sap:label="Status" sap:creatable="false"
					sap:updatable="false" sap:sortable="false" sap:filterable="false"/><Property Name="StatusDescription" Type="Edm.String" Nullable="false" sap:unicode="false" sap:label="Status Description"
					sap:creatable="false" sap:updatable="false" sap:sortable="false" sap:filterable="false"/><Property Name="ShipToPartner" Type="Edm.String" Nullable="false" sap:unicode="false" sap:label="Ship-to Partner" sap:creatable="false"
					sap:updatable="false" sap:sortable="false" sap:filterable="false"/><Property Name="ServiceNotification" Type="Edm.String" Nullable="false" sap:unicode="false" sap:label="Notification Number"
					sap:creatable="false" sap:updatable="false" sap:sortable="false" sap:filterable="false"/><Property Name="PartNumber" Type="Edm.String" Nullable="false" sap:unicode="false" sap:label="Apple Part Number" sap:creatable="false"
					sap:updatable="false" sap:sortable="false" sap:filterable="false"/><Property Name="PartDescription" Type="Edm.String" Nullable="false" sap:unicode="false" sap:label="Part Description" sap:creatable="false"
					sap:updatable="false" sap:sortable="false" sap:filterable="false"/><Property Name="NotificationType" Type="Edm.String" Nullable="false" sap:unicode="false" sap:label="Notification Type" sap:creatable="false"
					sap:updatable="false" sap:sortable="false" sap:filterable="false"/><Property Name="Priority" Type="Edm.String" Nullable="false" sap:unicode="false" sap:label="Priority" sap:creatable="false"
					sap:updatable="false" sap:sortable="false" sap:filterable="false"/><Property Name="SerialNumber" Type="Edm.String" Nullable="false" sap:unicode="false" sap:label="Serial Number" sap:creatable="false"
					sap:updatable="false" sap:sortable="false" sap:filterable="false"/><Property Name="Shipper" Type="Edm.String" Nullable="false" sap:unicode="false" sap:label="Ship-from Partner" sap:creatable="false"
					sap:updatable="false" sap:sortable="false" sap:filterable="false"/><Property Name="Quantity" Type="Edm.String" Nullable="false" sap:unicode="false" sap:label="Quantity" sap:creatable="false"
					sap:updatable="false" sap:sortable="false" sap:filterable="false"/><Property Name="RorModel" Type="Edm.String" Nullable="false" sap:unicode="false" sap:label="ROR Model" sap:creatable="false"
					sap:updatable="false" sap:sortable="false" sap:filterable="false"/><Property Name="ProductHierarchy" Type="Edm.String" Nullable="false" sap:unicode="false" sap:label="Product hierarchy" sap:creatable="false"
					sap:updatable="false" sap:sortable="false" sap:filterable="false"/><Property Name="WarrantyCoverage" Type="Edm.String" Nullable="false" sap:unicode="false" sap:label="Warranty Coverage" sap:creatable="false"
					sap:updatable="false" sap:sortable="false" sap:filterable="false"/><Property Name="Drc" Type="Edm.String" Nullable="false" sap:unicode="false" sap:label="ASP DRC Model" sap:creatable="false"
					sap:updatable="false" sap:sortable="false" sap:filterable="false"/><Property Name="PurchaseOrder" Type="Edm.String" Nullable="false" sap:unicode="false" sap:label="Purchase Order" sap:creatable="false"
					sap:updatable="false" sap:sortable="false" sap:filterable="false"/><Property Name="Tooltip" Type="Edm.String" Nullable="false" sap:unicode="false" sap:label="Tool Tip for status field" sap:creatable="false"
					sap:updatable="false" sap:sortable="false" sap:filterable="false"/><Property Name="HazardousMaterialNumber" Type="Edm.String" Nullable="false" sap:unicode="false" sap:label="Hazardous material"
					sap:creatable="false" sap:updatable="false" sap:sortable="false" sap:filterable="false"/><Property Name="BatteryNetWeight" Type="Edm.String" Nullable="false" sap:unicode="false" sap:label="Battery Net Weight"
					sap:creatable="false" sap:updatable="false" sap:sortable="false" sap:filterable="false"/><Property Name="CarrierHandoverDate" Type="Edm.String" Nullable="false" sap:unicode="false" sap:label="Carrier Handover Date"
					sap:creatable="false" sap:updatable="false" sap:sortable="false" sap:filterable="false"/><Property Name="CarrierTrackingNo" Type="Edm.String" Nullable="false" sap:unicode="false" sap:label="Carrier Tracking No"
					sap:creatable="false" sap:updatable="false" sap:sortable="false" sap:filterable="false"/><Property Name="Proforma" Type="Edm.String" Nullable="false" sap:unicode="false" sap:label="Sales document" sap:creatable="false"
					sap:updatable="false" sap:sortable="false" sap:filterable="false"/><Property Name="ProformaItem" Type="Edm.String" Nullable="false" sap:unicode="false" sap:label="Proforma Item Number" sap:creatable="false"
					sap:updatable="false" sap:sortable="false" sap:filterable="false"/><Property Name="BusinessProcess" Type="Edm.String" Nullable="false" sap:unicode="false" sap:label="Business Process" sap:creatable="false"
					sap:updatable="false" sap:sortable="false" sap:filterable="false"/><Property Name="GroupEmail" Type="Edm.String" Nullable="false" sap:unicode="false" sap:label="E-Mail Address" sap:creatable="false"
					sap:updatable="false" sap:sortable="false" sap:filterable="false"/><Property Name="ResponsiblePerson" Type="Edm.String" Nullable="false" sap:unicode="false" sap:label="Responsible Person"
					sap:creatable="false" sap:updatable="false" sap:sortable="false" sap:filterable="false"/><Property Name="ContactNumber" Type="Edm.String" Nullable="false" sap:unicode="false" sap:label="Contact Number" sap:creatable="false"
					sap:updatable="false" sap:sortable="false" sap:filterable="false"/><Property Name="ErrorMessage" Type="Edm.String" Nullable="false" sap:unicode="false" sap:label="Error Message" sap:creatable="false"
					sap:updatable="false" sap:sortable="false" sap:filterable="false"/><Property Name="CreatedOn" Type="Edm.String" Nullable="false" sap:unicode="false" sap:label="Created On" sap:creatable="false"
					sap:updatable="false" sap:sortable="false" sap:filterable="false"/><Property Name="Type" Type="Edm.String" Nullable="false" sap:unicode="false" sap:label="Selection Type" sap:creatable="false"
					sap:updatable="false" sap:sortable="false" sap:filterable="false"/></EntityType>
			<EntityType Name="ReadyForShipment" sap:content-version="1">
				<Key><PropertyRef Name="DispatchId"/><PropertyRef Name="ShipToPartner"/><PropertyRef Name="ServiceNotification"/><PropertyRef Name="SerialNumber"/><PropertyRef Name="PurchaseOrder"/></Key><Property Name="FreightOrder" Type="Edm.String" Nullable="false" sap:unicode="false" sap:label="Freight Order" sap:creatable="false"
					sap:updatable="false" sap:sortable="false" sap:filterable="false"/><Property Name="ReferenceNo" Type="Edm.String" Nullable="false" sap:unicode="false" sap:label="Reference Number" sap:creatable="false"
					sap:updatable="false" sap:sortable="false" sap:filterable="false"/><Property Name="Carrier" Type="Edm.String" Nullable="false" sap:unicode="false" sap:label="Carrier" sap:creatable="false"
					sap:updatable="false" sap:sortable="false" sap:filterable="false"/><Property Name="DispatchId" Type="Edm.String" Nullable="false" sap:unicode="false" sap:label="Dispatch Id" sap:creatable="false"
					sap:updatable="false" sap:sortable="false" sap:filterable="false"/><Property Name="Status" Type="Edm.String" Nullable="false" sap:unicode="false" sap:label="Status" sap:creatable="false"
					sap:updatable="false" sap:sortable="false" sap:filterable="false"/><Property Name="StatusDescription" Type="Edm.String" Nullable="false" sap:unicode="false" sap:label="Status Description"
					sap:creatable="false" sap:updatable="false" sap:sortable="false" sap:filterable="false"/><Property Name="ShipToPartner" Type="Edm.String" Nullable="false" sap:unicode="false" sap:label="Ship-to Partner" sap:creatable="false"
					sap:updatable="false" sap:sortable="false" sap:filterable="false"/><Property Name="ServiceNotification" Type="Edm.String" Nullable="false" sap:unicode="false" sap:label="Notification Number"
					sap:creatable="false" sap:updatable="false" sap:sortable="false" sap:filterable="false"/><Property Name="PartNumber" Type="Edm.String" Nullable="false" sap:unicode="false" sap:label="Apple Part Number" sap:creatable="false"
					sap:updatable="false" sap:sortable="false" sap:filterable="false"/><Property Name="PartDescription" Type="Edm.String" Nullable="false" sap:unicode="false" sap:label="Part Description" sap:creatable="false"
					sap:updatable="false" sap:sortable="false" sap:filterable="false"/><Property Name="NotificationType" Type="Edm.String" Nullable="false" sap:unicode="false" sap:label="Notification Type" sap:creatable="false"
					sap:updatable="false" sap:sortable="false" sap:filterable="false"/><Property Name="Priority" Type="Edm.String" Nullable="false" sap:unicode="false" sap:label="Priority" sap:creatable="false"
					sap:updatable="false" sap:sortable="false" sap:filterable="false"/><Property Name="SerialNumber" Type="Edm.String" Nullable="false" sap:unicode="false" sap:label="Serial Number" sap:creatable="false"
					sap:updatable="false" sap:sortable="false" sap:filterable="false"/><Property Name="Shipper" Type="Edm.String" Nullable="false" sap:unicode="false" sap:label="Ship-from Partner" sap:creatable="false"
					sap:updatable="false" sap:sortable="false" sap:filterable="false"/><Property Name="Quantity" Type="Edm.String" Nullable="false" sap:unicode="false" sap:label="Quantity" sap:creatable="false"
					sap:updatable="false" sap:sortable="false" sap:filterable="false"/><Property Name="RorModel" Type="Edm.String" Nullable="false" sap:unicode="false" sap:label="ROR Model" sap:creatable="false"
					sap:updatable="false" sap:sortable="false" sap:filterable="false"/><Property Name="ProductHierarchy" Type="Edm.String" Nullable="false" sap:unicode="false" sap:label="Product hierarchy" sap:creatable="false"
					sap:updatable="false" sap:sortable="false" sap:filterable="false"/><Property Name="WarrantyCoverage" Type="Edm.String" Nullable="false" sap:unicode="false" sap:label="Warranty Coverage" sap:creatable="false"
					sap:updatable="false" sap:sortable="false" sap:filterable="false"/><Property Name="Drc" Type="Edm.String" Nullable="false" sap:unicode="false" sap:label="ASP DRC Model" sap:creatable="false"
					sap:updatable="false" sap:sortable="false" sap:filterable="false"/><Property Name="PurchaseOrder" Type="Edm.String" Nullable="false" sap:unicode="false" sap:label="Purchase Order" sap:creatable="false"
					sap:updatable="false" sap:sortable="false" sap:filterable="false"/><Property Name="LoadRequest" Type="Edm.String" Nullable="false" sap:unicode="false" sap:label="945 Unique Trans.Ref" sap:creatable="false"
					sap:updatable="false" sap:sortable="false" sap:filterable="false"/><Property Name="CommercialInvoice" Type="Edm.String" Nullable="false" sap:unicode="false" sap:label="Proforma Invoice" sap:creatable="false"
					sap:updatable="false" sap:sortable="false" sap:filterable="false"/><Property Name="PackingList" Type="Edm.String" Nullable="false" sap:unicode="false" sap:label="Packing List" sap:creatable="false"
					sap:updatable="false" sap:sortable="false" sap:filterable="false"/><Property Name="PurchaseContract" Type="Edm.String" Nullable="false" sap:unicode="false" sap:label="Purchase Contract" sap:creatable="false"
					sap:updatable="false" sap:sortable="false" sap:filterable="false"/><Property Name="CarrierHandoverDate" Type="Edm.String" Nullable="false" sap:unicode="false" sap:label="Carrier Handover Date"
					sap:creatable="false" sap:updatable="false" sap:sortable="false" sap:filterable="false"/><Property Name="CarrierTrackingNo" Type="Edm.String" Nullable="false" sap:unicode="false" sap:label="Carrier Tracking No"
					sap:creatable="false" sap:updatable="false" sap:sortable="false" sap:filterable="false"/><Property Name="Proforma" Type="Edm.String" Nullable="false" sap:unicode="false" sap:label="Sales document" sap:creatable="false"
					sap:updatable="false" sap:sortable="false" sap:filterable="false"/><Property Name="ProformaItem" Type="Edm.String" Nullable="false" sap:unicode="false" sap:label="Proforma Item Number" sap:creatable="false"
					sap:updatable="false" sap:sortable="false" sap:filterable="false"/><Property Name="Tooltip" Type="Edm.String" Nullable="false" sap:unicode="false" sap:label="Tool Tip for status field" sap:creatable="false"
					sap:updatable="false" sap:sortable="false" sap:filterable="false"/><Property Name="InvoiceImg" Type="Edm.String" Nullable="false" sap:unicode="false" sap:label="Proforma Invoice Image" sap:creatable="false"
					sap:updatable="false" sap:sortable="false" sap:filterable="false"/><Property Name="PackingImg" Type="Edm.String" Nullable="false" sap:unicode="false" sap:label="Packing List Image" sap:creatable="false"
					sap:updatable="false" sap:sortable="false" sap:filterable="false"/><Property Name="PurchaseContractImg" Type="Edm.String" Nullable="false" sap:unicode="false" sap:label="Purchase Contract Image"
					sap:creatable="false" sap:updatable="false" sap:sortable="false" sap:filterable="false"/><Property Name="ReturnOrderNo" Type="Edm.String" Nullable="false" sap:unicode="false" sap:label="Sales document" sap:creatable="false"
					sap:updatable="false" sap:sortable="false" sap:filterable="false"/><Property Name="ReturnOrderItem" Type="Edm.String" Nullable="false" sap:unicode="false" sap:label="Return Order Item Number"
					sap:creatable="false" sap:updatable="false" sap:sortable="false" sap:filterable="false"/><Property Name="HazardousMaterialNumber" Type="Edm.String" Nullable="false" sap:unicode="false" sap:label="Hazardous material"
					sap:creatable="false" sap:updatable="false" sap:sortable="false" sap:filterable="false"/><Property Name="BatteryNetWeight" Type="Edm.String" Nullable="false" sap:unicode="false" sap:label="Battery Net Weight"
					sap:creatable="false" sap:updatable="false" sap:sortable="false" sap:filterable="false"/><Property Name="CreatedOn" Type="Edm.String" Nullable="false" sap:unicode="false" sap:label="Created On" sap:creatable="false"
					sap:updatable="false" sap:sortable="false" sap:filterable="false"/><Property Name="Type" Type="Edm.String" Nullable="false" sap:unicode="false" sap:label="Selection Type" sap:creatable="false"
					sap:updatable="false" sap:sortable="false" sap:filterable="false"/></EntityType>
			<EntityType Name="Error" sap:content-version="1">
				<Key><PropertyRef Name="DispatchId"/><PropertyRef Name="ShipToPartner"/><PropertyRef Name="ServiceNotification"/><PropertyRef Name="SerialNumber"/></Key><Property Name="ReferenceNo" Type="Edm.String" Nullable="false" sap:unicode="false" sap:label="Reference Number" sap:creatable="false"
					sap:updatable="false" sap:sortable="false" sap:filterable="false"/><Property Name="DispatchId" Type="Edm.String" Nullable="false" sap:unicode="false" sap:label="Dispatch Id" sap:creatable="false"
					sap:updatable="false" sap:sortable="false" sap:filterable="false"/><Property Name="Status" Type="Edm.String" Nullable="false" sap:unicode="false" sap:label="Status" sap:creatable="false"
					sap:updatable="false" sap:sortable="false" sap:filterable="false"/><Property Name="StatusDescription" Type="Edm.String" Nullable="false" sap:unicode="false" sap:label="Status Description"
					sap:creatable="false" sap:updatable="false" sap:sortable="false" sap:filterable="false"/><Property Name="ShipToPartner" Type="Edm.String" Nullable="false" sap:unicode="false" sap:label="Ship-to Partner" sap:creatable="false"
					sap:updatable="false" sap:sortable="false" sap:filterable="false"/><Property Name="ServiceNotification" Type="Edm.String" Nullable="false" sap:unicode="false" sap:label="Notification Number"
					sap:creatable="false" sap:updatable="false" sap:sortable="false" sap:filterable="false"/><Property Name="Shipper" Type="Edm.String" Nullable="false" sap:unicode="false" sap:label="Ship-from Partner" sap:creatable="false"
					sap:updatable="false" sap:sortable="false" sap:filterable="false"/><Property Name="ProductHierarchy" Type="Edm.String" Nullable="false" sap:unicode="false" sap:label="Product hierarchy" sap:creatable="false"
					sap:updatable="false" sap:sortable="false" sap:filterable="false"/><Property Name="ErrorMessage" Type="Edm.String" Nullable="false" sap:unicode="false" sap:label="Error Message" sap:creatable="false"
					sap:updatable="false" sap:sortable="false" sap:filterable="false"/><Property Name="PartNumber" Type="Edm.String" Nullable="false" sap:unicode="false" sap:label="Apple Part Number" sap:creatable="false"
					sap:updatable="false" sap:sortable="false" sap:filterable="false"/><Property Name="PartDescription" Type="Edm.String" Nullable="false" sap:unicode="false" sap:label="Part Description" sap:creatable="false"
					sap:updatable="false" sap:sortable="false" sap:filterable="false"/><Property Name="HazardousMaterialNumber" Type="Edm.String" Nullable="false" sap:unicode="false" sap:label="Hazardous material"
					sap:creatable="false" sap:updatable="false" sap:sortable="false" sap:filterable="false"/><Property Name="BatteryNetWeight" Type="Edm.String" Nullable="false" sap:unicode="false" sap:label="Battery Net Weight"
					sap:creatable="false" sap:updatable="false" sap:sortable="false" sap:filterable="false"/><Property Name="NotificationType" Type="Edm.String" Nullable="false" sap:unicode="false" sap:label="Notification Type" sap:creatable="false"
					sap:updatable="false" sap:sortable="false" sap:filterable="false"/><Property Name="SerialNumber" Type="Edm.String" Nullable="false" sap:unicode="false" sap:label="Serial Number" sap:creatable="false"
					sap:updatable="false" sap:sortable="false" sap:filterable="false"/><Property Name="RorModel" Type="Edm.String" Nullable="false" sap:unicode="false" sap:label="ROR Model" sap:creatable="false"
					sap:updatable="false" sap:sortable="false" sap:filterable="false"/><Property Name="Type" Type="Edm.String" Nullable="false" sap:unicode="false" sap:label="Selection Type" sap:creatable="false"
					sap:updatable="false" sap:sortable="false" sap:filterable="false"/></EntityType>
			<EntityType Name="Search" sap:content-version="1">
				<Key><PropertyRef Name="Type"/></Key><Property Name="Type" Type="Edm.String" Nullable="false" sap:unicode="false" sap:label="Selection Type" sap:creatable="false"
					sap:updatable="false" sap:sortable="false" sap:filterable="false"/><Property Name="Region" Type="Edm.String" Nullable="false" sap:unicode="false" sap:label="Region" sap:creatable="false"
					sap:updatable="false" sap:sortable="false" sap:filterable="false"/><Property Name="DispatchID" Type="Edm.String" Nullable="false" sap:unicode="false" sap:label="Dispatch Id" sap:creatable="false"
					sap:updatable="false" sap:sortable="false" sap:filterable="false"/><Property Name="ServiceNotificationNo" Type="Edm.String" Nullable="false" sap:unicode="false" sap:label="Service Notification Number"
					sap:creatable="false" sap:updatable="false" sap:sortable="false" sap:filterable="false"/><Property Name="ModuleSerialNo" Type="Edm.String" Nullable="false" sap:unicode="false" sap:label="Module Serial Number"
					sap:creatable="false" sap:updatable="false" sap:sortable="false" sap:filterable="false"/><Property Name="PurchaseOrder" Type="Edm.String" Nullable="false" sap:unicode="false" sap:label="Purchase Order" sap:creatable="false"
					sap:updatable="false" sap:sortable="false" sap:filterable="false"/><Property Name="ChangeDate" Type="Edm.String" Nullable="false" sap:unicode="false" sap:label="Change Date" sap:creatable="false"
					sap:updatable="false" sap:sortable="false" sap:filterable="false"/><Property Name="ShipToPartner" Type="Edm.String" Nullable="false" sap:unicode="false" sap:label="Ship-to Partner" sap:creatable="false"
					sap:updatable="false" sap:sortable="false" sap:filterable="false"/><Property Name="MaxRows" Type="Edm.String" Nullable="false" sap:unicode="false" sap:label="Maximum No.of Rows" sap:creatable="false"
					sap:updatable="false" sap:sortable="false" sap:filterable="false"/><NavigationProperty Name="ToError" Relationship="ZOD_LAZARUS_CUSTOMER_SHIPMENTS_SRV.AssociationSearchToError"
					FromRole="FromRole_AssociationSearchToError" ToRole="ToRole_AssociationSearchToError"/><NavigationProperty Name="ToReadyForShipment" Relationship="ZOD_LAZARUS_CUSTOMER_SHIPMENTS_SRV.AssociationSearchToReadyForShipment"
					FromRole="FromRole_AssociationSearchToReadyForShipment" ToRole="ToRole_AssociationSearchToReadyForShipment"/><NavigationProperty Name="ToCarrierDetermined" Relationship="ZOD_LAZARUS_CUSTOMER_SHIPMENTS_SRV.AssociationSearchToCarrierDetermined"
					FromRole="FromRole_AssociationSearchToCarrierDetermined" ToRole="ToRole_AssociationSearchToCarrierDetermined"/><NavigationProperty Name="ToNew" Relationship="ZOD_LAZARUS_CUSTOMER_SHIPMENTS_SRV.AssociationSearchToNew"
					FromRole="FromRole_AssociationSearchToNew" ToRole="ToRole_AssociationSearchToNew"/><NavigationProperty Name="ToCounts" Relationship="ZOD_LAZARUS_CUSTOMER_SHIPMENTS_SRV.AssociationSearchToCount"
					FromRole="FromRole_AssociationSearchToCount" ToRole="ToRole_AssociationSearchToCount"/></EntityType>
			<EntityType Name="Count" sap:content-version="1">
				<Key><PropertyRef Name="Type"/></Key><Property Name="Type" Type="Edm.String" Nullable="false" sap:unicode="false" sap:label="Selection Type" sap:creatable="false"
					sap:updatable="false" sap:sortable="false" sap:filterable="false"/><Property Name="NewCount" Type="Edm.String" Nullable="false" sap:unicode="false" sap:label="Count for New" sap:creatable="false"
					sap:updatable="false" sap:sortable="false" sap:filterable="false"/><Property Name="CarrierDeterminedCount" Type="Edm.String" Nullable="false" sap:unicode="false" sap:label="Count for Carrier Determined"
					sap:creatable="false" sap:updatable="false" sap:sortable="false" sap:filterable="false"/><Property Name="ReadyForShipmentCount" Type="Edm.String" Nullable="false" sap:unicode="false" sap:label="Count for Ready for Shipment"
					sap:creatable="false" sap:updatable="false" sap:sortable="false" sap:filterable="false"/><Property Name="ErrorCount" Type="Edm.String" Nullable="false" sap:unicode="false" sap:label="Count for Error" sap:creatable="false"
					sap:updatable="false" sap:sortable="false" sap:filterable="false"/></EntityType>
			<EntityType Name="Region" sap:content-version="1">
				<Key><PropertyRef Name="Key"/></Key><Property Name="Key" Type="Edm.String" Nullable="false" sap:unicode="false" sap:label="Region" sap:creatable="false" sap:updatable="false"
					sap:sortable="false" sap:filterable="false"/><Property Name="ShortDescription" Type="Edm.String" Nullable="false" sap:unicode="false" sap:label="Short Description" sap:creatable="false"
					sap:updatable="false" sap:sortable="false" sap:filterable="false"/></EntityType>
			<EntityType Name="RcCode" sap:content-version="1">
				<Key><PropertyRef Name="Key"/></Key><Property Name="Key" Type="Edm.String" Nullable="false" sap:unicode="false" sap:label="RC Code" sap:creatable="false" sap:updatable="false"
					sap:sortable="false" sap:filterable="false"/><Property Name="ShortDescription" Type="Edm.String" Nullable="false" sap:unicode="false" sap:label="Short Description" sap:creatable="false"
					sap:updatable="false" sap:sortable="false" sap:filterable="false"/></EntityType>
			<EntityType Name="User" sap:content-version="1">
				<Key><PropertyRef Name="UserName"/></Key><Property Name="UserName" Type="Edm.String" Nullable="false" sap:unicode="false" sap:label="User Name" sap:creatable="false"
					sap:updatable="false" sap:sortable="false" sap:filterable="false"/><Property Name="UserType" Type="Edm.String" Nullable="false" sap:unicode="false" sap:label="User Type" sap:creatable="false"
					sap:updatable="false" sap:sortable="false" sap:filterable="false"/></EntityType>
			<EntityType Name="FreightHeaderMessage" sap:content-version="1">
				<Key><PropertyRef Name="MsgType"/></Key><Property Name="MsgType" Type="Edm.String" Nullable="false" sap:unicode="false" sap:label="Message type" sap:creatable="false"
					sap:updatable="false" sap:sortable="false" sap:filterable="false"/><Property Name="MsgText" Type="Edm.String" Nullable="false" sap:unicode="false" sap:label="Message text" sap:creatable="false"
					sap:updatable="false" sap:sortable="false" sap:filterable="false"/></EntityType>
			<EntityType Name="UpdateCarrier" sap:content-version="1">
				<Key><PropertyRef Name="ReferenceNumber"/></Key><Property Name="ReferenceNumber" Type="Edm.String" Nullable="false" sap:unicode="false" sap:label="Reference Number" sap:creatable="false"
					sap:updatable="false" sap:sortable="false" sap:filterable="false"/><Property Name="DispatchId" Type="Edm.String" Nullable="false" sap:unicode="false" sap:label="DispatchId" sap:creatable="false"
					sap:updatable="false" sap:sortable="false" sap:filterable="false"/><Property Name="ServiceNotification" Type="Edm.String" Nullable="false" sap:unicode="false" sap:label="Service Notification"
					sap:creatable="false" sap:updatable="false" sap:sortable="false" sap:filterable="false"/><Property Name="SerialNumber" Type="Edm.String" Nullable="false" sap:unicode="false" sap:label="Serial Number" sap:creatable="false"
					sap:updatable="false" sap:sortable="false" sap:filterable="false"/><Property Name="Region" Type="Edm.String" Nullable="false" sap:unicode="false" sap:label="Region" sap:creatable="false"
					sap:updatable="false" sap:sortable="false" sap:filterable="false"/><Property Name="FreightOrder" Type="Edm.String" Nullable="false" sap:unicode="false" sap:label="Freight Order" sap:creatable="false"
					sap:updatable="false" sap:sortable="false" sap:filterable="false"/><Property Name="Carrier" Type="Edm.String" Nullable="false" sap:unicode="false" sap:label="Carrier" sap:creatable="false"
					sap:updatable="false" sap:sortable="false" sap:filterable="false"/><Property Name="ShipTo" Type="Edm.String" Nullable="false" sap:unicode="false" sap:label="Ship To" sap:creatable="false"
					sap:updatable="false" sap:sortable="false" sap:filterable="false"/><Property Name="CarrierTracking" Type="Edm.String" Nullable="false" sap:unicode="false" sap:label="Carrier Tracking" sap:creatable="false"
					sap:updatable="false" sap:sortable="false" sap:filterable="false"/><Property Name="CarrierHandoverDate" Type="Edm.String" Nullable="false" sap:unicode="false" sap:label="Carrier Handover Date"
					sap:creatable="false" sap:updatable="false" sap:sortable="false" sap:filterable="false"/><Property Name="TotalGrossWeight" Type="Edm.String" Nullable="false" sap:unicode="false" sap:label="Total Gross Weight"
					sap:creatable="false" sap:updatable="false" sap:sortable="false" sap:filterable="false"/><Property Name="TotalPackages" Type="Edm.String" Nullable="false" sap:unicode="false" sap:label="Total Packages" sap:creatable="false"
					sap:updatable="false" sap:sortable="false" sap:filterable="false"/><Property Name="ServiceLevel" Type="Edm.String" Nullable="false" sap:unicode="false" sap:label="Service Level" sap:creatable="false"
					sap:updatable="false" sap:sortable="false" sap:filterable="false"/><Property Name="WeightUnitOfMeasure" Type="Edm.String" Nullable="false" sap:unicode="false" sap:label="Weight Unit of Measure"
					sap:creatable="false" sap:updatable="false" sap:sortable="false" sap:filterable="false"/><Property Name="ShipmentType" Type="Edm.String" Nullable="false" sap:unicode="false" sap:label="Shipment Type" sap:creatable="false"
					sap:updatable="false" sap:sortable="false" sap:filterable="false"/><Property Name="ServiceLevelIndicator" Type="Edm.String" Nullable="false" sap:unicode="false" sap:label="Service Level Indicator"
					sap:creatable="false" sap:updatable="false" sap:sortable="false" sap:filterable="false"/><Property Name="TotalGrossVolume" Type="Edm.String" Nullable="false" sap:unicode="false" sap:label="Total Gross Volume"
					sap:creatable="false" sap:updatable="false" sap:sortable="false" sap:filterable="false"/><Property Name="ModeOfTransport" Type="Edm.String" Nullable="false" sap:unicode="false" sap:label="Mode of Transport" sap:creatable="false"
					sap:updatable="false" sap:sortable="false" sap:filterable="false"/><Property Name="ParcelAccountNo" Type="Edm.String" Nullable="false" sap:unicode="false" sap:label="Parcel Account No" sap:creatable="false"
					sap:updatable="false" sap:sortable="false" sap:filterable="false"/><Property Name="VolumeUnitOfMeasure" Type="Edm.String" Nullable="false" sap:unicode="false" sap:label="Volume Unit of Measure"
					sap:creatable="false" sap:updatable="false" sap:sortable="false" sap:filterable="false"/><Property Name="PortOfEntry" Type="Edm.String" Nullable="false" sap:unicode="false" sap:label="Port of Entry" sap:creatable="false"
					sap:updatable="false" sap:sortable="false" sap:filterable="false"/><Property Name="CountryOfClearence" Type="Edm.String" Nullable="false" sap:unicode="false" sap:label="Country of Clearence"
					sap:creatable="false" sap:updatable="false" sap:sortable="false" sap:filterable="false"/><Property Name="ShippingCondition" Type="Edm.String" Nullable="false" sap:unicode="false" sap:label="Shipping Condition"
					sap:creatable="false" sap:updatable="false" sap:sortable="false" sap:filterable="false"/><Property Name="PortOfOrigin" Type="Edm.String" Nullable="false" sap:unicode="false" sap:label="Port of Origin" sap:creatable="false"
					sap:updatable="false" sap:sortable="false" sap:filterable="false"/><Property Name="BatteryStatus" Type="Edm.String" Nullable="false" sap:unicode="false" sap:label="Battery Status" sap:creatable="false"
					sap:updatable="false" sap:sortable="false" sap:filterable="false"/><NavigationProperty Name="ToCarrierItem" Relationship="ZOD_LAZARUS_CUSTOMER_SHIPMENTS_SRV.AssociationUpdateCarrierToCarrierItem"
					FromRole="FromRole_AssociationUpdateCarrierToCarrierItem" ToRole="ToRole_AssociationUpdateCarrierToCarrierItem"/></EntityType>
			<Association Name="AssociationUpdateCarrierToCarrierItem" sap:content-version="1"><End Type="ZOD_LAZARUS_CUSTOMER_SHIPMENTS_SRV.UpdateCarrier" Multiplicity="1" Role="FromRole_AssociationUpdateCarrierToCarrierItem"/><End Type="ZOD_LAZARUS_CUSTOMER_SHIPMENTS_SRV.FreightItem" Multiplicity="*" Role="ToRole_AssociationUpdateCarrierToCarrierItem"/>
				<ReferentialConstraint>
					<Principal Role="FromRole_AssociationUpdateCarrierToCarrierItem"><PropertyRef Name="ReferenceNumber"/></Principal>
					<Dependent Role="ToRole_AssociationUpdateCarrierToCarrierItem"><PropertyRef Name="ReferenceNumber"/></Dependent>
				</ReferentialConstraint>
			</Association>
			<Association Name="AssociationSearchToNew" sap:content-version="1"><End Type="ZOD_LAZARUS_CUSTOMER_SHIPMENTS_SRV.Search" Multiplicity="1" Role="FromRole_AssociationSearchToNew"/><End Type="ZOD_LAZARUS_CUSTOMER_SHIPMENTS_SRV.New" Multiplicity="*" Role="ToRole_AssociationSearchToNew"/>
				<ReferentialConstraint>
					<Principal Role="FromRole_AssociationSearchToNew"><PropertyRef Name="Type"/></Principal>
					<Dependent Role="ToRole_AssociationSearchToNew"><PropertyRef Name="Type"/></Dependent>
				</ReferentialConstraint>
			</Association>
			<Association Name="AssociationSearchToCarrierDetermined" sap:content-version="1"><End Type="ZOD_LAZARUS_CUSTOMER_SHIPMENTS_SRV.Search" Multiplicity="1" Role="FromRole_AssociationSearchToCarrierDetermined"/><End Type="ZOD_LAZARUS_CUSTOMER_SHIPMENTS_SRV.CarrierDetermined" Multiplicity="*" Role="ToRole_AssociationSearchToCarrierDetermined"/>
				<ReferentialConstraint>
					<Principal Role="FromRole_AssociationSearchToCarrierDetermined"><PropertyRef Name="Type"/></Principal>
					<Dependent Role="ToRole_AssociationSearchToCarrierDetermined"><PropertyRef Name="Type"/></Dependent>
				</ReferentialConstraint>
			</Association>
			<Association Name="AssociationSearchToReadyForShipment" sap:content-version="1"><End Type="ZOD_LAZARUS_CUSTOMER_SHIPMENTS_SRV.Search" Multiplicity="1" Role="FromRole_AssociationSearchToReadyForShipment"/><End Type="ZOD_LAZARUS_CUSTOMER_SHIPMENTS_SRV.ReadyForShipment" Multiplicity="*" Role="ToRole_AssociationSearchToReadyForShipment"/>
				<ReferentialConstraint>
					<Principal Role="FromRole_AssociationSearchToReadyForShipment"><PropertyRef Name="Type"/></Principal>
					<Dependent Role="ToRole_AssociationSearchToReadyForShipment"><PropertyRef Name="Type"/></Dependent>
				</ReferentialConstraint>
			</Association>
			<Association Name="AssociationSearchToError" sap:content-version="1"><End Type="ZOD_LAZARUS_CUSTOMER_SHIPMENTS_SRV.Search" Multiplicity="1" Role="FromRole_AssociationSearchToError"/><End Type="ZOD_LAZARUS_CUSTOMER_SHIPMENTS_SRV.Error" Multiplicity="*" Role="ToRole_AssociationSearchToError"/>
				<ReferentialConstraint>
					<Principal Role="FromRole_AssociationSearchToError"><PropertyRef Name="Type"/></Principal>
					<Dependent Role="ToRole_AssociationSearchToError"><PropertyRef Name="Type"/></Dependent>
				</ReferentialConstraint>
			</Association>
			<Association Name="AssociationSearchToCount" sap:content-version="1"><End Type="ZOD_LAZARUS_CUSTOMER_SHIPMENTS_SRV.Search" Multiplicity="1" Role="FromRole_AssociationSearchToCount"/><End Type="ZOD_LAZARUS_CUSTOMER_SHIPMENTS_SRV.Count" Multiplicity="*" Role="ToRole_AssociationSearchToCount"/>
				<ReferentialConstraint>
					<Principal Role="FromRole_AssociationSearchToCount"><PropertyRef Name="Type"/></Principal>
					<Dependent Role="ToRole_AssociationSearchToCount"><PropertyRef Name="Type"/></Dependent>
				</ReferentialConstraint>
			</Association>
			<Association Name="AssociationFreightHeaderToFreightItem" sap:content-version="1"><End Type="ZOD_LAZARUS_CUSTOMER_SHIPMENTS_SRV.FreightHeader" Multiplicity="1" Role="FromRole_AssociationFreightHeaderToFreightItem"/><End Type="ZOD_LAZARUS_CUSTOMER_SHIPMENTS_SRV.FreightItem" Multiplicity="*" Role="ToRole_AssociationFreightHeaderToFreightItem"/>
				<ReferentialConstraint>
					<Principal Role="FromRole_AssociationFreightHeaderToFreightItem"><PropertyRef Name="ReferenceNumber"/></Principal>
					<Dependent Role="ToRole_AssociationFreightHeaderToFreightItem"><PropertyRef Name="ReferenceNumber"/></Dependent>
				</ReferentialConstraint>
			</Association>
			<EntityContainer Name="ZOD_LAZARUS_CUSTOMER_SHIPMENTS_SRV_Entities" m:IsDefaultEntityContainer="true" sap:supported-formats="atom json xlsx"><EntitySet Name="FileDownloadSet" EntityType="ZOD_LAZARUS_CUSTOMER_SHIPMENTS_SRV.FileDownload" sap:creatable="false" sap:updatable="false"
				sap:deletable="false" sap:pageable="false" sap:content-version="1"/><EntitySet Name="RequestCarrierMessageSet" EntityType="ZOD_LAZARUS_CUSTOMER_SHIPMENTS_SRV.RequestCarrierMessage" sap:creatable="false"
				sap:updatable="false" sap:deletable="false" sap:pageable="false" sap:content-version="1"/><EntitySet Name="CancelMessageSet" EntityType="ZOD_LAZARUS_CUSTOMER_SHIPMENTS_SRV.CancelMessage" sap:creatable="false" sap:updatable="false"
				sap:deletable="false" sap:pageable="false" sap:content-version="1"/><EntitySet Name="FreightHeaderSet" EntityType="ZOD_LAZARUS_CUSTOMER_SHIPMENTS_SRV.FreightHeader" sap:creatable="false" sap:updatable="false"
				sap:deletable="false" sap:pageable="false" sap:addressable="false" sap:content-version="1"/><EntitySet Name="FreightItemSet" EntityType="ZOD_LAZARUS_CUSTOMER_SHIPMENTS_SRV.FreightItem" sap:creatable="false" sap:updatable="false"
				sap:deletable="false" sap:pageable="false" sap:addressable="false" sap:content-version="1"/><EntitySet Name="DownloadTemplateSet" EntityType="ZOD_LAZARUS_CUSTOMER_SHIPMENTS_SRV.DownloadTemplate" sap:creatable="false"
				sap:updatable="false" sap:deletable="false" sap:pageable="false" sap:addressable="false" sap:content-version="1"/><EntitySet Name="FileUploadSet" EntityType="ZOD_LAZARUS_CUSTOMER_SHIPMENTS_SRV.FileUpload" sap:creatable="false" sap:updatable="false"
				sap:deletable="false" sap:pageable="false" sap:addressable="false" sap:content-version="1"/><EntitySet Name="FreightPacHeaderSet" EntityType="ZOD_LAZARUS_CUSTOMER_SHIPMENTS_SRV.FreightPacHeader" sap:creatable="false"
				sap:updatable="false" sap:deletable="false" sap:pageable="false" sap:addressable="false" sap:content-version="1"/><EntitySet Name="FreightPacItemSet" EntityType="ZOD_LAZARUS_CUSTOMER_SHIPMENTS_SRV.FreightPacItem" sap:creatable="false"
				sap:updatable="false" sap:deletable="false" sap:pageable="false" sap:addressable="false" sap:content-version="1"/><EntitySet Name="PacReqShippingMessageCollection" EntityType="ZOD_LAZARUS_CUSTOMER_SHIPMENTS_SRV.PacReqShippingMessage"
				sap:content-version="1"/><EntitySet Name="NewSet" EntityType="ZOD_LAZARUS_CUSTOMER_SHIPMENTS_SRV.New" sap:creatable="false" sap:updatable="false"
				sap:deletable="false" sap:pageable="false" sap:content-version="1"/><EntitySet Name="CarrierDeterminedSet" EntityType="ZOD_LAZARUS_CUSTOMER_SHIPMENTS_SRV.CarrierDetermined" sap:creatable="false"
				sap:updatable="false" sap:deletable="false" sap:pageable="false" sap:content-version="1"/><EntitySet Name="ReadyForShipmentSet" EntityType="ZOD_LAZARUS_CUSTOMER_SHIPMENTS_SRV.ReadyForShipment" sap:creatable="false"
				sap:updatable="false" sap:deletable="false" sap:pageable="false" sap:content-version="1"/><EntitySet Name="ErrorSet" EntityType="ZOD_LAZARUS_CUSTOMER_SHIPMENTS_SRV.Error" sap:creatable="false" sap:updatable="false"
				sap:deletable="false" sap:pageable="false" sap:content-version="1"/><EntitySet Name="SearchSet" EntityType="ZOD_LAZARUS_CUSTOMER_SHIPMENTS_SRV.Search" sap:creatable="false" sap:updatable="false"
				sap:deletable="false" sap:pageable="false" sap:content-version="1"/><EntitySet Name="CountSet" EntityType="ZOD_LAZARUS_CUSTOMER_SHIPMENTS_SRV.Count" sap:creatable="false" sap:updatable="false"
				sap:deletable="false" sap:pageable="false" sap:content-version="1"/><EntitySet Name="RegionSet" EntityType="ZOD_LAZARUS_CUSTOMER_SHIPMENTS_SRV.Region" sap:creatable="false" sap:updatable="false"
				sap:deletable="false" sap:pageable="false" sap:addressable="false" sap:content-version="1"/><EntitySet Name="RcCodeSet" EntityType="ZOD_LAZARUS_CUSTOMER_SHIPMENTS_SRV.RcCode" sap:creatable="false" sap:updatable="false"
				sap:deletable="false" sap:pageable="false" sap:addressable="false" sap:content-version="1"/><EntitySet Name="UserSet" EntityType="ZOD_LAZARUS_CUSTOMER_SHIPMENTS_SRV.User" sap:creatable="false" sap:updatable="false"
				sap:deletable="false" sap:pageable="false" sap:addressable="false" sap:content-version="1"/><EntitySet Name="FreightHeaderMessageSet" EntityType="ZOD_LAZARUS_CUSTOMER_SHIPMENTS_SRV.FreightHeaderMessage" sap:creatable="false"
				sap:updatable="false" sap:deletable="false" sap:pageable="false" sap:addressable="false" sap:content-version="1"/><EntitySet Name="UpdateCarrierSet" EntityType="ZOD_LAZARUS_CUSTOMER_SHIPMENTS_SRV.UpdateCarrier" sap:creatable="false" sap:updatable="false"
				sap:deletable="false" sap:pageable="false" sap:addressable="false" sap:content-version="1"/>
				<AssociationSet Name="AssociationUpdateCarrierToCarrierItemSet"
					Association="ZOD_LAZARUS_CUSTOMER_SHIPMENTS_SRV.AssociationUpdateCarrierToCarrierItem" sap:creatable="false" sap:updatable="false"
					sap:deletable="false" sap:content-version="1"><End EntitySet="UpdateCarrierSet" Role="FromRole_AssociationUpdateCarrierToCarrierItem"/><End EntitySet="FreightItemSet" Role="ToRole_AssociationUpdateCarrierToCarrierItem"/></AssociationSet>
				<AssociationSet Name="AssociationFreightHeaderToFreightItemSet"
					Association="ZOD_LAZARUS_CUSTOMER_SHIPMENTS_SRV.AssociationFreightHeaderToFreightItem" sap:creatable="false" sap:updatable="false"
					sap:deletable="false" sap:content-version="1"><End EntitySet="FreightHeaderSet" Role="FromRole_AssociationFreightHeaderToFreightItem"/><End EntitySet="FreightItemSet" Role="ToRole_AssociationFreightHeaderToFreightItem"/></AssociationSet>
				<AssociationSet Name="AssociationSearchToReadyForShipmentSet"
					Association="ZOD_LAZARUS_CUSTOMER_SHIPMENTS_SRV.AssociationSearchToReadyForShipment" sap:creatable="false" sap:updatable="false"
					sap:deletable="false" sap:content-version="1"><End EntitySet="SearchSet" Role="FromRole_AssociationSearchToReadyForShipment"/><End EntitySet="ReadyForShipmentSet" Role="ToRole_AssociationSearchToReadyForShipment"/></AssociationSet>
				<AssociationSet Name="AssociationSearchToCountSet" Association="ZOD_LAZARUS_CUSTOMER_SHIPMENTS_SRV.AssociationSearchToCount"
					sap:creatable="false" sap:updatable="false" sap:deletable="false" sap:content-version="1"><End EntitySet="SearchSet" Role="FromRole_AssociationSearchToCount"/><End EntitySet="CountSet" Role="ToRole_AssociationSearchToCount"/></AssociationSet>
				<AssociationSet Name="AssociationSearchToErrorSet" Association="ZOD_LAZARUS_CUSTOMER_SHIPMENTS_SRV.AssociationSearchToError"
					sap:creatable="false" sap:updatable="false" sap:deletable="false" sap:content-version="1"><End EntitySet="SearchSet" Role="FromRole_AssociationSearchToError"/><End EntitySet="ErrorSet" Role="ToRole_AssociationSearchToError"/></AssociationSet>
				<AssociationSet Name="AssociationSearchToNewSet" Association="ZOD_LAZARUS_CUSTOMER_SHIPMENTS_SRV.AssociationSearchToNew"
					sap:creatable="false" sap:updatable="false" sap:deletable="false" sap:content-version="1"><End EntitySet="SearchSet" Role="FromRole_AssociationSearchToNew"/><End EntitySet="NewSet" Role="ToRole_AssociationSearchToNew"/></AssociationSet>
				<AssociationSet Name="AssociationSearchToCarrierDeterminedSet"
					Association="ZOD_LAZARUS_CUSTOMER_SHIPMENTS_SRV.AssociationSearchToCarrierDetermined" sap:creatable="false" sap:updatable="false"
					sap:deletable="false" sap:content-version="1"><End EntitySet="SearchSet" Role="FromRole_AssociationSearchToCarrierDetermined"/><End EntitySet="CarrierDeterminedSet" Role="ToRole_AssociationSearchToCarrierDetermined"/></AssociationSet>
				<FunctionImport Name="CDRCancelShipment" ReturnType="ZOD_LAZARUS_CUSTOMER_SHIPMENTS_SRV.CancelMessage" EntitySet="CancelMessageSet"
					m:HttpMethod="POST" sap:label="Function Import for Carrier Determined Cancel Shipment"><Parameter Name="ReferenceNumber" Type="Edm.String" Mode="In"/><Parameter Name="LoadRequest" Type="Edm.String" Mode="In"/><Parameter Name="Region" Type="Edm.String" Mode="In"/></FunctionImport>
				<FunctionImport Name="RequestCarrier" ReturnType="ZOD_LAZARUS_CUSTOMER_SHIPMENTS_SRV.RequestCarrierMessage"
					EntitySet="RequestCarrierMessageSet" m:HttpMethod="POST" sap:label="Function Import for Request Carrier"><Parameter Name="PartNo" Type="Edm.String" Mode="In"/><Parameter Name="ServiceNotification" Type="Edm.String" Mode="In"/><Parameter Name="Status" Type="Edm.String" Mode="In"/></FunctionImport>
				<FunctionImport Name="RequestShipping" ReturnType="ZOD_LAZARUS_CUSTOMER_SHIPMENTS_SRV.FreightHeaderMessage"
					EntitySet="FreightHeaderMessageSet" m:HttpMethod="POST" sap:label="Function Import for Request Shipping"><Parameter Name="ReferenceNumber" Type="Edm.String" Mode="In"/></FunctionImport>
				<FunctionImport Name="FileDownloadTemplate" ReturnType="ZOD_LAZARUS_CUSTOMER_SHIPMENTS_SRV.DownloadTemplate" EntitySet="DownloadTemplateSet"
					m:HttpMethod="POST" sap:label="File Download Template"><Parameter Name="Region" Type="Edm.String" Mode="In"/><Parameter Name="DispatchID" Type="Edm.String" Mode="In"/><Parameter Name="ServiceNotification" Type="Edm.String" Mode="In"/><Parameter Name="SerialNumber" Type="Edm.String" Mode="In"/><Parameter Name="ShipToPartner" Type="Edm.String" Mode="In"/></FunctionImport>
				<FunctionImport Name="PacRequestShipping" ReturnType="ZOD_LAZARUS_CUSTOMER_SHIPMENTS_SRV.PacReqShippingMessage"
					EntitySet="PacReqShippingMessageCollection" m:HttpMethod="POST"><Parameter Name="ShipTo" Type="Edm.String" Mode="In"/></FunctionImport>
				<FunctionImport Name="CDRCancelShipmentValidate" ReturnType="ZOD_LAZARUS_CUSTOMER_SHIPMENTS_SRV.CancelMessage" EntitySet="CancelMessageSet"
					m:HttpMethod="POST" sap:label="Function Import for Carrier Determined Validate Shipment"><Parameter Name="ReferenceNumber" Type="Edm.String" Mode="In"/></FunctionImport>
				<FunctionImport Name="RFSCancelShipment" ReturnType="ZOD_LAZARUS_CUSTOMER_SHIPMENTS_SRV.CancelMessage" EntitySet="CancelMessageSet"
					m:HttpMethod="POST" sap:label="Function Import for ReadyForShipment Cancel Shipment"><Parameter Name="LoadRequest" Type="Edm.String" Mode="In"/><Parameter Name="Region" Type="Edm.String" Mode="In"/><Parameter Name="ReferenceNumber" Type="Edm.String" Mode="In"/></FunctionImport>
				<FunctionImport Name="RFSCancelShipmentValidate" ReturnType="ZOD_LAZARUS_CUSTOMER_SHIPMENTS_SRV.CancelMessage" EntitySet="CancelMessageSet"
					m:HttpMethod="POST" sap:label="Function Import for ReadyForShipment Validate Shipment"><Parameter Name="Proforma" Type="Edm.String" Mode="In"/><Parameter Name="ReferenceNumber" Type="Edm.String" Mode="In"/></FunctionImport>
			</EntityContainer><atom:link rel="self"
				href="https://webidecp-h2bvhq7pbr.dispatcher.us2.hana.ondemand.com/destinations/dv5neo/sap/opu/odata/sap/ZOD_LAZARUS_CUSTOMER_SHIPMENTS_SRV/$metadata"
				xmlns:atom="http://www.w3.org/2005/Atom"/><atom:link rel="latest-version"
				href="https://webidecp-h2bvhq7pbr.dispatcher.us2.hana.ondemand.com/destinations/dv5neo/sap/opu/odata/sap/ZOD_LAZARUS_CUSTOMER_SHIPMENTS_SRV/$metadata"
				xmlns:atom="http://www.w3.org/2005/Atom"/></Schema>
	</edmx:DataServices>
</edmx:Edmx>