{
    "d": {
        "results": [
            {
                "__metadata": {
                    "id": "http://epweb-dev.corp.apple.com/sap/opu/odata/sap/ZOD_DAT_CVC_WAVE_SRV/SecprofileCVCSet(Secprofile='O_D42_5600',FiscWeek='2022040',Region='AMR')",
                    "uri": "http://epweb-dev.corp.apple.com/sap/opu/odata/sap/ZOD_DAT_CVC_WAVE_SRV/SecprofileCVCSet(Secprofile='O_D42_5600',FiscWeek='2022040',Region='AMR')",
                    "type": "ZOD_DAT_CVC_WAVE_SRV.SecprofileCVC"
                },
                "Secprofile": "O_D42_5600",
                "FiscWeek": "2022040",
                "Region": "AMR",
                "WaveNr": "00000",
                "NAVSecprofileCVCList": {
                    "__deferred": {
                        "uri": "http://epweb-dev.corp.apple.com/sap/opu/odata/sap/ZOD_DAT_CVC_WAVE_SRV/SecprofileCVCSet(Secprofile='O_D42_5600',FiscWeek='2022040',Region='AMR')/NAVSecprofileCVCList"
                    }
                },
                "NavSecprofCVC": {
                    "results": [
                        {
                            "__metadata": {
                                "id": "http://epweb-dev.corp.apple.com/sap/opu/odata/sap/ZOD_DAT_CVC_WAVE_SRV/CVCSet('KUNNR')",
                                "uri": "http://epweb-dev.corp.apple.com/sap/opu/odata/sap/ZOD_DAT_CVC_WAVE_SRV/CVCSet('KUNNR')",
                                "type": "ZOD_DAT_CVC_WAVE_SRV.CVC"
                            },
                            "Selname": "KUNNR",
                            "Kind": "",
                            "Sign": "",
                            "Option": "",
                            "Low": "0000601526",
                            "High": "",
                            "Txtsh": "AT&T MOBILITY LLC"
                        },
                        {
                            "__metadata": {
                                "id": "http://epweb-dev.corp.apple.com/sap/opu/odata/sap/ZOD_DAT_CVC_WAVE_SRV/CVCSet('KUNNR')",
                                "uri": "http://epweb-dev.corp.apple.com/sap/opu/odata/sap/ZOD_DAT_CVC_WAVE_SRV/CVCSet('KUNNR')",
                                "type": "ZOD_DAT_CVC_WAVE_SRV.CVC"
                            },
                            "Selname": "KUNNR",
                            "Kind": "",
                            "Sign": "",
                            "Option": "",
                            "Low": "0000703724",
                            "High": "",
                            "Txtsh": "VERIZON WIRELESS"
                        },
                        {
                            "__metadata": {
                                "id": "http://epweb-dev.corp.apple.com/sap/opu/odata/sap/ZOD_DAT_CVC_WAVE_SRV/CVCSet('MPN')",
                                "uri": "http://epweb-dev.corp.apple.com/sap/opu/odata/sap/ZOD_DAT_CVC_WAVE_SRV/CVCSet('MPN')",
                                "type": "ZOD_DAT_CVC_WAVE_SRV.CVC"
                            },
                            "Selname": "MPN",
                            "Kind": "",
                            "Sign": "",
                            "Option": "",
                            "Low": "MW9C2LL/A",
                            "High": "",
                            "Txtsh": "IPHONE 11 PRO SG 64GB ATT-USA"
                        },
                        {
                            "__metadata": {
                                "id": "http://epweb-dev.corp.apple.com/sap/opu/odata/sap/ZOD_DAT_CVC_WAVE_SRV/CVCSet('MPN')",
                                "uri": "http://epweb-dev.corp.apple.com/sap/opu/odata/sap/ZOD_DAT_CVC_WAVE_SRV/CVCSet('MPN')",
                                "type": "ZOD_DAT_CVC_WAVE_SRV.CVC"
                            },
                            "Selname": "MPN",
                            "Kind": "",
                            "Sign": "",
                            "Option": "",
                            "Low": "MW9D2LL/A",
                            "High": "",
                            "Txtsh": "IPHONE 11 PRO SLVR 64GB ATT-USA"
                        },
                        {
                            "__metadata": {
                                "id": "http://epweb-dev.corp.apple.com/sap/opu/odata/sap/ZOD_DAT_CVC_WAVE_SRV/CVCSet('MPN')",
                                "uri": "http://epweb-dev.corp.apple.com/sap/opu/odata/sap/ZOD_DAT_CVC_WAVE_SRV/CVCSet('MPN')",
                                "type": "ZOD_DAT_CVC_WAVE_SRV.CVC"
                            },
                            "Selname": "MPN",
                            "Kind": "",
                            "Sign": "",
                            "Option": "",
                            "Low": "MW9E2LL/A",
                            "High": "",
                            "Txtsh": "IPHONE 11 PRO GLD 64GB ATT-USA"
                        },
                        {
                            "__metadata": {
                                "id": "http://epweb-dev.corp.apple.com/sap/opu/odata/sap/ZOD_DAT_CVC_WAVE_SRV/CVCSet('MPN')",
                                "uri": "http://epweb-dev.corp.apple.com/sap/opu/odata/sap/ZOD_DAT_CVC_WAVE_SRV/CVCSet('MPN')",
                                "type": "ZOD_DAT_CVC_WAVE_SRV.CVC"
                            },
                            "Selname": "MPN",
                            "Kind": "",
                            "Sign": "",
                            "Option": "",
                            "Low": "MW9F2LL/A",
                            "High": "",
                            "Txtsh": "IPHONE 11 PRO MD GRN 64GB ATT-USA"
                        },
                        {
                            "__metadata": {
                                "id": "http://epweb-dev.corp.apple.com/sap/opu/odata/sap/ZOD_DAT_CVC_WAVE_SRV/CVCSet('MPN')",
                                "uri": "http://epweb-dev.corp.apple.com/sap/opu/odata/sap/ZOD_DAT_CVC_WAVE_SRV/CVCSet('MPN')",
                                "type": "ZOD_DAT_CVC_WAVE_SRV.CVC"
                            },
                            "Selname": "MPN",
                            "Kind": "",
                            "Sign": "",
                            "Option": "",
                            "Low": "MW9G2LL/A",
                            "High": "",
                            "Txtsh": "IPHONE 11 PRO SG 256GB ATT-USA"
                        },
                        {
                            "__metadata": {
                                "id": "http://epweb-dev.corp.apple.com/sap/opu/odata/sap/ZOD_DAT_CVC_WAVE_SRV/CVCSet('MPN')",
                                "uri": "http://epweb-dev.corp.apple.com/sap/opu/odata/sap/ZOD_DAT_CVC_WAVE_SRV/CVCSet('MPN')",
                                "type": "ZOD_DAT_CVC_WAVE_SRV.CVC"
                            },
                            "Selname": "MPN",
                            "Kind": "",
                            "Sign": "",
                            "Option": "",
                            "Low": "MW9H2LL/A",
                            "High": "",
                            "Txtsh": "IPHONE 11 PRO SLVR 256GB ATT-USA"
                        },
                        {
                            "__metadata": {
                                "id": "http://epweb-dev.corp.apple.com/sap/opu/odata/sap/ZOD_DAT_CVC_WAVE_SRV/CVCSet('MPN')",
                                "uri": "http://epweb-dev.corp.apple.com/sap/opu/odata/sap/ZOD_DAT_CVC_WAVE_SRV/CVCSet('MPN')",
                                "type": "ZOD_DAT_CVC_WAVE_SRV.CVC"
                            },
                            "Selname": "MPN",
                            "Kind": "",
                            "Sign": "",
                            "Option": "",
                            "Low": "MW9J2LL/A",
                            "High": "",
                            "Txtsh": "IPHONE 11 PRO GLD 256GB ATT-USA"
                        },
                        {
                            "__metadata": {
                                "id": "http://epweb-dev.corp.apple.com/sap/opu/odata/sap/ZOD_DAT_CVC_WAVE_SRV/CVCSet('MPN')",
                                "uri": "http://epweb-dev.corp.apple.com/sap/opu/odata/sap/ZOD_DAT_CVC_WAVE_SRV/CVCSet('MPN')",
                                "type": "ZOD_DAT_CVC_WAVE_SRV.CVC"
                            },
                            "Selname": "MPN",
                            "Kind": "",
                            "Sign": "",
                            "Option": "",
                            "Low": "MW9K2LL/A",
                            "High": "",
                            "Txtsh": "IPHONE 11 PRO MD GRN 256GB ATT-USA"
                        },
                        {
                            "__metadata": {
                                "id": "http://epweb-dev.corp.apple.com/sap/opu/odata/sap/ZOD_DAT_CVC_WAVE_SRV/CVCSet('MPN')",
                                "uri": "http://epweb-dev.corp.apple.com/sap/opu/odata/sap/ZOD_DAT_CVC_WAVE_SRV/CVCSet('MPN')",
                                "type": "ZOD_DAT_CVC_WAVE_SRV.CVC"
                            },
                            "Selname": "MPN",
                            "Kind": "",
                            "Sign": "",
                            "Option": "",
                            "Low": "MW9L2LL/A",
                            "High": "",
                            "Txtsh": "IPHONE 11 PRO SG 512GB ATT-USA"
                        },
                        {
                            "__metadata": {
                                "id": "http://epweb-dev.corp.apple.com/sap/opu/odata/sap/ZOD_DAT_CVC_WAVE_SRV/CVCSet('MPN')",
                                "uri": "http://epweb-dev.corp.apple.com/sap/opu/odata/sap/ZOD_DAT_CVC_WAVE_SRV/CVCSet('MPN')",
                                "type": "ZOD_DAT_CVC_WAVE_SRV.CVC"
                            },
                            "Selname": "MPN",
                            "Kind": "",
                            "Sign": "",
                            "Option": "",
                            "Low": "MWAM2LL/A",
                            "High": "",
                            "Txtsh": "IPHONE 11 PRO SG 64GB VER-USA"
                        },
                        {
                            "__metadata": {
                                "id": "http://epweb-dev.corp.apple.com/sap/opu/odata/sap/ZOD_DAT_CVC_WAVE_SRV/CVCSet('MPN')",
                                "uri": "http://epweb-dev.corp.apple.com/sap/opu/odata/sap/ZOD_DAT_CVC_WAVE_SRV/CVCSet('MPN')",
                                "type": "ZOD_DAT_CVC_WAVE_SRV.CVC"
                            },
                            "Selname": "MPN",
                            "Kind": "",
                            "Sign": "",
                            "Option": "",
                            "Low": "MWAP2LL/A",
                            "High": "",
                            "Txtsh": "IPHONE 11 PRO SLVR 64GB USA"
                        },
                        {
                            "__metadata": {
                                "id": "http://epweb-dev.corp.apple.com/sap/opu/odata/sap/ZOD_DAT_CVC_WAVE_SRV/CVCSet('MPN')",
                                "uri": "http://epweb-dev.corp.apple.com/sap/opu/odata/sap/ZOD_DAT_CVC_WAVE_SRV/CVCSet('MPN')",
                                "type": "ZOD_DAT_CVC_WAVE_SRV.CVC"
                            },
                            "Selname": "MPN",
                            "Kind": "",
                            "Sign": "",
                            "Option": "",
                            "Low": "MWAQ2LL/A",
                            "High": "",
                            "Txtsh": "IPHONE 11 PRO GLD 64GB VER-USA"
                        },
                        {
                            "__metadata": {
                                "id": "http://epweb-dev.corp.apple.com/sap/opu/odata/sap/ZOD_DAT_CVC_WAVE_SRV/CVCSet('MPN')",
                                "uri": "http://epweb-dev.corp.apple.com/sap/opu/odata/sap/ZOD_DAT_CVC_WAVE_SRV/CVCSet('MPN')",
                                "type": "ZOD_DAT_CVC_WAVE_SRV.CVC"
                            },
                            "Selname": "MPN",
                            "Kind": "",
                            "Sign": "",
                            "Option": "",
                            "Low": "MWAR2LL/A",
                            "High": "",
                            "Txtsh": "IPHONE 11 PRO MD GRN 64GB VER-USA"
                        },
                        {
                            "__metadata": {
                                "id": "http://epweb-dev.corp.apple.com/sap/opu/odata/sap/ZOD_DAT_CVC_WAVE_SRV/CVCSet('MPN')",
                                "uri": "http://epweb-dev.corp.apple.com/sap/opu/odata/sap/ZOD_DAT_CVC_WAVE_SRV/CVCSet('MPN')",
                                "type": "ZOD_DAT_CVC_WAVE_SRV.CVC"
                            },
                            "Selname": "MPN",
                            "Kind": "",
                            "Sign": "",
                            "Option": "",
                            "Low": "MWAT2LL/A",
                            "High": "",
                            "Txtsh": "IPHONE 11 PRO SG 256GB VER-USA"
                        },
                        {
                            "__metadata": {
                                "id": "http://epweb-dev.corp.apple.com/sap/opu/odata/sap/ZOD_DAT_CVC_WAVE_SRV/CVCSet('MPN')",
                                "uri": "http://epweb-dev.corp.apple.com/sap/opu/odata/sap/ZOD_DAT_CVC_WAVE_SRV/CVCSet('MPN')",
                                "type": "ZOD_DAT_CVC_WAVE_SRV.CVC"
                            },
                            "Selname": "MPN",
                            "Kind": "",
                            "Sign": "",
                            "Option": "",
                            "Low": "MWAU2LL/A",
                            "High": "",
                            "Txtsh": "IPHONE 11 PRO SLVR 256GB VER-USA"
                        },
                        {
                            "__metadata": {
                                "id": "http://epweb-dev.corp.apple.com/sap/opu/odata/sap/ZOD_DAT_CVC_WAVE_SRV/CVCSet('MPN')",
                                "uri": "http://epweb-dev.corp.apple.com/sap/opu/odata/sap/ZOD_DAT_CVC_WAVE_SRV/CVCSet('MPN')",
                                "type": "ZOD_DAT_CVC_WAVE_SRV.CVC"
                            },
                            "Selname": "MPN",
                            "Kind": "",
                            "Sign": "",
                            "Option": "",
                            "Low": "MWAV2LL/A",
                            "High": "",
                            "Txtsh": "IPHONE 11 PRO GLD 256GB VER-USA"
                        },
                        {
                            "__metadata": {
                                "id": "http://epweb-dev.corp.apple.com/sap/opu/odata/sap/ZOD_DAT_CVC_WAVE_SRV/CVCSet('MPN')",
                                "uri": "http://epweb-dev.corp.apple.com/sap/opu/odata/sap/ZOD_DAT_CVC_WAVE_SRV/CVCSet('MPN')",
                                "type": "ZOD_DAT_CVC_WAVE_SRV.CVC"
                            },
                            "Selname": "MPN",
                            "Kind": "",
                            "Sign": "",
                            "Option": "",
                            "Low": "MWAW2LL/A",
                            "High": "",
                            "Txtsh": "IPHONE 11 PRO MD GRN 256GB VER-USA"
                        },
                        {
                            "__metadata": {
                                "id": "http://epweb-dev.corp.apple.com/sap/opu/odata/sap/ZOD_DAT_CVC_WAVE_SRV/CVCSet('OPSSUBCLASS')",
                                "uri": "http://epweb-dev.corp.apple.com/sap/opu/odata/sap/ZOD_DAT_CVC_WAVE_SRV/CVCSet('OPSSUBCLASS')",
                                "type": "ZOD_DAT_CVC_WAVE_SRV.CVC"
                            },
                            "Selname": "OPSSUBCLASS",
                            "Kind": "",
                            "Sign": "",
                            "Option": "",
                            "Low": "O_D42",
                            "High": "",
                            "Txtsh": ""
                        },
                        {
                            "__metadata": {
                                "id": "http://epweb-dev.corp.apple.com/sap/opu/odata/sap/ZOD_DAT_CVC_WAVE_SRV/CVCSet('VKORG')",
                                "uri": "http://epweb-dev.corp.apple.com/sap/opu/odata/sap/ZOD_DAT_CVC_WAVE_SRV/CVCSet('VKORG')",
                                "type": "ZOD_DAT_CVC_WAVE_SRV.CVC"
                            },
                            "Selname": "VKORG",
                            "Kind": "",
                            "Sign": "",
                            "Option": "",
                            "Low": "5600",
                            "High": "",
                            "Txtsh": "U.S. Sales Org"
                        },
                        {
                            "__metadata": {
                                "id": "http://epweb-dev.corp.apple.com/sap/opu/odata/sap/ZOD_DAT_CVC_WAVE_SRV/CVCSet('ZDISTC')",
                                "uri": "http://epweb-dev.corp.apple.com/sap/opu/odata/sap/ZOD_DAT_CVC_WAVE_SRV/CVCSet('ZDISTC')",
                                "type": "ZOD_DAT_CVC_WAVE_SRV.CVC"
                            },
                            "Selname": "ZDISTC",
                            "Kind": "",
                            "Sign": "",
                            "Option": "",
                            "Low": "01",
                            "High": "",
                            "Txtsh": ""
                        }
                    ]
                }
            }
        ]
    }
}