{
    "d": {
        "results": [
            {
                "__metadata": {
                    "id": "https://olympusoem-dev-cp.corp.apple.com:10443/odata/v2/CarrierPalletLabel/ConfigValues('LOADREQ_N1')",
                    "uri": "https://olympusoem-dev-cp.corp.apple.com:10443/odata/v2/CarrierPalletLabel/ConfigValues('LOADREQ_N1')",
                    "type": "CarrierPalletLabel.ConfigValues"
                },
                "NAME": "LOADREQ_N1",
                "VALUE": "O"
            },
            {
                "__metadata": {
                    "id": "https://olympusoem-dev-cp.corp.apple.com:10443/odata/v2/CarrierPalletLabel/ConfigValues('SSCC18_N1')",
                    "uri": "https://olympusoem-dev-cp.corp.apple.com:10443/odata/v2/CarrierPalletLabel/ConfigValues('SSCC18_N1')",
                    "type": "CarrierPalletLabel.ConfigValues"
                },
                "NAME": "SSCC18_N1",
                "VALUE": "1"
            },
            {
                "__metadata": {
                    "id": "https://olympusoem-dev-cp.corp.apple.com:10443/odata/v2/CarrierPalletLabel/ConfigValues('SSCC18_N2_N8')",
                    "uri": "https://olympusoem-dev-cp.corp.apple.com:10443/odata/v2/CarrierPalletLabel/ConfigValues('SSCC18_N2_N8')",
                    "type": "CarrierPalletLabel.ConfigValues"
                },
                "NAME": "SSCC18_N2_N8",
                "VALUE": "0718908"
            },
            {
                "__metadata": {
                    "id": "https://olympusoem-dev-cp.corp.apple.com:10443/odata/v2/CarrierPalletLabel/ConfigValues('test11')",
                    "uri": "https://olympusoem-dev-cp.corp.apple.com:10443/odata/v2/CarrierPalletLabel/ConfigValues('test11')",
                    "type": "CarrierPalletLabel.ConfigValues"
                },
                "NAME": "test11",
                "VALUE": "8"
            },
            {
                "__metadata": {
                    "id": "https://olympusoem-dev-cp.corp.apple.com:10443/odata/v2/CarrierPalletLabel/ConfigValues('test2')",
                    "uri": "https://olympusoem-dev-cp.corp.apple.com:10443/odata/v2/CarrierPalletLabel/ConfigValues('test2')",
                    "type": "CarrierPalletLabel.ConfigValues"
                },
                "NAME": "test2",
                "VALUE": "2"
            }
        ]
    }
}