{
    "d": {
        "results": [
            {
                "__metadata": {
                    "id": "https://olympusoem-dev-cp.corp.apple.com:10443/odata/v2/CarrierPalletLabel/NumberRanges(NAME='HAWB',VENDOR='0002959VP')",
                    "uri": "https://olympusoem-dev-cp.corp.apple.com:10443/odata/v2/CarrierPalletLabel/NumberRanges(NAME='HAWB',VENDOR='0002959VP')",
                    "type": "CarrierPalletLabel.NumberRanges"
                },
                "NAME": "HAWB",
                "VENDOR": "0002959VP",
                "STARTING_NUMBER":"1",
                "MAXIMUM_NUMBER": "9999999999",
                "CURRENT_NUMBER": "1000000288"
            },
            {
                "__metadata": {
                    "id": "https://olympusoem-dev-cp.corp.apple.com:10443/odata/v2/CarrierPalletLabel/NumberRanges(NAME='LOADREQ',VENDOR='0002959VP')",
                    "uri": "https://olympusoem-dev-cp.corp.apple.com:10443/odata/v2/CarrierPalletLabel/NumberRanges(NAME='LOADREQ',VENDOR='0002959VP')",
                    "type": "CarrierPalletLabel.NumberRanges"
                },
                "NAME": "LOADREQ",
                "VENDOR": "0002959VP",
                "STARTING_NUMBER":"1",
                "MAXIMUM_NUMBER": "99999",
                "CURRENT_NUMBER": "307"
            },
            {
                "__metadata": {
                    "id": "https://olympusoem-dev-cp.corp.apple.com:10443/odata/v2/CarrierPalletLabel/NumberRanges(NAME='SSCC18M',VENDOR='0002959VP')",
                    "uri": "https://olympusoem-dev-cp.corp.apple.com:10443/odata/v2/CarrierPalletLabel/NumberRanges(NAME='SSCC18M',VENDOR='0002959VP')",
                    "type": "CarrierPalletLabel.NumberRanges"
                },
                "NAME": "SSCC18M",
                "VENDOR": "0002959VP",
                "STARTING_NUMBER":"1",
                "MAXIMUM_NUMBER": "500000000",
                "CURRENT_NUMBER": "582"
            },
            {
                "__metadata": {
                    "id": "https://olympusoem-dev-cp.corp.apple.com:10443/odata/v2/CarrierPalletLabel/NumberRanges(NAME='SSCC18N',VENDOR='0002959VP')",
                    "uri": "https://olympusoem-dev-cp.corp.apple.com:10443/odata/v2/CarrierPalletLabel/NumberRanges(NAME='SSCC18N',VENDOR='0002959VP')",
                    "type": "CarrierPalletLabel.NumberRanges"
                },
                "NAME": "SSCC18N",
                "VENDOR": "0002959VP",
                "STARTING_NUMBER":"1",
                "MAXIMUM_NUMBER": "999999999",
                "CURRENT_NUMBER": "810000116"
            },
            {
                "__metadata": {
                    "id": "https://olympusoem-dev-cp.corp.apple.com:10443/odata/v2/CarrierPalletLabel/NumberRanges(NAME='test4',VENDOR='0002959VP')",
                    "uri": "https://olympusoem-dev-cp.corp.apple.com:10443/odata/v2/CarrierPalletLabel/NumberRanges(NAME='test4',VENDOR='0002959VP')",
                    "type": "CarrierPalletLabel.NumberRanges"
                },
                "NAME": "test4",
                "VENDOR": "0002959VP",
                "STARTING_NUMBER":"1",
                "MAXIMUM_NUMBER": "10000",
                "CURRENT_NUMBER": "634"
            }
        ]
    }
}