{
    "xsappname": "configandsetting",
    "tenant-mode": "dedicated",
    "description": "Security profile of OLYMPUS applications",
    "scopes": [
        {
            "name": "$XSAPPNAME.PO_DISPLAY",
            "description": "PO Display"
        },
        {
            "name": "$XSAPPNAME.PALLETGS1_DISPLAY",
            "description": "Pallet GS1 Display"
        },
        {
            "name": "$XSAPPNAME.PALLETGS1_CREATE",
            "description": "Pallet GS1 Create"
        },
        {
            "name": "$XSAPPNAME.PALLETGS1_UPDATE",
            "description": "Pallet GS1 UPDATE"
        },
        {
            "name": "$XSAPPNAME.CARRIERLABEL_DISPLAY",
            "description": "Carrier Label Display"
        },
        {
            "name": "$XSAPPNAME.CARRIERLABEL_CREATE",
            "description": "Carrier Label Create"
        },
        {
            "name": "$XSAPPNAME.CARRIERLABEL_UPDATE",
            "description": "Carrier Label UPDATE"
        },
        {
            "name": "$XSAPPNAME.MASTERDATA_DISPLAY",
            "description": "Master Data Display"
        },
        {
            "name": "$XSAPPNAME.CONFIGANDSETTIING_DISPLAY",
            "description": "Config and Setting Display"
        },
        {
            "name": "$XSAPPNAME.CONFIGANDSETTIING_CREATE",
            "description": "Config and Setting CREATE"
        },
        {
            "name": "$XSAPPNAME.CONFIGANDSETTIING_UPDATE",
            "description": "Config and Setting UPDATE"
        }
    ],
    "attributes": [
        {
            "name": "Plant",
            "description": "Plant",
            "valueType": "string"
        },
        {
            "name": "Vendor",
            "description": "Vendor",
            "valueType": "string"
        }
    ],
    "role-templates": [
        {
            "name": "T_OEM_SAAS_Apple_Admin",
            "description": "SAAS OEM Apple Adminstrator",
            "scope-references": [
                "$XSAPPNAME.PO_DISPLAY",
                "$XSAPPNAME.PALLETGS1_DISPLAY",
                "$XSAPPNAME.CARRIERLABEL_DISPLAY",
                "$XSAPPNAME.CONFIGANDSETTIING_DISPLAY",
                "$XSAPPNAME.MASTERDATA_DISPLAY",
                "$XSAPPNAME.PALLETGS1_CREATE",
                "$XSAPPNAME.CARRIERLABEL_CREATE",
                "$XSAPPNAME.CONFIGANDSETTIING_CREATE",
                "$XSAPPNAME.PALLETGS1_UPDATE",
                "$XSAPPNAME.CARRIERLABEL_UPDATE",
                "$XSAPPNAME.CONFIGANDSETTIING_UPDATE"
            ],
            "attribute-references": [
                "Plant",
                "Vendor"
            ]
        },
        {
            "name": "T_OEM_SAAS_Apple_Display",
            "description": "SAAS OEM Apple View Only",
            "scope-references": [
                "$XSAPPNAME.PO_DISPLAY",
                "$XSAPPNAME.PALLETGS1_DISPLAY",
                "$XSAPPNAME.CARRIERLABEL_DISPLAY",
                "$XSAPPNAME.CONFIGANDSETTIING_DISPLAY",
                "$XSAPPNAME.MASTERDATA_DISPLAY"
            ],
            "attribute-references": [
                "Plant",
                "Vendor"
            ]
        },
        {
            "name": "T_OEM_SAAS_External_MGR",
            "description": "SAAS OEM Lens Manager",
            "scope-references": [
                "$XSAPPNAME.PO_DISPLAY",
                "$XSAPPNAME.PALLETGS1_DISPLAY",
                "$XSAPPNAME.CARRIERLABEL_DISPLAY",
                "$XSAPPNAME.CONFIGANDSETTIING_DISPLAY",
                "$XSAPPNAME.MASTERDATA_DISPLAY",
                "$XSAPPNAME.PALLETGS1_CREATE",
                "$XSAPPNAME.CARRIERLABEL_CREATE",
                "$XSAPPNAME.PALLETGS1_UPDATE",
                "$XSAPPNAME.CARRIERLABEL_UPDATE"
            ],
            "attribute-references": [
                "Plant",
                "Vendor"
            ]
        },
        {
            "name": "T_OEM_SAAS_External_Display",
            "description": "SAAS OEM Lens Display",
            "scope-references": [
                "$XSAPPNAME.PO_DISPLAY",
                "$XSAPPNAME.PALLETGS1_DISPLAY",
                "$XSAPPNAME.CARRIERLABEL_DISPLAY",
                "$XSAPPNAME.CONFIGANDSETTIING_DISPLAY",
                "$XSAPPNAME.MASTERDATA_DISPLAY",
                "$XSAPPNAME.PALLETGS1_CREATE",
                "$XSAPPNAME.CARRIERLABEL_CREATE",
                "$XSAPPNAME.PALLETGS1_UPDATE",
                "$XSAPPNAME.CARRIERLABEL_UPDATE"
            ],
            "attribute-references": [
                "Plant",
                "Vendor"
            ]
        },
        {
            "name": "T_OCN_ISTSAAD",
            "description": "IS&T Support Display Access",
            "scope-references": [
                "$XSAPPNAME.PO_DISPLAY",
                "$XSAPPNAME.PALLETGS1_DISPLAY",
                "$XSAPPNAME.CARRIERLABEL_DISPLAY",
                "$XSAPPNAME.CONFIGANDSETTIING_DISPLAY",
                "$XSAPPNAME.MASTERDATA_DISPLAY"
            ],
            "attribute-references": [
                "Plant",
                "Vendor"
            ]
        },
        {
            "name": "T_OCN_IST911",
            "description": "IS&T Global Production 911 Basis - Owned by Basis Mgr",
            "scope-references": [
                "$XSAPPNAME.PO_DISPLAY",
                "$XSAPPNAME.PALLETGS1_DISPLAY",
                "$XSAPPNAME.CARRIERLABEL_DISPLAY",
                "$XSAPPNAME.CONFIGANDSETTIING_DISPLAY",
                "$XSAPPNAME.MASTERDATA_DISPLAY",
                "$XSAPPNAME.PALLETGS1_CREATE",
                "$XSAPPNAME.CARRIERLABEL_CREATE",
                "$XSAPPNAME.CONFIGANDSETTIING_CREATE",
                "$XSAPPNAME.PALLETGS1_UPDATE",
                "$XSAPPNAME.CARRIERLABEL_UPDATE",
                "$XSAPPNAME.CONFIGANDSETTIING_UPDATE"
            ],
            "attribute-references": [
                "Plant",
                "Vendor"
            ]
        }
    ],
    "oauth2-configuration": {
        "redirect-uris": [
            "https://olympusoem-dev-cp.corp.apple.com/**",
            "https://olympusoem-uat-cp.corp.apple.com/**",
            "https://olympusoem-cp.corp.apple.com/**"
        ],
        "allowedproviders": [
            "corp-apps"
        ]
    }
}