<?xml version="1.0" encoding="utf-8"?>
<edmx:Edmx Version="1.0" xmlns:edmx="http://schemas.microsoft.com/ado/2007/06/edmx"
	xmlns:m="http://schemas.microsoft.com/ado/2007/08/dataservices/metadata" xmlns:sap="http://www.sap.com/Protocols/SAPData">
	<edmx:DataServices m:DataServiceVersion="2.0">
		<Schema Namespace="ZOD_LAZARUS_DCSHIPMENTS_SRV" xml:lang="en" sap:schema-version="1" xmlns="http://schemas.microsoft.com/ado/2008/09/edm">
			<EntityType Name="SearchRequest" sap:content-version="1">
				<Key><PropertyRef Name="Type"/></Key><Property Name="Type" Type="Edm.String" Nullable="false" sap:unicode="false" sap:creatable="false" sap:updatable="false"
					sap:sortable="false" sap:filterable="false"/><Property Name="DispatchID" Type="Edm.String" Nullable="false" sap:unicode="false" sap:creatable="false" sap:updatable="false"
					sap:sortable="false" sap:filterable="false"/><Property Name="Region" Type="Edm.String" Nullable="false" sap:unicode="false" sap:creatable="false" sap:updatable="false"
					sap:sortable="false" sap:filterable="false"/><Property Name="ShipFromPartner" Type="Edm.String" Nullable="false" sap:unicode="false" sap:creatable="false" sap:updatable="false"
					sap:sortable="false" sap:filterable="false"/><Property Name="RMA" Type="Edm.String" Nullable="false" sap:unicode="false" sap:creatable="false" sap:updatable="false" sap:sortable="false"
					sap:filterable="false"/><Property Name="ServiceNotificationNo" Type="Edm.String" Nullable="false" sap:unicode="false" sap:creatable="false" sap:updatable="false"
					sap:sortable="false" sap:filterable="false"/><Property Name="ModuleSerialNo" Type="Edm.String" Nullable="false" sap:unicode="false" sap:creatable="false" sap:updatable="false"
					sap:sortable="false" sap:filterable="false"/><Property Name="PurchaseOrder" Type="Edm.String" Nullable="false" sap:unicode="false" sap:creatable="false" sap:updatable="false"
					sap:sortable="false" sap:filterable="false"/><Property Name="ChangeDate" Type="Edm.String" Nullable="false" sap:unicode="false" sap:creatable="false" sap:updatable="false"
					sap:sortable="false" sap:filterable="false"/><Property Name="MaxRows" Type="Edm.String" Nullable="false" sap:unicode="false" sap:creatable="false" sap:updatable="false"
					sap:sortable="false" sap:filterable="false"/><Property Name="ReturnOrderItem" Type="Edm.String" Nullable="false" sap:unicode="false" sap:creatable="false" sap:updatable="false"
					sap:sortable="false" sap:filterable="false"/><Property Name="PartNo" Type="Edm.String" Nullable="false" sap:unicode="false" sap:creatable="false" sap:updatable="false"
					sap:sortable="false" sap:filterable="false"/><NavigationProperty Name="ToCounts" Relationship="ZOD_LAZARUS_DCSHIPMENTS_SRV.AssosiationSrchReqtoCounts"
					FromRole="FromRole_AssosiationSrchReqtoCounts" ToRole="ToRole_AssosiationSrchReqtoCounts"/><NavigationProperty Name="ToPartsPendingReturn" Relationship="ZOD_LAZARUS_DCSHIPMENTS_SRV.AssociationSrchReqToPartsPendingReturn"
					FromRole="FromRole_AssociationSrchReqToPartsPendingReturn" ToRole="ToRole_AssociationSrchReqToPartsPendingReturn"/><NavigationProperty Name="ToCarrierDetermined" Relationship="ZOD_LAZARUS_DCSHIPMENTS_SRV.AssosiationSrchReqToCarrierDetermined"
					FromRole="FromRole_AssosiationSrchReqToCarrierDetermined" ToRole="ToRole_AssosiationSrchReqToCarrierDetermined"/><NavigationProperty Name="ToError" Relationship="ZOD_LAZARUS_DCSHIPMENTS_SRV.AssociationSrchReqToError"
					FromRole="FromRole_AssociationSrchReqToError" ToRole="ToRole_AssociationSrchReqToError"/><NavigationProperty Name="ToReadyForShip" Relationship="ZOD_LAZARUS_DCSHIPMENTS_SRV.AssosiationSrchReqtoCountsToReadyForShip"
					FromRole="FromRole_AssosiationSrchReqtoCountsToReadyForShip" ToRole="ToRole_AssosiationSrchReqtoCountsToReadyForShip"/></EntityType>
			<EntityType Name="PartsPendingReturn" sap:content-version="1">
				<Key><PropertyRef Name="ServiceNotification"/><PropertyRef Name="ReturnOrder"/><PropertyRef Name="ReturnOrderItem"/><PropertyRef Name="PartNo"/></Key><Property Name="ServiceNotification" Type="Edm.String" Nullable="false" sap:unicode="false" sap:creatable="false" sap:updatable="false"
					sap:sortable="false" sap:filterable="false"/><Property Name="ReturnOrder" Type="Edm.String" Nullable="false" sap:unicode="false" sap:creatable="false" sap:updatable="false"
					sap:sortable="false" sap:filterable="false"/><Property Name="ReturnOrderItem" Type="Edm.String" Nullable="false" sap:unicode="false" sap:creatable="false" sap:updatable="false"
					sap:sortable="false" sap:filterable="false"/><Property Name="PartNo" Type="Edm.String" Nullable="false" sap:unicode="false" sap:creatable="false" sap:updatable="false"
					sap:sortable="false" sap:filterable="false"/><Property Name="Type" Type="Edm.String" Nullable="false" sap:unicode="false" sap:creatable="false" sap:updatable="false"
					sap:sortable="false" sap:filterable="false"/><Property Name="DispatchId" Type="Edm.String" Nullable="false" sap:unicode="false" sap:creatable="false" sap:updatable="false"
					sap:sortable="false" sap:filterable="false"/><Property Name="Status" Type="Edm.String" Nullable="false" sap:unicode="false" sap:creatable="false" sap:updatable="false"
					sap:sortable="false" sap:filterable="false"/><Property Name="StatusDescription" Type="Edm.String" Nullable="false" sap:unicode="false" sap:creatable="false" sap:updatable="false"
					sap:sortable="false" sap:filterable="false"/><Property Name="PartDescription" Type="Edm.String" Nullable="false" sap:unicode="false" sap:creatable="false" sap:updatable="false"
					sap:sortable="false" sap:filterable="false"/><Property Name="NotificationType" Type="Edm.String" Nullable="false" sap:unicode="false" sap:creatable="false" sap:updatable="false"
					sap:sortable="false" sap:filterable="false"/><Property Name="Priority" Type="Edm.String" Nullable="false" sap:unicode="false" sap:creatable="false" sap:updatable="false"
					sap:sortable="false" sap:filterable="false"/><Property Name="SerialNumber" Type="Edm.String" Nullable="false" sap:unicode="false" sap:creatable="false" sap:updatable="false"
					sap:sortable="false" sap:filterable="false"/><Property Name="Shipper" Type="Edm.String" Nullable="false" sap:unicode="false" sap:creatable="false" sap:updatable="false"
					sap:sortable="false" sap:filterable="false"/><Property Name="Quantity" Type="Edm.String" Nullable="false" sap:unicode="false" sap:creatable="false" sap:updatable="false"
					sap:sortable="false" sap:filterable="false"/><Property Name="RORModel" Type="Edm.String" Nullable="false" sap:unicode="false" sap:creatable="false" sap:updatable="false"
					sap:sortable="false" sap:filterable="false"/><Property Name="ProductHierarchy" Type="Edm.String" Nullable="false" sap:unicode="false" sap:creatable="false" sap:updatable="false"
					sap:sortable="false" sap:filterable="false"/><Property Name="PurchaseOrder" Type="Edm.String" Nullable="false" sap:unicode="false" sap:creatable="false" sap:updatable="false"
					sap:sortable="false" sap:filterable="false"/><Property Name="Tooltip" Type="Edm.String" Nullable="false" sap:unicode="false" sap:creatable="false" sap:updatable="false"
					sap:sortable="false" sap:filterable="false"/><Property Name="HazardousMaterialNo" Type="Edm.String" Nullable="false" sap:unicode="false" sap:creatable="false" sap:updatable="false"
					sap:sortable="false" sap:filterable="false"/><Property Name="BatteryNetWeight" Type="Edm.String" Nullable="false" sap:unicode="false" sap:creatable="false" sap:updatable="false"
					sap:sortable="false" sap:filterable="false"/><Property Name="BatchNumber" Type="Edm.String" Nullable="false" sap:unicode="false" sap:creatable="false" sap:updatable="false"
					sap:sortable="false" sap:filterable="false"/><Property Name="Plant" Type="Edm.String" Nullable="false" sap:unicode="false" sap:creatable="false" sap:updatable="false"
					sap:sortable="false" sap:filterable="false"/><Property Name="ShippingPoint" Type="Edm.String" Nullable="false" sap:unicode="false" sap:creatable="false" sap:updatable="false"
					sap:sortable="false" sap:filterable="false"/><Property Name="CommodityCode" Type="Edm.String" Nullable="false" sap:unicode="false" sap:creatable="false" sap:updatable="false"
					sap:sortable="false" sap:filterable="false"/><Property Name="URCOD" Type="Edm.String" Nullable="false" sap:unicode="false" sap:creatable="false" sap:updatable="false"
					sap:sortable="false" sap:filterable="false"/></EntityType>
			<EntityType Name="PackageFile" m:HasStream="true" sap:content-version="1">
				<Key><PropertyRef Name="Proforma"/></Key><Property Name="Proforma" Type="Edm.String" Nullable="false" sap:unicode="false" sap:creatable="false" sap:updatable="false"
					sap:sortable="false" sap:filterable="false"/></EntityType>
			<EntityType Name="InvoiceFile" m:HasStream="true" sap:content-version="1">
				<Key><PropertyRef Name="Proforma"/></Key><Property Name="Proforma" Type="Edm.String" Nullable="false" sap:unicode="false" sap:creatable="false" sap:updatable="false"
					sap:sortable="false" sap:filterable="false"/></EntityType>
			<EntityType Name="FreightPacHeader" sap:content-version="1">
				<Key><PropertyRef Name="ReferenceNumber"/></Key><Property Name="ReferenceNumber" Type="Edm.String" Nullable="false" sap:unicode="false" sap:creatable="false" sap:updatable="false"
					sap:sortable="false" sap:filterable="false"/><Property Name="Carrier" Type="Edm.String" Nullable="false" sap:unicode="false" sap:creatable="false" sap:updatable="false"
					sap:sortable="false" sap:filterable="false"/><Property Name="ShipTo" Type="Edm.String" Nullable="false" sap:unicode="false" sap:creatable="false" sap:updatable="false"
					sap:sortable="false" sap:filterable="false"/><Property Name="FreightOrder" Type="Edm.String" Nullable="false" sap:unicode="false" sap:creatable="false" sap:updatable="false"
					sap:sortable="false" sap:filterable="false"/><Property Name="TotalGrossWeight" Type="Edm.String" Nullable="false" sap:unicode="false" sap:creatable="false" sap:updatable="false"
					sap:sortable="false" sap:filterable="false"/><Property Name="TotalPackages" Type="Edm.String" Nullable="false" sap:unicode="false" sap:creatable="false" sap:updatable="false"
					sap:sortable="false" sap:filterable="false"/><Property Name="ServiceLevel" Type="Edm.String" Nullable="false" sap:unicode="false" sap:creatable="false" sap:updatable="false"
					sap:sortable="false" sap:filterable="false"/><Property Name="WeightUnitOfMeasure" Type="Edm.String" Nullable="false" sap:unicode="false" sap:creatable="false" sap:updatable="false"
					sap:sortable="false" sap:filterable="false"/><Property Name="ShipmentType" Type="Edm.String" Nullable="false" sap:unicode="false" sap:creatable="false" sap:updatable="false"
					sap:sortable="false" sap:filterable="false"/><Property Name="ServiceLevelIndicator" Type="Edm.String" Nullable="false" sap:unicode="false" sap:creatable="false" sap:updatable="false"
					sap:sortable="false" sap:filterable="false"/><Property Name="TotalGrossVolume" Type="Edm.String" Nullable="false" sap:unicode="false" sap:creatable="false" sap:updatable="false"
					sap:sortable="false" sap:filterable="false"/><Property Name="ModeOfTransport" Type="Edm.String" Nullable="false" sap:unicode="false" sap:creatable="false" sap:updatable="false"
					sap:sortable="false" sap:filterable="false"/><Property Name="ParcelAccountNo" Type="Edm.String" Nullable="false" sap:unicode="false" sap:creatable="false" sap:updatable="false"
					sap:sortable="false" sap:filterable="false"/><Property Name="VolumeUnitOfMeasure" Type="Edm.String" Nullable="false" sap:unicode="false" sap:creatable="false" sap:updatable="false"
					sap:sortable="false" sap:filterable="false"/><Property Name="PortOfEntry" Type="Edm.String" Nullable="false" sap:unicode="false" sap:creatable="false" sap:updatable="false"
					sap:sortable="false" sap:filterable="false"/><Property Name="CountryOfClearence" Type="Edm.String" Nullable="false" sap:unicode="false" sap:creatable="false" sap:updatable="false"
					sap:sortable="false" sap:filterable="false"/><Property Name="ShippingCondition" Type="Edm.String" Nullable="false" sap:unicode="false" sap:creatable="false" sap:updatable="false"
					sap:sortable="false" sap:filterable="false"/><Property Name="PortOfOrigin" Type="Edm.String" Nullable="false" sap:unicode="false" sap:creatable="false" sap:updatable="false"
					sap:sortable="false" sap:filterable="false"/><Property Name="BatteryStatus" Type="Edm.String" Nullable="false" sap:unicode="false" sap:creatable="false" sap:updatable="false"
					sap:sortable="false" sap:filterable="false"/><Property Name="CarrierTracking" Type="Edm.String" Nullable="false" sap:unicode="false" sap:creatable="false" sap:updatable="false"
					sap:sortable="false" sap:filterable="false"/><Property Name="CarrierHandoverDate" Type="Edm.String" Nullable="false" sap:unicode="false" sap:creatable="false" sap:updatable="false"
					sap:sortable="false" sap:filterable="false"/></EntityType>
			<EntityType Name="FreightPacItem" sap:content-version="1">
				<Key><PropertyRef Name="ReferenceNumber"/></Key><Property Name="ReferenceNumber" Type="Edm.String" Nullable="false" sap:unicode="false" sap:creatable="false" sap:updatable="false"
					sap:sortable="false" sap:filterable="false"/><Property Name="ReturnOrder" Type="Edm.String" Nullable="false" sap:unicode="false" sap:creatable="false" sap:updatable="false"
					sap:sortable="false" sap:filterable="false"/><Property Name="ReturnOrderItem" Type="Edm.String" Nullable="false" sap:unicode="false" sap:creatable="false" sap:updatable="false"
					sap:sortable="false" sap:filterable="false"/><Property Name="DispatchId" Type="Edm.String" Nullable="false" sap:unicode="false" sap:creatable="false" sap:updatable="false"
					sap:sortable="false" sap:filterable="false"/><Property Name="Status" Type="Edm.String" Nullable="false" sap:unicode="false" sap:creatable="false" sap:updatable="false"
					sap:sortable="false" sap:filterable="false"/><Property Name="StatusDescription" Type="Edm.String" Nullable="false" sap:unicode="false" sap:creatable="false" sap:updatable="false"
					sap:sortable="false" sap:filterable="false"/><Property Name="ServiceNotification" Type="Edm.String" Nullable="false" sap:unicode="false" sap:creatable="false" sap:updatable="false"
					sap:sortable="false" sap:filterable="false"/><Property Name="PartNo" Type="Edm.String" Nullable="false" sap:unicode="false" sap:creatable="false" sap:updatable="false"
					sap:sortable="false" sap:filterable="false"/><Property Name="PartDescription" Type="Edm.String" Nullable="false" sap:unicode="false" sap:creatable="false" sap:updatable="false"
					sap:sortable="false" sap:filterable="false"/><Property Name="NotificationType" Type="Edm.String" Nullable="false" sap:unicode="false" sap:creatable="false" sap:updatable="false"
					sap:sortable="false" sap:filterable="false"/><Property Name="BatchNumber" Type="Edm.String" Nullable="false" sap:unicode="false" sap:creatable="false" sap:updatable="false"
					sap:sortable="false" sap:filterable="false"/></EntityType>
			<EntityType Name="PacRequestShippingMessage" sap:content-version="1">
				<Key><PropertyRef Name="MsgType"/></Key><Property Name="MsgType" Type="Edm.String" Nullable="false" sap:unicode="false" sap:creatable="false" sap:updatable="false"
					sap:sortable="false" sap:filterable="false"/><Property Name="MsgText" Type="Edm.String" Nullable="false" sap:unicode="false" sap:creatable="false" sap:updatable="false"
					sap:sortable="false" sap:filterable="false"/></EntityType>
			<EntityType Name="SearchResultCounts" sap:content-version="1">
				<Key><PropertyRef Name="Type"/></Key><Property Name="Type" Type="Edm.String" Nullable="false" sap:unicode="false" sap:creatable="false" sap:updatable="false"
					sap:sortable="false" sap:filterable="false"/><Property Name="PartsPendingCnt" Type="Edm.String" Nullable="false" sap:unicode="false" sap:creatable="false" sap:updatable="false"
					sap:sortable="false" sap:filterable="false"/><Property Name="CarrierDetCnt" Type="Edm.String" Nullable="false" sap:unicode="false" sap:creatable="false" sap:updatable="false"
					sap:sortable="false" sap:filterable="false"/><Property Name="ReadyForShipCnt" Type="Edm.String" Nullable="false" sap:unicode="false" sap:creatable="false" sap:updatable="false"
					sap:sortable="false" sap:filterable="false"/><Property Name="ErrorCnt" Type="Edm.String" Nullable="false" sap:unicode="false" sap:creatable="false" sap:updatable="false"
					sap:sortable="false" sap:filterable="false"/></EntityType>
			<EntityType Name="CarrierDetermined" sap:content-version="1">
				<Key><PropertyRef Name="ServiceNotification"/><PropertyRef Name="ReturnOrder"/><PropertyRef Name="ReturnOrderItem"/><PropertyRef Name="PartNo"/></Key><Property Name="ServiceNotification" Type="Edm.String" Nullable="false" sap:unicode="false" sap:creatable="false" sap:updatable="false"
					sap:sortable="false" sap:filterable="false"/><Property Name="ReturnOrder" Type="Edm.String" Nullable="false" sap:unicode="false" sap:creatable="false" sap:updatable="false"
					sap:sortable="false" sap:filterable="false"/><Property Name="ReturnOrderItem" Type="Edm.String" Nullable="false" sap:unicode="false" sap:creatable="false" sap:updatable="false"
					sap:sortable="false" sap:filterable="false"/><Property Name="PartNo" Type="Edm.String" Nullable="false" sap:unicode="false" sap:creatable="false" sap:updatable="false"
					sap:sortable="false" sap:filterable="false"/><Property Name="Type" Type="Edm.String" Nullable="false" sap:unicode="false" sap:creatable="false" sap:updatable="false"
					sap:sortable="false" sap:filterable="false"/><Property Name="DispatchId" Type="Edm.String" Nullable="false" sap:unicode="false" sap:creatable="false" sap:updatable="false"
					sap:sortable="false" sap:filterable="false"/><Property Name="Status" Type="Edm.String" Nullable="false" sap:unicode="false" sap:creatable="false" sap:updatable="false"
					sap:sortable="false" sap:filterable="false"/><Property Name="StatusDescription" Type="Edm.String" Nullable="false" sap:unicode="false" sap:creatable="false" sap:updatable="false"
					sap:sortable="false" sap:filterable="false"/><Property Name="PartDescription" Type="Edm.String" Nullable="false" sap:unicode="false" sap:creatable="false" sap:updatable="false"
					sap:sortable="false" sap:filterable="false"/><Property Name="NotificationType" Type="Edm.String" Nullable="false" sap:unicode="false" sap:creatable="false" sap:updatable="false"
					sap:sortable="false" sap:filterable="false"/><Property Name="Priority" Type="Edm.String" Nullable="false" sap:unicode="false" sap:creatable="false" sap:updatable="false"
					sap:sortable="false" sap:filterable="false"/><Property Name="SerialNumber" Type="Edm.String" Nullable="false" sap:unicode="false" sap:creatable="false" sap:updatable="false"
					sap:sortable="false" sap:filterable="false"/><Property Name="Shipper" Type="Edm.String" Nullable="false" sap:unicode="false" sap:creatable="false" sap:updatable="false"
					sap:sortable="false" sap:filterable="false"/><Property Name="Quantity" Type="Edm.String" Nullable="false" sap:unicode="false" sap:creatable="false" sap:updatable="false"
					sap:sortable="false" sap:filterable="false"/><Property Name="RORModel" Type="Edm.String" Nullable="false" sap:unicode="false" sap:creatable="false" sap:updatable="false"
					sap:sortable="false" sap:filterable="false"/><Property Name="ProductHierarchy" Type="Edm.String" Nullable="false" sap:unicode="false" sap:creatable="false" sap:updatable="false"
					sap:sortable="false" sap:filterable="false"/><Property Name="PurchaseOrder" Type="Edm.String" Nullable="false" sap:unicode="false" sap:creatable="false" sap:updatable="false"
					sap:sortable="false" sap:filterable="false"/><Property Name="Tooltip" Type="Edm.String" Nullable="false" sap:unicode="false" sap:creatable="false" sap:updatable="false"
					sap:sortable="false" sap:filterable="false"/><Property Name="HazardousMaterialNo" Type="Edm.String" Nullable="false" sap:unicode="false" sap:creatable="false" sap:updatable="false"
					sap:sortable="false" sap:filterable="false"/><Property Name="BatteryNetWeight" Type="Edm.String" Nullable="false" sap:unicode="false" sap:creatable="false" sap:updatable="false"
					sap:sortable="false" sap:filterable="false"/><Property Name="BatchNumber" Type="Edm.String" Nullable="false" sap:unicode="false" sap:creatable="false" sap:updatable="false"
					sap:sortable="false" sap:filterable="false"/><Property Name="Plant" Type="Edm.String" Nullable="false" sap:unicode="false" sap:creatable="false" sap:updatable="false"
					sap:sortable="false" sap:filterable="false"/><Property Name="ShippingPoint" Type="Edm.String" Nullable="false" sap:unicode="false" sap:creatable="false" sap:updatable="false"
					sap:sortable="false" sap:filterable="false"/><Property Name="CommodityCode" Type="Edm.String" Nullable="false" sap:unicode="false" sap:creatable="false" sap:updatable="false"
					sap:sortable="false" sap:filterable="false"/><Property Name="URCOD" Type="Edm.String" Nullable="false" sap:unicode="false" sap:creatable="false" sap:updatable="false"
					sap:sortable="false" sap:filterable="false"/><Property Name="FreightOrder" Type="Edm.String" Nullable="false" sap:unicode="false" sap:creatable="false" sap:updatable="false"
					sap:sortable="false" sap:filterable="false"/><Property Name="ReferenceNo" Type="Edm.String" Nullable="false" sap:unicode="false" sap:creatable="false" sap:updatable="false"
					sap:sortable="false" sap:filterable="false"/><Property Name="Carrier" Type="Edm.String" Nullable="false" sap:unicode="false" sap:creatable="false" sap:updatable="false"
					sap:sortable="false" sap:filterable="false"/></EntityType>
			<EntityType Name="ReadyForShipment" sap:content-version="1">
				<Key><PropertyRef Name="ServiceNotification"/><PropertyRef Name="ReturnOrder"/><PropertyRef Name="ReturnOrderItem"/><PropertyRef Name="PartNo"/></Key><Property Name="ServiceNotification" Type="Edm.String" Nullable="false" sap:unicode="false" sap:creatable="false" sap:updatable="false"
					sap:sortable="false" sap:filterable="false"/><Property Name="ReturnOrder" Type="Edm.String" Nullable="false" sap:unicode="false" sap:creatable="false" sap:updatable="false"
					sap:sortable="false" sap:filterable="false"/><Property Name="ReturnOrderItem" Type="Edm.String" Nullable="false" sap:unicode="false" sap:creatable="false" sap:updatable="false"
					sap:sortable="false" sap:filterable="false"/><Property Name="PartNo" Type="Edm.String" Nullable="false" sap:unicode="false" sap:creatable="false" sap:updatable="false"
					sap:sortable="false" sap:filterable="false"/><Property Name="Type" Type="Edm.String" Nullable="false" sap:unicode="false" sap:creatable="false" sap:updatable="false"
					sap:sortable="false" sap:filterable="false"/><Property Name="DispatchId" Type="Edm.String" Nullable="false" sap:unicode="false" sap:creatable="false" sap:updatable="false"
					sap:sortable="false" sap:filterable="false"/><Property Name="Status" Type="Edm.String" Nullable="false" sap:unicode="false" sap:creatable="false" sap:updatable="false"
					sap:sortable="false" sap:filterable="false"/><Property Name="StatusDescription" Type="Edm.String" Nullable="false" sap:unicode="false" sap:creatable="false" sap:updatable="false"
					sap:sortable="false" sap:filterable="false"/><Property Name="PartDescription" Type="Edm.String" Nullable="false" sap:unicode="false" sap:creatable="false" sap:updatable="false"
					sap:sortable="false" sap:filterable="false"/><Property Name="NotificationType" Type="Edm.String" Nullable="false" sap:unicode="false" sap:creatable="false" sap:updatable="false"
					sap:sortable="false" sap:filterable="false"/><Property Name="Priority" Type="Edm.String" Nullable="false" sap:unicode="false" sap:creatable="false" sap:updatable="false"
					sap:sortable="false" sap:filterable="false"/><Property Name="Shipper" Type="Edm.String" Nullable="false" sap:unicode="false" sap:creatable="false" sap:updatable="false"
					sap:sortable="false" sap:filterable="false"/><Property Name="Quantity" Type="Edm.String" Nullable="false" sap:unicode="false" sap:creatable="false" sap:updatable="false"
					sap:sortable="false" sap:filterable="false"/><Property Name="RORModel" Type="Edm.String" Nullable="false" sap:unicode="false" sap:creatable="false" sap:updatable="false"
					sap:sortable="false" sap:filterable="false"/><Property Name="ProductHierarchy" Type="Edm.String" Nullable="false" sap:unicode="false" sap:creatable="false" sap:updatable="false"
					sap:sortable="false" sap:filterable="false"/><Property Name="PurchaseOrder" Type="Edm.String" Nullable="false" sap:unicode="false" sap:creatable="false" sap:updatable="false"
					sap:sortable="false" sap:filterable="false"/><Property Name="FreightOrder" Type="Edm.String" Nullable="false" sap:unicode="false" sap:creatable="false" sap:updatable="false"
					sap:sortable="false" sap:filterable="false"/><Property Name="ReferenceNo" Type="Edm.String" Nullable="false" sap:unicode="false" sap:creatable="false" sap:updatable="false"
					sap:sortable="false" sap:filterable="false"/><Property Name="Carrier" Type="Edm.String" Nullable="false" sap:unicode="false" sap:creatable="false" sap:updatable="false"
					sap:sortable="false" sap:filterable="false"/><Property Name="LoadRequest" Type="Edm.String" Nullable="false" sap:unicode="false" sap:creatable="false" sap:updatable="false"
					sap:sortable="false" sap:filterable="false"/><Property Name="Tooltip" Type="Edm.String" Nullable="false" sap:unicode="false" sap:creatable="false" sap:updatable="false"
					sap:sortable="false" sap:filterable="false"/><Property Name="CommercialInvoice" Type="Edm.String" Nullable="false" sap:unicode="false" sap:creatable="false" sap:updatable="false"
					sap:sortable="false" sap:filterable="false"/><Property Name="InvoiceImg" Type="Edm.String" Nullable="false" sap:unicode="false" sap:creatable="false" sap:updatable="false"
					sap:sortable="false" sap:filterable="false"/><Property Name="PackingList" Type="Edm.String" Nullable="false" sap:unicode="false" sap:creatable="false" sap:updatable="false"
					sap:sortable="false" sap:filterable="false"/><Property Name="PackingImg" Type="Edm.String" Nullable="false" sap:unicode="false" sap:creatable="false" sap:updatable="false"
					sap:sortable="false" sap:filterable="false"/><Property Name="PurchaseContract" Type="Edm.String" Nullable="false" sap:unicode="false" sap:creatable="false" sap:updatable="false"
					sap:sortable="false" sap:filterable="false"/><Property Name="PurchaseContractImage" Type="Edm.String" Nullable="false" sap:unicode="false" sap:creatable="false" sap:updatable="false"
					sap:sortable="false" sap:filterable="false"/><Property Name="HazardousMaterialNo" Type="Edm.String" Nullable="false" sap:unicode="false" sap:creatable="false" sap:updatable="false"
					sap:sortable="false" sap:filterable="false"/><Property Name="BatteryNetWeight" Type="Edm.String" Nullable="false" sap:unicode="false" sap:creatable="false" sap:updatable="false"
					sap:sortable="false" sap:filterable="false"/><Property Name="BatchNumber" Type="Edm.String" Nullable="false" sap:unicode="false" sap:creatable="false" sap:updatable="false"
					sap:sortable="false" sap:filterable="false"/><Property Name="Plant" Type="Edm.String" Nullable="false" sap:unicode="false" sap:creatable="false" sap:updatable="false"
					sap:sortable="false" sap:filterable="false"/><Property Name="ShippingPoint" Type="Edm.String" Nullable="false" sap:unicode="false" sap:creatable="false" sap:updatable="false"
					sap:sortable="false" sap:filterable="false"/><Property Name="CommodityCode" Type="Edm.String" Nullable="false" sap:unicode="false" sap:creatable="false" sap:updatable="false"
					sap:sortable="false" sap:filterable="false"/><Property Name="URCOD" Type="Edm.String" Nullable="false" sap:unicode="false" sap:creatable="false" sap:updatable="false"
					sap:sortable="false" sap:filterable="false"/><Property Name="CarrierHandoverDate" Type="Edm.String" Nullable="false" sap:unicode="false" sap:creatable="false" sap:updatable="false"
					sap:sortable="false" sap:filterable="false"/><Property Name="Proforma" Type="Edm.String" Nullable="false" sap:unicode="false" sap:creatable="false" sap:updatable="false"
					sap:sortable="false" sap:filterable="false"/><Property Name="ProformaItm" Type="Edm.String" Nullable="false" sap:unicode="false" sap:creatable="false" sap:updatable="false"
					sap:sortable="false" sap:filterable="false"/><Property Name="TrackingNo" Type="Edm.String" Nullable="false" sap:unicode="false" sap:creatable="false" sap:updatable="false"
					sap:sortable="false" sap:filterable="false"/></EntityType>
			<EntityType Name="Error" sap:content-version="1">
				<Key><PropertyRef Name="ServiceNotification"/><PropertyRef Name="ReturnOrder"/><PropertyRef Name="ReturnOrderItem"/><PropertyRef Name="PartNo"/></Key><Property Name="ServiceNotification" Type="Edm.String" Nullable="false" sap:unicode="false" sap:creatable="false" sap:updatable="false"
					sap:sortable="false" sap:filterable="false"/><Property Name="ReturnOrder" Type="Edm.String" Nullable="false" sap:unicode="false" sap:creatable="false" sap:updatable="false"
					sap:sortable="false" sap:filterable="false"/><Property Name="ReturnOrderItem" Type="Edm.String" Nullable="false" sap:unicode="false" sap:creatable="false" sap:updatable="false"
					sap:sortable="false" sap:filterable="false"/><Property Name="PartNo" Type="Edm.String" Nullable="false" sap:unicode="false" sap:creatable="false" sap:updatable="false"
					sap:sortable="false" sap:filterable="false"/><Property Name="Type" Type="Edm.String" Nullable="false" sap:unicode="false" sap:creatable="false" sap:updatable="false"
					sap:sortable="false" sap:filterable="false"/><Property Name="DispatchId" Type="Edm.String" Nullable="false" sap:unicode="false" sap:creatable="false" sap:updatable="false"
					sap:sortable="false" sap:filterable="false"/></EntityType>
			<EntityType Name="RequestCarrierMessage" sap:content-version="1">
				<Key><PropertyRef Name="MsgType"/></Key><Property Name="MsgType" Type="Edm.String" Nullable="false" sap:unicode="false" sap:creatable="false" sap:updatable="false"
					sap:sortable="false" sap:filterable="false"/><Property Name="MsgTxt" Type="Edm.String" Nullable="false" sap:unicode="false" sap:creatable="false" sap:updatable="false"
					sap:sortable="false" sap:filterable="false"/></EntityType>
			<EntityType Name="FreightHeader" sap:content-version="1">
				<Key><PropertyRef Name="ReferenceNumber"/></Key><Property Name="ReferenceNumber" Type="Edm.String" Nullable="false" sap:unicode="false" sap:creatable="false" sap:updatable="false"
					sap:sortable="false" sap:filterable="false"/><Property Name="Carrier" Type="Edm.String" Nullable="false" sap:unicode="false" sap:creatable="false" sap:updatable="false"
					sap:sortable="false" sap:filterable="false"/><Property Name="ShipTo" Type="Edm.String" Nullable="false" sap:unicode="false" sap:creatable="false" sap:updatable="false"
					sap:sortable="false" sap:filterable="false"/><Property Name="FreightOrder" Type="Edm.String" Nullable="false" sap:unicode="false" sap:creatable="false" sap:updatable="false"
					sap:sortable="false" sap:filterable="false"/><Property Name="TotalGrossWeight" Type="Edm.String" Nullable="false" sap:unicode="false" sap:creatable="false" sap:updatable="false"
					sap:sortable="false" sap:filterable="false"/><Property Name="TotalPackages" Type="Edm.String" Nullable="false" sap:unicode="false" sap:creatable="false" sap:updatable="false"
					sap:sortable="false" sap:filterable="false"/><Property Name="ServiceLevel" Type="Edm.String" Nullable="false" sap:unicode="false" sap:creatable="false" sap:updatable="false"
					sap:sortable="false" sap:filterable="false"/><Property Name="WeightUnitOfMeasure" Type="Edm.String" Nullable="false" sap:unicode="false" sap:creatable="false" sap:updatable="false"
					sap:sortable="false" sap:filterable="false"/><Property Name="ShipmentType" Type="Edm.String" Nullable="false" sap:unicode="false" sap:creatable="false" sap:updatable="false"
					sap:sortable="false" sap:filterable="false"/><Property Name="ServiceLevelIndicator" Type="Edm.String" Nullable="false" sap:unicode="false" sap:creatable="false" sap:updatable="false"
					sap:sortable="false" sap:filterable="false"/><Property Name="TotalGrossVolume" Type="Edm.String" Nullable="false" sap:unicode="false" sap:creatable="false" sap:updatable="false"
					sap:sortable="false" sap:filterable="false"/><Property Name="ModeOfTransport" Type="Edm.String" Nullable="false" sap:unicode="false" sap:creatable="false" sap:updatable="false"
					sap:sortable="false" sap:filterable="false"/><Property Name="ParcelAccountNo" Type="Edm.String" Nullable="false" sap:unicode="false" sap:creatable="false" sap:updatable="false"
					sap:sortable="false" sap:filterable="false"/><Property Name="VolumeUnitOfMeasure" Type="Edm.String" Nullable="false" sap:unicode="false" sap:creatable="false" sap:updatable="false"
					sap:sortable="false" sap:filterable="false"/><Property Name="PortOfEntry" Type="Edm.String" Nullable="false" sap:unicode="false" sap:creatable="false" sap:updatable="false"
					sap:sortable="false" sap:filterable="false"/><Property Name="CountryOfClearence" Type="Edm.String" Nullable="false" sap:unicode="false" sap:creatable="false" sap:updatable="false"
					sap:sortable="false" sap:filterable="false"/><Property Name="ShippingCondition" Type="Edm.String" Nullable="false" sap:unicode="false" sap:creatable="false" sap:updatable="false"
					sap:sortable="false" sap:filterable="false"/><Property Name="PortOfOrigin" Type="Edm.String" Nullable="false" sap:unicode="false" sap:creatable="false" sap:updatable="false"
					sap:sortable="false" sap:filterable="false"/><Property Name="BatteryStatus" Type="Edm.String" Nullable="false" sap:unicode="false" sap:creatable="false" sap:updatable="false"
					sap:sortable="false" sap:filterable="false"/><Property Name="CarrierTracking" Type="Edm.String" Nullable="false" sap:unicode="false" sap:creatable="false" sap:updatable="false"
					sap:sortable="false" sap:filterable="false"/><Property Name="CarrierHandoverDate" Type="Edm.String" Nullable="false" sap:display-format="Date" sap:unicode="false" sap:creatable="false"
					sap:updatable="false" sap:sortable="false" sap:filterable="false"/><NavigationProperty Name="ToFreightItem" Relationship="ZOD_LAZARUS_DCSHIPMENTS_SRV.AssociationFreightHeaderToFreightItem"
					FromRole="FromRole_AssociationFreightHeaderToFreightItem" ToRole="ToRole_AssociationFreightHeaderToFreightItem"/></EntityType>
			<EntityType Name="FreightItem" sap:content-version="1">
				<Key><PropertyRef Name="ReferenceNumber"/><PropertyRef Name="ReturnOrder"/><PropertyRef Name="ReturnOrderItem"/></Key><Property Name="ReferenceNumber" Type="Edm.String" Nullable="false" sap:unicode="false" sap:creatable="false" sap:updatable="false"
					sap:sortable="false" sap:filterable="false"/><Property Name="ReturnOrder" Type="Edm.String" Nullable="false" sap:unicode="false" sap:creatable="false" sap:updatable="false"
					sap:sortable="false" sap:filterable="false"/><Property Name="ReturnOrderItem" Type="Edm.String" Nullable="false" sap:unicode="false" sap:creatable="false" sap:updatable="false"
					sap:sortable="false" sap:filterable="false"/><Property Name="DispatchId" Type="Edm.String" Nullable="false" sap:unicode="false" sap:creatable="false" sap:updatable="false"
					sap:sortable="false" sap:filterable="false"/><Property Name="Status" Type="Edm.String" Nullable="false" sap:unicode="false" sap:creatable="false" sap:updatable="false"
					sap:sortable="false" sap:filterable="false"/><Property Name="StatusDescription" Type="Edm.String" Nullable="false" sap:unicode="false" sap:creatable="false" sap:updatable="false"
					sap:sortable="false" sap:filterable="false"/><Property Name="ServiceNotification" Type="Edm.String" Nullable="false" sap:unicode="false" sap:creatable="false" sap:updatable="false"
					sap:sortable="false" sap:filterable="false"/><Property Name="PartNo" Type="Edm.String" Nullable="false" sap:unicode="false" sap:creatable="false" sap:updatable="false"
					sap:sortable="false" sap:filterable="false"/><Property Name="PartDescription" Type="Edm.String" Nullable="false" sap:unicode="false" sap:creatable="false" sap:updatable="false"
					sap:sortable="false" sap:filterable="false"/><Property Name="NotificationType" Type="Edm.String" Nullable="false" sap:unicode="false" sap:creatable="false" sap:updatable="false"
					sap:sortable="false" sap:filterable="false"/><Property Name="BatchNumber" Type="Edm.String" Nullable="false" sap:unicode="false" sap:creatable="false" sap:updatable="false"
					sap:sortable="false" sap:filterable="false"/></EntityType>
			<EntityType Name="CancelMessage" sap:content-version="1">
				<Key><PropertyRef Name="MsgType"/></Key><Property Name="MsgType" Type="Edm.String" Nullable="false" sap:unicode="false" sap:creatable="false" sap:updatable="false"
					sap:sortable="false" sap:filterable="false"/><Property Name="MsgText" Type="Edm.String" Nullable="false" sap:unicode="false" sap:creatable="false" sap:updatable="false"
					sap:sortable="false" sap:filterable="false"/></EntityType>
			<EntityType Name="FreightHeaderMessage" sap:content-version="1">
				<Key><PropertyRef Name="MsgType"/></Key><Property Name="MsgType" Type="Edm.String" Nullable="false" sap:unicode="false" sap:creatable="false" sap:updatable="false"
					sap:sortable="false" sap:filterable="false"/><Property Name="MsgTxt" Type="Edm.String" Nullable="false" sap:unicode="false" sap:creatable="false" sap:updatable="false"
					sap:sortable="false" sap:filterable="false"/></EntityType>
			<EntityType Name="UpdateCarrier" sap:content-version="1">
				<Key><PropertyRef Name="ReferenceNumber"/></Key><Property Name="ReferenceNumber" Type="Edm.String" Nullable="false" sap:unicode="false" sap:creatable="false" sap:updatable="false"
					sap:sortable="false" sap:filterable="false"/><Property Name="DispatchId" Type="Edm.String" Nullable="false" sap:unicode="false" sap:creatable="false" sap:updatable="false"
					sap:sortable="false" sap:filterable="false"/><Property Name="ServiceNotification" Type="Edm.String" Nullable="false" sap:unicode="false" sap:creatable="false" sap:updatable="false"
					sap:sortable="false" sap:filterable="false"/><Property Name="SerialNumber" Type="Edm.String" Nullable="false" sap:unicode="false" sap:creatable="false" sap:updatable="false"
					sap:sortable="false" sap:filterable="false"/><Property Name="Region" Type="Edm.String" Nullable="false" sap:unicode="false" sap:creatable="false" sap:updatable="false"
					sap:sortable="false" sap:filterable="false"/><Property Name="ReturnOrder" Type="Edm.String" Nullable="false" sap:unicode="false" sap:creatable="false" sap:updatable="false"
					sap:sortable="false" sap:filterable="false"/><Property Name="Carrier" Type="Edm.String" Nullable="false" sap:unicode="false" sap:creatable="false" sap:updatable="false"
					sap:sortable="false" sap:filterable="false"/><Property Name="ShipTo" Type="Edm.String" Nullable="false" sap:unicode="false" sap:creatable="false" sap:updatable="false"
					sap:sortable="false" sap:filterable="false"/><Property Name="FreightOrder" Type="Edm.String" Nullable="false" sap:unicode="false" sap:creatable="false" sap:updatable="false"
					sap:sortable="false" sap:filterable="false"/><Property Name="TotalGrossWeight" Type="Edm.String" Nullable="false" sap:unicode="false" sap:creatable="false" sap:updatable="false"
					sap:sortable="false" sap:filterable="false"/><Property Name="TotalPackages" Type="Edm.String" Nullable="false" sap:unicode="false" sap:creatable="false" sap:updatable="false"
					sap:sortable="false" sap:filterable="false"/><Property Name="ServiceLevel" Type="Edm.String" Nullable="false" sap:unicode="false" sap:creatable="false" sap:updatable="false"
					sap:sortable="false" sap:filterable="false"/><Property Name="WeightUnitOfMeasure" Type="Edm.String" Nullable="false" sap:unicode="false" sap:creatable="false" sap:updatable="false"
					sap:sortable="false" sap:filterable="false"/><Property Name="ShipmentType" Type="Edm.String" Nullable="false" sap:unicode="false" sap:creatable="false" sap:updatable="false"
					sap:sortable="false" sap:filterable="false"/><Property Name="ServiceLevelIndicator" Type="Edm.String" Nullable="false" sap:unicode="false" sap:creatable="false" sap:updatable="false"
					sap:sortable="false" sap:filterable="false"/><Property Name="TotalGrossVolume" Type="Edm.String" Nullable="false" sap:unicode="false" sap:creatable="false" sap:updatable="false"
					sap:sortable="false" sap:filterable="false"/><Property Name="ModeOfTransport" Type="Edm.String" Nullable="false" sap:unicode="false" sap:creatable="false" sap:updatable="false"
					sap:sortable="false" sap:filterable="false"/><Property Name="ParcelAccountNo" Type="Edm.String" Nullable="false" sap:unicode="false" sap:creatable="false" sap:updatable="false"
					sap:sortable="false" sap:filterable="false"/><Property Name="VolumeUnitOfMeasure" Type="Edm.String" Nullable="false" sap:unicode="false" sap:creatable="false" sap:updatable="false"
					sap:sortable="false" sap:filterable="false"/><Property Name="PortOfEntry" Type="Edm.String" Nullable="false" sap:unicode="false" sap:creatable="false" sap:updatable="false"
					sap:sortable="false" sap:filterable="false"/><Property Name="CountryOfClearence" Type="Edm.String" Nullable="false" sap:unicode="false" sap:creatable="false" sap:updatable="false"
					sap:sortable="false" sap:filterable="false"/><Property Name="ShippingCondition" Type="Edm.String" Nullable="false" sap:unicode="false" sap:creatable="false" sap:updatable="false"
					sap:sortable="false" sap:filterable="false"/><Property Name="PortOfOrigin" Type="Edm.String" Nullable="false" sap:unicode="false" sap:creatable="false" sap:updatable="false"
					sap:sortable="false" sap:filterable="false"/><Property Name="BatteryStatus" Type="Edm.String" Nullable="false" sap:unicode="false" sap:creatable="false" sap:updatable="false"
					sap:sortable="false" sap:filterable="false"/><Property Name="CarrierTracking" Type="Edm.String" Nullable="false" sap:unicode="false" sap:creatable="false" sap:updatable="false"
					sap:sortable="false" sap:filterable="false"/><Property Name="CarrierHandoverDate" Type="Edm.String" Nullable="false" sap:unicode="false" sap:creatable="false" sap:updatable="false"
					sap:sortable="false" sap:filterable="false"/><NavigationProperty Name="ToCarrierItem" Relationship="ZOD_LAZARUS_DCSHIPMENTS_SRV.AssociationUpdateCarrierToCarrierItem"
					FromRole="FromRole_AssociationUpdateCarrierToCarrierItem" ToRole="ToRole_AssociationUpdateCarrierToCarrierItem"/></EntityType>
			<Association Name="AssociationSrchReqToPartsPendingReturn" sap:content-version="1"><End Type="ZOD_LAZARUS_DCSHIPMENTS_SRV.SearchRequest" Multiplicity="1" Role="FromRole_AssociationSrchReqToPartsPendingReturn"/><End Type="ZOD_LAZARUS_DCSHIPMENTS_SRV.PartsPendingReturn" Multiplicity="*" Role="ToRole_AssociationSrchReqToPartsPendingReturn"/>
				<ReferentialConstraint>
					<Principal Role="FromRole_AssociationSrchReqToPartsPendingReturn"><PropertyRef Name="Type"/></Principal>
					<Dependent Role="ToRole_AssociationSrchReqToPartsPendingReturn"><PropertyRef Name="Type"/></Dependent>
				</ReferentialConstraint>
			</Association>
			<Association Name="AssosiationSrchReqToCarrierDetermined" sap:content-version="1"><End Type="ZOD_LAZARUS_DCSHIPMENTS_SRV.SearchRequest" Multiplicity="1" Role="FromRole_AssosiationSrchReqToCarrierDetermined"/><End Type="ZOD_LAZARUS_DCSHIPMENTS_SRV.CarrierDetermined" Multiplicity="*" Role="ToRole_AssosiationSrchReqToCarrierDetermined"/>
				<ReferentialConstraint>
					<Principal Role="FromRole_AssosiationSrchReqToCarrierDetermined"><PropertyRef Name="Type"/></Principal>
					<Dependent Role="ToRole_AssosiationSrchReqToCarrierDetermined"><PropertyRef Name="Type"/></Dependent>
				</ReferentialConstraint>
			</Association>
			<Association Name="AssociationSrchReqToError" sap:content-version="1"><End Type="ZOD_LAZARUS_DCSHIPMENTS_SRV.SearchRequest" Multiplicity="1" Role="FromRole_AssociationSrchReqToError"/><End Type="ZOD_LAZARUS_DCSHIPMENTS_SRV.Error" Multiplicity="*" Role="ToRole_AssociationSrchReqToError"/>
				<ReferentialConstraint>
					<Principal Role="FromRole_AssociationSrchReqToError"><PropertyRef Name="Type"/></Principal>
					<Dependent Role="ToRole_AssociationSrchReqToError"><PropertyRef Name="Type"/></Dependent>
				</ReferentialConstraint>
			</Association>
			<Association Name="AssosiationSrchReqtoCountsToReadyForShip" sap:content-version="1"><End Type="ZOD_LAZARUS_DCSHIPMENTS_SRV.SearchRequest" Multiplicity="1" Role="FromRole_AssosiationSrchReqtoCountsToReadyForShip"/><End Type="ZOD_LAZARUS_DCSHIPMENTS_SRV.ReadyForShipment" Multiplicity="*" Role="ToRole_AssosiationSrchReqtoCountsToReadyForShip"/>
				<ReferentialConstraint>
					<Principal Role="FromRole_AssosiationSrchReqtoCountsToReadyForShip"><PropertyRef Name="Type"/></Principal>
					<Dependent Role="ToRole_AssosiationSrchReqtoCountsToReadyForShip"><PropertyRef Name="Type"/></Dependent>
				</ReferentialConstraint>
			</Association>
			<Association Name="AssosiationSrchReqtoCounts" sap:content-version="1"><End Type="ZOD_LAZARUS_DCSHIPMENTS_SRV.SearchRequest" Multiplicity="1" Role="FromRole_AssosiationSrchReqtoCounts"/><End Type="ZOD_LAZARUS_DCSHIPMENTS_SRV.SearchResultCounts" Multiplicity="*" Role="ToRole_AssosiationSrchReqtoCounts"/>
				<ReferentialConstraint>
					<Principal Role="FromRole_AssosiationSrchReqtoCounts"><PropertyRef Name="Type"/></Principal>
					<Dependent Role="ToRole_AssosiationSrchReqtoCounts"><PropertyRef Name="Type"/></Dependent>
				</ReferentialConstraint>
			</Association>
			<Association Name="AssociationUpdateCarrierToCarrierItem" sap:content-version="1"><End Type="ZOD_LAZARUS_DCSHIPMENTS_SRV.UpdateCarrier" Multiplicity="1" Role="FromRole_AssociationUpdateCarrierToCarrierItem"/><End Type="ZOD_LAZARUS_DCSHIPMENTS_SRV.FreightItem" Multiplicity="*" Role="ToRole_AssociationUpdateCarrierToCarrierItem"/>
				<ReferentialConstraint>
					<Principal Role="FromRole_AssociationUpdateCarrierToCarrierItem"><PropertyRef Name="ReferenceNumber"/></Principal>
					<Dependent Role="ToRole_AssociationUpdateCarrierToCarrierItem"><PropertyRef Name="ReferenceNumber"/></Dependent>
				</ReferentialConstraint>
			</Association>
			<Association Name="AssociationFreightHeaderToFreightItem" sap:content-version="1"><End Type="ZOD_LAZARUS_DCSHIPMENTS_SRV.FreightHeader" Multiplicity="1" Role="FromRole_AssociationFreightHeaderToFreightItem"/><End Type="ZOD_LAZARUS_DCSHIPMENTS_SRV.FreightItem" Multiplicity="*" Role="ToRole_AssociationFreightHeaderToFreightItem"/>
				<ReferentialConstraint>
					<Principal Role="FromRole_AssociationFreightHeaderToFreightItem"><PropertyRef Name="ReferenceNumber"/></Principal>
					<Dependent Role="ToRole_AssociationFreightHeaderToFreightItem"><PropertyRef Name="ReferenceNumber"/></Dependent>
				</ReferentialConstraint>
			</Association>
			<EntityContainer Name="ZOD_LAZARUS_DCSHIPMENTS_SRV_Entities" m:IsDefaultEntityContainer="true" sap:supported-formats="atom json xlsx"><EntitySet Name="SearchRequestSet" EntityType="ZOD_LAZARUS_DCSHIPMENTS_SRV.SearchRequest" sap:creatable="false" sap:updatable="false"
				sap:deletable="false" sap:pageable="false" sap:addressable="false" sap:content-version="1"/><EntitySet Name="PartsPendingReturnSet" EntityType="ZOD_LAZARUS_DCSHIPMENTS_SRV.PartsPendingReturn" sap:creatable="false"
				sap:updatable="false" sap:deletable="false" sap:pageable="false" sap:addressable="false" sap:content-version="1"/><EntitySet Name="PackageFileSet" EntityType="ZOD_LAZARUS_DCSHIPMENTS_SRV.PackageFile" sap:creatable="false" sap:updatable="false"
				sap:deletable="false" sap:pageable="false" sap:addressable="false" sap:content-version="1"/><EntitySet Name="InvoiceFileSet" EntityType="ZOD_LAZARUS_DCSHIPMENTS_SRV.InvoiceFile" sap:creatable="false" sap:updatable="false"
				sap:deletable="false" sap:pageable="false" sap:addressable="false" sap:content-version="1"/><EntitySet Name="FreightPacHeaderSet" EntityType="ZOD_LAZARUS_DCSHIPMENTS_SRV.FreightPacHeader" sap:creatable="false" sap:updatable="false"
				sap:deletable="false" sap:pageable="false" sap:addressable="false" sap:content-version="1"/><EntitySet Name="FreightPacItemSet" EntityType="ZOD_LAZARUS_DCSHIPMENTS_SRV.FreightPacItem" sap:creatable="false" sap:updatable="false"
				sap:deletable="false" sap:pageable="false" sap:addressable="false" sap:content-version="1"/><EntitySet Name="PacRequestShippingMessageSet" EntityType="ZOD_LAZARUS_DCSHIPMENTS_SRV.PacRequestShippingMessage" sap:creatable="false"
				sap:updatable="false" sap:deletable="false" sap:pageable="false" sap:addressable="false" sap:content-version="1"/><EntitySet Name="SearchResultCountsSet" EntityType="ZOD_LAZARUS_DCSHIPMENTS_SRV.SearchResultCounts" sap:creatable="false"
				sap:updatable="false" sap:deletable="false" sap:pageable="false" sap:addressable="false" sap:content-version="1"/><EntitySet Name="CarrierDeterminedSet" EntityType="ZOD_LAZARUS_DCSHIPMENTS_SRV.CarrierDetermined" sap:creatable="false"
				sap:updatable="false" sap:deletable="false" sap:pageable="false" sap:addressable="false" sap:content-version="1"/><EntitySet Name="ReadyForShipmentSet" EntityType="ZOD_LAZARUS_DCSHIPMENTS_SRV.ReadyForShipment" sap:creatable="false" sap:updatable="false"
				sap:deletable="false" sap:pageable="false" sap:addressable="false" sap:content-version="1"/><EntitySet Name="ErrorSet" EntityType="ZOD_LAZARUS_DCSHIPMENTS_SRV.Error" sap:creatable="false" sap:updatable="false" sap:deletable="false"
				sap:pageable="false" sap:addressable="false" sap:content-version="1"/><EntitySet Name="RequestCarrierMessageSet" EntityType="ZOD_LAZARUS_DCSHIPMENTS_SRV.RequestCarrierMessage" sap:creatable="false"
				sap:updatable="false" sap:deletable="false" sap:pageable="false" sap:addressable="false" sap:content-version="1"/><EntitySet Name="FreightHeaderSet" EntityType="ZOD_LAZARUS_DCSHIPMENTS_SRV.FreightHeader" sap:creatable="false" sap:updatable="false"
				sap:deletable="false" sap:pageable="false" sap:addressable="false" sap:content-version="1"/><EntitySet Name="FreightItemSet" EntityType="ZOD_LAZARUS_DCSHIPMENTS_SRV.FreightItem" sap:creatable="false" sap:updatable="false"
				sap:deletable="false" sap:pageable="false" sap:addressable="false" sap:content-version="1"/><EntitySet Name="CancelMessageSet" EntityType="ZOD_LAZARUS_DCSHIPMENTS_SRV.CancelMessage" sap:creatable="false" sap:updatable="false"
				sap:deletable="false" sap:pageable="false" sap:addressable="false" sap:content-version="1"/><EntitySet Name="FreightHeaderMessageSet" EntityType="ZOD_LAZARUS_DCSHIPMENTS_SRV.FreightHeaderMessage" sap:creatable="false"
				sap:updatable="false" sap:deletable="false" sap:pageable="false" sap:addressable="false" sap:content-version="1"/><EntitySet Name="UpdateCarrierSet" EntityType="ZOD_LAZARUS_DCSHIPMENTS_SRV.UpdateCarrier" sap:creatable="false" sap:updatable="false"
				sap:deletable="false" sap:pageable="false" sap:addressable="false" sap:content-version="1"/>
				<AssociationSet Name="AssociationUpdateCarrierToCarrierItemSet"
					Association="ZOD_LAZARUS_DCSHIPMENTS_SRV.AssociationUpdateCarrierToCarrierItem" sap:creatable="false" sap:updatable="false"
					sap:deletable="false" sap:content-version="1"><End EntitySet="UpdateCarrierSet" Role="FromRole_AssociationUpdateCarrierToCarrierItem"/><End EntitySet="FreightItemSet" Role="ToRole_AssociationUpdateCarrierToCarrierItem"/></AssociationSet>
				<AssociationSet Name="AssosiationSrchReqtoCountsToReadyForSSet"
					Association="ZOD_LAZARUS_DCSHIPMENTS_SRV.AssosiationSrchReqtoCountsToReadyForShip" sap:creatable="false" sap:updatable="false"
					sap:deletable="false" sap:content-version="1"><End EntitySet="SearchRequestSet" Role="FromRole_AssosiationSrchReqtoCountsToReadyForShip"/><End EntitySet="ReadyForShipmentSet" Role="ToRole_AssosiationSrchReqtoCountsToReadyForShip"/></AssociationSet>
				<AssociationSet Name="AssociationFreightHeaderToFreightItemSet"
					Association="ZOD_LAZARUS_DCSHIPMENTS_SRV.AssociationFreightHeaderToFreightItem" sap:creatable="false" sap:updatable="false"
					sap:deletable="false" sap:content-version="1"><End EntitySet="FreightHeaderSet" Role="FromRole_AssociationFreightHeaderToFreightItem"/><End EntitySet="FreightItemSet" Role="ToRole_AssociationFreightHeaderToFreightItem"/></AssociationSet>
				<AssociationSet Name="AssociationSrchReqToPartsPendingReturSet"
					Association="ZOD_LAZARUS_DCSHIPMENTS_SRV.AssociationSrchReqToPartsPendingReturn" sap:creatable="false" sap:updatable="false"
					sap:deletable="false" sap:content-version="1"><End EntitySet="SearchRequestSet" Role="FromRole_AssociationSrchReqToPartsPendingReturn"/><End EntitySet="PartsPendingReturnSet" Role="ToRole_AssociationSrchReqToPartsPendingReturn"/></AssociationSet>
				<AssociationSet Name="AssosiationSrchReqtoCountsSet" Association="ZOD_LAZARUS_DCSHIPMENTS_SRV.AssosiationSrchReqtoCounts"
					sap:creatable="false" sap:updatable="false" sap:deletable="false" sap:content-version="1"><End EntitySet="SearchRequestSet" Role="FromRole_AssosiationSrchReqtoCounts"/><End EntitySet="SearchResultCountsSet" Role="ToRole_AssosiationSrchReqtoCounts"/></AssociationSet>
				<AssociationSet Name="AssociationSrchReqToErrorSet" Association="ZOD_LAZARUS_DCSHIPMENTS_SRV.AssociationSrchReqToError"
					sap:creatable="false" sap:updatable="false" sap:deletable="false" sap:content-version="1"><End EntitySet="SearchRequestSet" Role="FromRole_AssociationSrchReqToError"/><End EntitySet="ErrorSet" Role="ToRole_AssociationSrchReqToError"/></AssociationSet>
				<AssociationSet Name="AssosiationSrchReqToCarrierDeterminedSet"
					Association="ZOD_LAZARUS_DCSHIPMENTS_SRV.AssosiationSrchReqToCarrierDetermined" sap:creatable="false" sap:updatable="false"
					sap:deletable="false" sap:content-version="1"><End EntitySet="SearchRequestSet" Role="FromRole_AssosiationSrchReqToCarrierDetermined"/><End EntitySet="CarrierDeterminedSet" Role="ToRole_AssosiationSrchReqToCarrierDetermined"/></AssociationSet>
				<FunctionImport Name="CDRCancelShipment" ReturnType="ZOD_LAZARUS_DCSHIPMENTS_SRV.CancelMessage" EntitySet="CancelMessageSet"
					m:HttpMethod="POST" sap:action-for="ZOD_LAZARUS_DCSHIPMENTS_SRV.CancelMessage"><Parameter Name="ReferenceNumber" Type="Edm.String" Mode="In"/></FunctionImport>
				<FunctionImport Name="RFSCancelShipmentValidate" ReturnType="ZOD_LAZARUS_DCSHIPMENTS_SRV.CancelMessage" EntitySet="CancelMessageSet"
					m:HttpMethod="POST" sap:action-for="ZOD_LAZARUS_DCSHIPMENTS_SRV.CancelMessage"><Parameter Name="Proforma" Type="Edm.String" Mode="In"/><Parameter Name="ReferenceNumber" Type="Edm.String" Mode="In"/></FunctionImport>
				<FunctionImport Name="RFSCancelShipment" ReturnType="ZOD_LAZARUS_DCSHIPMENTS_SRV.CancelMessage" EntitySet="CancelMessageSet"
					m:HttpMethod="POST" sap:action-for="ZOD_LAZARUS_DCSHIPMENTS_SRV.CancelMessage"><Parameter Name="Proforma" Type="Edm.String" Mode="In"/><Parameter Name="ReferenceNumber" Type="Edm.String" Mode="In"/></FunctionImport>
				<FunctionImport Name="PacRequestShipping" ReturnType="ZOD_LAZARUS_DCSHIPMENTS_SRV.PacRequestShippingMessage"
					EntitySet="PacRequestShippingMessageSet" m:HttpMethod="POST" sap:action-for="ZOD_LAZARUS_DCSHIPMENTS_SRV.PacRequestShippingMessage"><Parameter Name="ShipTo" Type="Edm.String" Mode="In"/></FunctionImport>
				<FunctionImport Name="RequestCarrier" ReturnType="ZOD_LAZARUS_DCSHIPMENTS_SRV.RequestCarrierMessage" EntitySet="RequestCarrierMessageSet"
					m:HttpMethod="POST" sap:action-for="ZOD_LAZARUS_DCSHIPMENTS_SRV.RequestCarrierMessage"><Parameter Name="ServiceNotification" Type="Edm.String" Mode="In"/><Parameter Name="ReturnOrder" Type="Edm.String" Mode="In"/><Parameter Name="ReturnOrderItem" Type="Edm.String" Mode="In"/><Parameter Name="PartNo" Type="Edm.String" Mode="In"/><Parameter Name="Status" Type="Edm.String" Mode="In"/></FunctionImport>
				<FunctionImport Name="CDRCancelShipmentValidate" ReturnType="ZOD_LAZARUS_DCSHIPMENTS_SRV.CancelMessage" EntitySet="CancelMessageSet"
					m:HttpMethod="POST" sap:action-for="ZOD_LAZARUS_DCSHIPMENTS_SRV.CancelMessage"><Parameter Name="ReferenceNumber" Type="Edm.String" Mode="In"/></FunctionImport>
				<FunctionImport Name="RequestShipping" ReturnType="ZOD_LAZARUS_DCSHIPMENTS_SRV.FreightHeaderMessage" EntitySet="FreightHeaderMessageSet"
					m:HttpMethod="POST" sap:action-for="ZOD_LAZARUS_DCSHIPMENTS_SRV.FreightHeaderMessage"><Parameter Name="ReferenceNumber" Type="Edm.String" Mode="In"/></FunctionImport>
			</EntityContainer><atom:link rel="self"
				href="https://webidecp-h2bvhq7pbr.dispatcher.us2.hana.ondemand.com/destinations/dv5neo/sap/opu/odata/sap/ZOD_LAZARUS_DCSHIPMENTS_SRV/$metadata"
				xmlns:atom="http://www.w3.org/2005/Atom"/><atom:link rel="latest-version"
				href="https://webidecp-h2bvhq7pbr.dispatcher.us2.hana.ondemand.com/destinations/dv5neo/sap/opu/odata/sap/ZOD_LAZARUS_DCSHIPMENTS_SRV/$metadata"
				xmlns:atom="http://www.w3.org/2005/Atom"/></Schema>
	</edmx:DataServices>
</edmx:Edmx>