<?xml version="1.0" ?>
<edmx:Edmx xmlns:edmx="http://schemas.microsoft.com/ado/2007/06/edmx" Version="1.0"
    xmlns:sap="http://www.sap.com/Protocols/SAPData">
    <edmx:Reference xmlns:edmx="http://docs.oasis-open.org/odata/ns/edmx" Uri="https://oasis-tcs.github.io/odata-vocabularies/vocabularies/Org.OData.Capabilities.V1.xml">
        <edmx:Include Alias="Capabilities" Namespace="Org.OData.Capabilities.V1"></edmx:Include>
    </edmx:Reference>
    <edmx:Reference xmlns:edmx="http://docs.oasis-open.org/odata/ns/edmx" Uri="https://sap.github.io/odata-vocabularies/vocabularies/Common.xml">
        <edmx:Include Alias="Common" Namespace="com.sap.vocabularies.Common.v1"></edmx:Include>
    </edmx:Reference>
    <edmx:Reference xmlns:edmx="http://docs.oasis-open.org/odata/ns/edmx" Uri="https://oasis-tcs.github.io/odata-vocabularies/vocabularies/Org.OData.Core.V1.xml">
        <edmx:Include Alias="Core" Namespace="Org.OData.Core.V1"></edmx:Include>
    </edmx:Reference>
    <edmx:Reference xmlns:edmx="http://docs.oasis-open.org/odata/ns/edmx" Uri="https://sap.github.io/odata-vocabularies/vocabularies/UI.xml">
        <edmx:Include Alias="UI" Namespace="com.sap.vocabularies.UI.v1"></edmx:Include>
    </edmx:Reference>
    <edmx:DataServices m:DataServiceVersion="1.0"
        xmlns:m="http://schemas.microsoft.com/ado/2007/08/dataservices/metadata">
        <Schema Namespace="CarrierPalletLabel"
            xmlns="http://schemas.microsoft.com/ado/2008/09/edm">
            <EntityType Name="CarrierPalletData">
                <Key>
                    <PropertyRef Name="Creation_Date"></PropertyRef>
                    <PropertyRef Name="PO_Number"></PropertyRef>
                    <PropertyRef Name="Item_Number"></PropertyRef>
                    <PropertyRef Name="Description"></PropertyRef>
                    <PropertyRef Name="Schedule_Line_Number"></PropertyRef>
                    <PropertyRef Name="Order_Quantity"></PropertyRef>
                    <PropertyRef Name="Open_Quantity"></PropertyRef>
                    <PropertyRef Name="Material"></PropertyRef>
                    <PropertyRef Name="Plant"></PropertyRef>
                    <PropertyRef Name="Quantity_Input"></PropertyRef>
                    <PropertyRef Name="SSCC18_M"></PropertyRef>
                    <PropertyRef Name="SSCC18_A"></PropertyRef>
                    <PropertyRef Name="Vendor"></PropertyRef>
                </Key>
                <Property Name="Creation_Date" Type="Edm.String" Nullable="false" MaxLength="8" sap:updatable="false"></Property>
                <Property Name="PO_Number" Type="Edm.String" Nullable="false" MaxLength="10" sap:updatable="false"></Property>
                <Property Name="Item_Number" Type="Edm.String" Nullable="false" MaxLength="5" sap:updatable="false"></Property>
                <Property Name="Description" Type="Edm.String" Nullable="false" MaxLength="40" sap:updatable="false"></Property>
                <Property Name="Schedule_Line_Number" Type="Edm.String" Nullable="false" MaxLength="4" sap:updatable="false"></Property>
                <Property Name="Order_Quantity" Type="Edm.Decimal" Nullable="false" Precision="13" Scale="3" sap:updatable="false"></Property>
                <Property Name="Open_Quantity" Type="Edm.Int32" Nullable="false" sap:updatable="false"></Property>
                <Property Name="Material" Type="Edm.String" Nullable="false" MaxLength="18" sap:updatable="false"></Property>
                <Property Name="Plant" Type="Edm.String" Nullable="false" MaxLength="4" sap:updatable="false"></Property>
                <Property Name="Quantity_Input" Type="Edm.Decimal" Nullable="false" Precision="13" Scale="3" sap:updatable="false"></Property>
                <Property Name="SSCC18_M" Type="Edm.String" Nullable="false" MaxLength="18" sap:updatable="true"></Property>
                <Property Name="SSCC18_A" Type="Edm.Boolean" Nullable="false" sap:updatable="false"></Property>
                <Property Name="Vendor" Type="Edm.String" Nullable="false" MaxLength="10" sap:updatable="false"></Property>
                <NavigationProperty Name="ReturnAddress" Relationship="CarrierPalletLabel.CarrierPalletData_ReturnAddress" FromRole="CarrierPalletData" ToRole="Address"></NavigationProperty>
                <NavigationProperty Name="shippingto" Relationship="CarrierPalletLabel.CarrierPalletData_shippingto" FromRole="CarrierPalletData" ToRole="Address"></NavigationProperty>
                <NavigationProperty Name="Gs1Details" Relationship="CarrierPalletLabel.CarrierPalletData_Gs1Details" FromRole="CarrierPalletData" ToRole="MaterialExtension"></NavigationProperty>
            </EntityType>
            <EntityType Name="PalletGS1LabelData">
                <Key>
                    <PropertyRef Name="SSCC18_NUMBER"></PropertyRef>
                </Key>
                <Property Name="SSCC18_NUMBER" Type="Edm.String" Nullable="false" MaxLength="20"></Property>
                <Property Name="LABEL_ID" Type="Edm.String" MaxLength="20"></Property>
                <Property Name="PO_NUMBER" Type="Edm.String" MaxLength="10"></Property>
                <Property Name="PO_ITEM_NUMBER" Type="Edm.String" MaxLength="6"></Property>
                <Property Name="PALLET_TYPE" Type="Edm.String" MaxLength="6"></Property>
                <Property Name="PART_NUMBER" Type="Edm.String" MaxLength="40"></Property>
                <Property Name="COUNTRY_OF_ASSEMBLY" Type="Edm.String" MaxLength="15"></Property>
                <Property Name="MODEL_NUMBER" Type="Edm.String" MaxLength="10"></Property>
                <Property Name="COUNTRY_OF_ORIGIN" Type="Edm.String" MaxLength="15"></Property>
                <Property Name="GLOBAL_TRADE_IDENTIFICATION_NUMBER" Type="Edm.String" MaxLength="20"></Property>
                <Property Name="COUNT_OF_CARTONS" Type="Edm.String" MaxLength="5"></Property>
                <Property Name="Country" Type="Edm.String" MaxLength="15"></Property>
            </EntityType>
            <EntityType Name="CarrierLabelData">
                <Key>
                    <PropertyRef Name="SSCC128_NUMBER"></PropertyRef>
                </Key>
                <Property Name="SSCC128_NUMBER" Type="Edm.String" Nullable="false" MaxLength="20"></Property>
                <Property Name="PO_ITEM_NUMBER" Type="Edm.String" MaxLength="6"></Property>
                <Property Name="CARRIER_SCAC" Type="Edm.String" MaxLength="25"></Property>
                <Property Name="ORIGIN_DEPARTURE_AIRPORT_CODE" Type="Edm.String" MaxLength="4"></Property>
                <Property Name="DESTINATION_AIRPORT_CODE" Type="Edm.String" MaxLength="4"></Property>
                <Property Name="SHIP_DATE" Type="Edm.DateTimeOffset"></Property>
                <Property Name="HAWB_NUMBER" Type="Edm.String" MaxLength="10"></Property>
                <Property Name="SHIP_ID" Type="Edm.String" MaxLength="20"></Property>
                <Property Name="PO_NUMBER" Type="Edm.String" MaxLength="10"></Property>
                <Property Name="CARTON_COUNT_ON_PO" Type="Edm.String" MaxLength="4"></Property>
                <Property Name="SHIP_TO_ADDRESS1" Type="Edm.String" MaxLength="35"></Property>
                <Property Name="SHIP_TO_ADDRESS2" Type="Edm.String" MaxLength="35"></Property>
                <Property Name="SHIP_TO_ADDRESS3" Type="Edm.String" MaxLength="35"></Property>
                <Property Name="SHIP_TO_RETURN_ADDRESS1" Type="Edm.String" MaxLength="35"></Property>
                <Property Name="SHIP_TO_RETURN_ADDRESS2" Type="Edm.String" MaxLength="35"></Property>
                <Property Name="SHIP_TO_RETURN_ADDRESS3" Type="Edm.String" MaxLength="35"></Property>
                <Property Name="Country" Type="Edm.String" MaxLength="15"></Property>
            </EntityType>
            <EntityType Name="MaterialExtension">
                <Key>
                    <PropertyRef Name="Material"></PropertyRef>
                    <PropertyRef Name="Plant"></PropertyRef>
                </Key>
                <Property Name="Material" Type="Edm.String" Nullable="false" MaxLength="18"></Property>
                <Property Name="Plant" Type="Edm.String" Nullable="false" MaxLength="4"></Property>
                <Property Name="Model_Number" Type="Edm.String" MaxLength="40"></Property>
                <Property Name="Config_Code" Type="Edm.String" MaxLength="10"></Property>
                <Property Name="Packing_Code" Type="Edm.String" MaxLength="40"></Property>
                <Property Name="Volume" Type="Edm.String" MaxLength="13"></Property>
                <Property Name="Volume_Unit" Type="Edm.String" MaxLength="3"></Property>
                <Property Name="Weight" Type="Edm.String" MaxLength="13"></Property>
                <Property Name="Weight_Unit" Type="Edm.String" MaxLength="3"></Property>
                <Property Name="COUNTRY_OF_ASSEMBLY" Type="Edm.String" MaxLength="15"></Property>
                <Property Name="COUNTRY_OF_ORIGIN" Type="Edm.String" MaxLength="15"></Property>
                <Property Name="GTIN" Type="Edm.String" MaxLength="20"></Property>
            </EntityType>
            <EntityType Name="Address">
                <Key>
                    <PropertyRef Name="Vendor"></PropertyRef>
                </Key>
                <Property Name="Vendor" Type="Edm.String" Nullable="false" MaxLength="10"></Property>
                <Property Name="Name1" Type="Edm.String" MaxLength="35"></Property>
                <Property Name="Name2" Type="Edm.String" MaxLength="35"></Property>
                <Property Name="City" Type="Edm.String" MaxLength="35"></Property>
                <Property Name="Postal_Code" Type="Edm.String" MaxLength="10"></Property>
                <Property Name="Region" Type="Edm.String" MaxLength="3"></Property>
                <Property Name="Sort_Field" Type="Edm.String" MaxLength="10"></Property>
                <Property Name="Street_House_NO" Type="Edm.String" MaxLength="35"></Property>
                <Property Name="Telephone" Type="Edm.String" MaxLength="16"></Property>
                <Property Name="Fax" Type="Edm.String" MaxLength="31"></Property>
                <Property Name="Country" Type="Edm.String" MaxLength="15"></Property>
            </EntityType>
            <EntityType Name="ekko">
                <Key>
                    <PropertyRef Name="PO_NUMBER"></PropertyRef>
                </Key>
                <Property Name="PO_NUMBER" Type="Edm.String" Nullable="false" MaxLength="10"></Property>
                <Property Name="POE" Type="Edm.String" MaxLength="3"></Property>
                <Property Name="COC" Type="Edm.String" MaxLength="2"></Property>
            </EntityType>
            <EntityType Name="ekpo">
                <Key>
                    <PropertyRef Name="Item_Number"></PropertyRef>
                    <PropertyRef Name="PO_NUMBER"></PropertyRef>
                </Key>
                <Property Name="Item_Number" Type="Edm.String" Nullable="false" MaxLength="5"></Property>
                <Property Name="PO_NUMBER" Type="Edm.String" Nullable="false" MaxLength="10"></Property>
                <Property Name="Gross_Weight" Type="Edm.Decimal" Precision="13" Scale="3"></Property>
                <Property Name="Volume" Type="Edm.Decimal" Precision="13" Scale="3"></Property>
                <Property Name="VolumeUnit" Type="Edm.String" MaxLength="3"></Property>
                <Property Name="Gross_Weight_Unit" Type="Edm.String" MaxLength="3"></Property>
                <Property Name="Material" Type="Edm.String" MaxLength="18"></Property>
                <Property Name="Quantity" Type="Edm.Decimal" Precision="13" Scale="3"></Property>
                <Property Name="QuantityUnit" Type="Edm.String" MaxLength="3"></Property>
            </EntityType>
            <EntityType Name="eket">
                <Key>
                    <PropertyRef Name="Schedule_Line_Number"></PropertyRef>
                </Key>
                <Property Name="Schedule_Line_Number" Type="Edm.String" Nullable="false" MaxLength="4"></Property>
                <Property Name="Delivery_Date" Type="Edm.String" MaxLength="8"></Property>
            </EntityType>
            <EntityType Name="GenerateLabelData">
                <Key>
                    <PropertyRef Name="PO_NUMBER"></PropertyRef>
                    <PropertyRef Name="PO_ITEM_NUMBER"></PropertyRef>
                    <PropertyRef Name="SSCC18_NUMBER"></PropertyRef>
                    <PropertyRef Name="SUPPLIER"></PropertyRef>
                </Key>
                <Property Name="PO_NUMBER" Type="Edm.String" Nullable="false" MaxLength="10"></Property>
                <Property Name="PO_ITEM_NUMBER" Type="Edm.String" Nullable="false" MaxLength="6"></Property>
                <Property Name="SSCC18_NUMBER" Type="Edm.String" Nullable="false" MaxLength="20"></Property>
                <Property Name="SUPPLIER" Type="Edm.String" Nullable="false" MaxLength="10"></Property>
                <Property Name="PLANT" Type="Edm.String" MaxLength="4"></Property>
                <Property Name="MATERIAL" Type="Edm.String" MaxLength="18"></Property>
                <Property Name="COUNT_OF_CARTONS" Type="Edm.String" MaxLength="10"></Property>
                <Property Name="CARRIER_SCAC" Type="Edm.String" MaxLength="25"></Property>
                <Property Name="ORIGIN_DEPARTURE_AIRPORT_CODE" Type="Edm.String" MaxLength="4"></Property>
                <Property Name="DESTINATION_AIRPORT_CODE" Type="Edm.String" MaxLength="4"></Property>
                <Property Name="SHIP_DATE" Type="Edm.DateTimeOffset"></Property>
                <Property Name="SHIP_ID" Type="Edm.String" MaxLength="30"></Property>
                <Property Name="HAWB_NUMBER" Type="Edm.String" MaxLength="10"></Property>
                <Property Name="LABEL_ID" Type="Edm.String" MaxLength="36"></Property>
                <Property Name="PALLET_TYPE" Type="Edm.String" MaxLength="6"></Property>
                <Property Name="PART_NUMBER" Type="Edm.String" MaxLength="40"></Property>
                <Property Name="COUNTRY_OF_ASSEMBLY" Type="Edm.String" MaxLength="15"></Property>
                <Property Name="MODEL_NUMBER" Type="Edm.String" MaxLength="10"></Property>
                <Property Name="COUNTRY_OF_ORIGIN" Type="Edm.String" MaxLength="15"></Property>
                <Property Name="GLOBAL_TRADE_IDENTIFICATION_NUMBER" Type="Edm.String" MaxLength="20"></Property>
                <Property Name="CARTON_COUNT_ON_PO" Type="Edm.String" MaxLength="4"></Property>
                <Property Name="Country" Type="Edm.String" MaxLength="15"></Property>
                <Property Name="SHIP_TO_ADDRESS1" Type="Edm.String" MaxLength="35"></Property>
                <Property Name="SHIP_TO_ADDRESS2" Type="Edm.String" MaxLength="35"></Property>
                <Property Name="SHIP_TO_ADDRESS3" Type="Edm.String" MaxLength="35"></Property>
                <Property Name="SHIP_TO_RETURN_ADDRESS1" Type="Edm.String" MaxLength="35"></Property>
                <Property Name="SHIP_TO_RETURN_ADDRESS2" Type="Edm.String" MaxLength="35"></Property>
                <Property Name="SHIP_TO_RETURN_ADDRESS3" Type="Edm.String" MaxLength="35"></Property>
                <Property Name="CARRIER_PDF" Type="Edm.Binary"></Property>
                <Property Name="PALLET_PDF" Type="Edm.Binary"></Property>
            </EntityType>
            <EntityType Name="NumberRanges">
                <Key>
                    <PropertyRef Name="NAME"></PropertyRef>
                    <PropertyRef Name="VENDOR"></PropertyRef>
                </Key>
                <Property Name="NAME" Type="Edm.String" Nullable="false" MaxLength="20" sap:updatable="false"></Property>
                <Property Name="VENDOR" Type="Edm.String" Nullable="false" MaxLength="10" sap:updatable="false"></Property>
                <Property Name="STARTING_NUMBER" Type="Edm.Int64" sap:updatable="false"></Property>
                <Property Name="MAXIMUM_NUMBER" Type="Edm.Int64" sap:updatable="true"></Property>
                <Property Name="CURRENT_NUMBER" Type="Edm.Int64" sap:updatable="true"></Property>
            </EntityType>
            <EntityType Name="ConfigValues">
                <Key>
                    <PropertyRef Name="NAME"></PropertyRef>
                </Key>
                <Property Name="NAME" Type="Edm.String" Nullable="false" MaxLength="20" sap:updatable="false"></Property>
                <Property Name="VALUE" Type="Edm.String" MaxLength="10" sap:updatable="true"></Property>
            </EntityType>
            <EntityType Name="DistinctPo">
                <Key>
                    <PropertyRef Name="PO_Number"></PropertyRef>
                </Key>
                <Property Name="PO_Number" Type="Edm.String" Nullable="false" MaxLength="10"></Property>
            </EntityType>
            <EntityType Name="DistinctMaterial">
                <Key>
                    <PropertyRef Name="Material"></PropertyRef>
                </Key>
                <Property Name="Material" Type="Edm.String" Nullable="false" MaxLength="18"></Property>
            </EntityType>
            <EntityType Name="DistinctVendor">
                <Key>
                    <PropertyRef Name="Vendor"></PropertyRef>
                </Key>
                <Property Name="Vendor" Type="Edm.String" Nullable="false" MaxLength="10"></Property>
            </EntityType>
            <EntityType Name="DistinctPlant">
                <Key>
                    <PropertyRef Name="Plant"></PropertyRef>
                </Key>
                <Property Name="Plant" Type="Edm.String" Nullable="false" MaxLength="4"></Property>
            </EntityType>
            <EntityType Name="DistinctNumberRangesName">
                <Key>
                    <PropertyRef Name="NAME"></PropertyRef>
                </Key>
                <Property Name="NAME" Type="Edm.String" Nullable="false" MaxLength="20"></Property>
            </EntityType>
            <EntityType Name="DistinctNumberRangesVendor">
                <Key>
                    <PropertyRef Name="VENDOR"></PropertyRef>
                </Key>
                <Property Name="VENDOR" Type="Edm.String" Nullable="false" MaxLength="10"></Property>
            </EntityType>
            <EntityType Name="DistinctConfigValuesName">
                <Key>
                    <PropertyRef Name="NAME"></PropertyRef>
                </Key>
                <Property Name="NAME" Type="Edm.String" Nullable="false" MaxLength="20"></Property>
            </EntityType>
            <EntityType Name="SaveToPDF">
                <Key>
                    <PropertyRef Name="SSCC18_NUMBER"></PropertyRef>
                    <PropertyRef Name="PO_NUMBER"></PropertyRef>
                    <PropertyRef Name="PO_ITEM_NUMBER"></PropertyRef>
                </Key>
                <Property Name="SSCC18_NUMBER" Type="Edm.String" Nullable="false" MaxLength="20"></Property>
                <Property Name="PO_NUMBER" Type="Edm.String" Nullable="false" MaxLength="10"></Property>
                <Property Name="PO_ITEM_NUMBER" Type="Edm.String" Nullable="false" MaxLength="6"></Property>
                <Property Name="LABEL_ID" Type="Edm.String" MaxLength="20"></Property>
                <Property Name="PALLET_TYPE" Type="Edm.String" MaxLength="6"></Property>
                <Property Name="PART_NUMBER" Type="Edm.String" MaxLength="40"></Property>
                <Property Name="COUNTRY_OF_ASSEMBLY" Type="Edm.String" MaxLength="15"></Property>
                <Property Name="MODEL_NUMBER" Type="Edm.String" MaxLength="10"></Property>
                <Property Name="COUNTRY_OF_ORIGIN" Type="Edm.String" MaxLength="15"></Property>
                <Property Name="GLOBAL_TRADE_IDENTIFICATION_NUMBER" Type="Edm.String" MaxLength="20"></Property>
                <Property Name="COUNT_OF_CARTONS" Type="Edm.String" MaxLength="5"></Property>
                <Property Name="Country" Type="Edm.String" MaxLength="15"></Property>
                <Property Name="CARRIER_SCAC" Type="Edm.String" MaxLength="25"></Property>
                <Property Name="ORIGIN_DEPARTURE_AIRPORT_CODE" Type="Edm.String" MaxLength="4"></Property>
                <Property Name="DESTINATION_AIRPORT_CODE" Type="Edm.String" MaxLength="4"></Property>
                <Property Name="SHIP_DATE" Type="Edm.DateTimeOffset"></Property>
                <Property Name="HAWB_NUMBER" Type="Edm.String" MaxLength="10"></Property>
                <Property Name="SHIP_ID" Type="Edm.String" MaxLength="20"></Property>
                <Property Name="CARTON_COUNT_ON_PO" Type="Edm.String" MaxLength="4"></Property>
                <Property Name="SHIP_TO_ADDRESS1" Type="Edm.String" MaxLength="35"></Property>
                <Property Name="SHIP_TO_ADDRESS2" Type="Edm.String" MaxLength="35"></Property>
                <Property Name="SHIP_TO_ADDRESS3" Type="Edm.String" MaxLength="35"></Property>
                <Property Name="SHIP_TO_RETURN_ADDRESS1" Type="Edm.String" MaxLength="35"></Property>
                <Property Name="SHIP_TO_RETURN_ADDRESS2" Type="Edm.String" MaxLength="35"></Property>
                <Property Name="SHIP_TO_RETURN_ADDRESS3" Type="Edm.String" MaxLength="35"></Property>
            </EntityType>
            <EntityType Name="SavePalletPDF">
                <Key>
                    <PropertyRef Name="SSCC18_NUMBER"></PropertyRef>
                </Key>
                <Property Name="SSCC18_NUMBER" Type="Edm.String" Nullable="false" MaxLength="20"></Property>
                <Property Name="LABEL_ID" Type="Edm.String" MaxLength="20"></Property>
                <Property Name="PO_NUMBER" Type="Edm.String" MaxLength="10"></Property>
                <Property Name="PO_ITEM_NUMBER" Type="Edm.String" MaxLength="6"></Property>
                <Property Name="PALLET_TYPE" Type="Edm.String" MaxLength="6"></Property>
                <Property Name="PART_NUMBER" Type="Edm.String" MaxLength="40"></Property>
                <Property Name="COUNTRY_OF_ASSEMBLY" Type="Edm.String" MaxLength="15"></Property>
                <Property Name="MODEL_NUMBER" Type="Edm.String" MaxLength="10"></Property>
                <Property Name="COUNTRY_OF_ORIGIN" Type="Edm.String" MaxLength="15"></Property>
                <Property Name="GLOBAL_TRADE_IDENTIFICATION_NUMBER" Type="Edm.String" MaxLength="20"></Property>
                <Property Name="COUNT_OF_CARTONS" Type="Edm.String" MaxLength="5"></Property>
                <Property Name="Country" Type="Edm.String" MaxLength="15"></Property>
            </EntityType>
            <EntityType Name="SaveCarrierPDF">
                <Key>
                    <PropertyRef Name="SSCC128_NUMBER"></PropertyRef>
                </Key>
                <Property Name="SSCC128_NUMBER" Type="Edm.String" Nullable="false" MaxLength="20"></Property>
                <Property Name="PO_ITEM_NUMBER" Type="Edm.String" MaxLength="6"></Property>
                <Property Name="CARRIER_SCAC" Type="Edm.String" MaxLength="25"></Property>
                <Property Name="ORIGIN_DEPARTURE_AIRPORT_CODE" Type="Edm.String" MaxLength="4"></Property>
                <Property Name="DESTINATION_AIRPORT_CODE" Type="Edm.String" MaxLength="4"></Property>
                <Property Name="SHIP_DATE" Type="Edm.DateTimeOffset"></Property>
                <Property Name="HAWB_NUMBER" Type="Edm.String" MaxLength="10"></Property>
                <Property Name="SHIP_ID" Type="Edm.String" MaxLength="20"></Property>
                <Property Name="PO_NUMBER" Type="Edm.String" MaxLength="10"></Property>
                <Property Name="CARTON_COUNT_ON_PO" Type="Edm.String" MaxLength="4"></Property>
                <Property Name="SHIP_TO_ADDRESS1" Type="Edm.String" MaxLength="35"></Property>
                <Property Name="SHIP_TO_ADDRESS2" Type="Edm.String" MaxLength="35"></Property>
                <Property Name="SHIP_TO_ADDRESS3" Type="Edm.String" MaxLength="35"></Property>
                <Property Name="SHIP_TO_RETURN_ADDRESS1" Type="Edm.String" MaxLength="35"></Property>
                <Property Name="SHIP_TO_RETURN_ADDRESS2" Type="Edm.String" MaxLength="35"></Property>
                <Property Name="SHIP_TO_RETURN_ADDRESS3" Type="Edm.String" MaxLength="35"></Property>
                <Property Name="Country" Type="Edm.String" MaxLength="15"></Property>
            </EntityType>
            <Association Name="CarrierPalletData_ReturnAddress">
                <End Type="CarrierPalletLabel.CarrierPalletData" Multiplicity="*" Role="CarrierPalletData"></End>
                <End Type="CarrierPalletLabel.Address" Multiplicity="*" Role="Address"></End>
            </Association>
            <Association Name="CarrierPalletData_shippingto">
                <End Type="CarrierPalletLabel.CarrierPalletData" Multiplicity="*" Role="CarrierPalletData"></End>
                <End Type="CarrierPalletLabel.Address" Multiplicity="*" Role="Address"></End>
            </Association>
            <Association Name="CarrierPalletData_Gs1Details">
                <End Type="CarrierPalletLabel.CarrierPalletData" Multiplicity="*" Role="CarrierPalletData"></End>
                <End Type="CarrierPalletLabel.MaterialExtension" Multiplicity="*" Role="MaterialExtension"></End>
            </Association>
            <EntityContainer Name="EntityContainer" m:IsDefaultEntityContainer="true">
                <EntitySet Name="CarrierPalletData" EntityType="CarrierPalletLabel.CarrierPalletData"></EntitySet>
                <EntitySet Name="PalletGS1LabelData" EntityType="CarrierPalletLabel.PalletGS1LabelData"></EntitySet>
                <EntitySet Name="CarrierLabelData" EntityType="CarrierPalletLabel.CarrierLabelData"></EntitySet>
                <EntitySet Name="MaterialExtension" EntityType="CarrierPalletLabel.MaterialExtension"></EntitySet>
                <EntitySet Name="Address" EntityType="CarrierPalletLabel.Address"></EntitySet>
                <EntitySet Name="ekko" EntityType="CarrierPalletLabel.ekko"></EntitySet>
                <EntitySet Name="ekpo" EntityType="CarrierPalletLabel.ekpo"></EntitySet>
                <EntitySet Name="eket" EntityType="CarrierPalletLabel.eket"></EntitySet>
                <EntitySet Name="GenerateLabelData" EntityType="CarrierPalletLabel.GenerateLabelData"></EntitySet>
                <EntitySet Name="NumberRanges" EntityType="CarrierPalletLabel.NumberRanges"></EntitySet>
                <EntitySet Name="ConfigValues" EntityType="CarrierPalletLabel.ConfigValues"></EntitySet>
                <EntitySet Name="DistinctPo" EntityType="CarrierPalletLabel.DistinctPo"></EntitySet>
                <EntitySet Name="DistinctMaterial" EntityType="CarrierPalletLabel.DistinctMaterial"></EntitySet>
                <EntitySet Name="DistinctVendor" EntityType="CarrierPalletLabel.DistinctVendor"></EntitySet>
                <EntitySet Name="DistinctPlant" EntityType="CarrierPalletLabel.DistinctPlant"></EntitySet>
                <EntitySet Name="DistinctNumberRangesName" EntityType="CarrierPalletLabel.DistinctNumberRangesName"></EntitySet>
                <EntitySet Name="DistinctNumberRangesVendor" EntityType="CarrierPalletLabel.DistinctNumberRangesVendor"></EntitySet>
                <EntitySet Name="DistinctConfigValuesName" EntityType="CarrierPalletLabel.DistinctConfigValuesName"></EntitySet>
                <EntitySet Name="SaveToPDF" EntityType="CarrierPalletLabel.SaveToPDF"></EntitySet>
                <EntitySet Name="SavePalletPDF" EntityType="CarrierPalletLabel.SavePalletPDF"></EntitySet>
                <EntitySet Name="SaveCarrierPDF" EntityType="CarrierPalletLabel.SaveCarrierPDF"></EntitySet>
                <AssociationSet Name="CarrierPalletData_ReturnAddress" Association="CarrierPalletLabel.CarrierPalletData_ReturnAddress">
                    <End EntitySet="CarrierPalletData" Role="CarrierPalletData"></End>
                    <End EntitySet="Address" Role="Address"></End>
                </AssociationSet>
                <AssociationSet Name="CarrierPalletData_shippingto" Association="CarrierPalletLabel.CarrierPalletData_shippingto">
                    <End EntitySet="CarrierPalletData" Role="CarrierPalletData"></End>
                    <End EntitySet="Address" Role="Address"></End>
                </AssociationSet>
                <AssociationSet Name="CarrierPalletData_Gs1Details" Association="CarrierPalletLabel.CarrierPalletData_Gs1Details">
                    <End EntitySet="CarrierPalletData" Role="CarrierPalletData"></End>
                    <End EntitySet="MaterialExtension" Role="MaterialExtension"></End>
                </AssociationSet>
            </EntityContainer>
            <Annotations xmlns="http://docs.oasis-open.org/odata/ns/edm" Target="CarrierPalletLabel.CarrierPalletData">
                <Annotation xmlns="http://docs.oasis-open.org/odata/ns/edm" Term="UI.SelectionFields">
                    <Collection xmlns="http://docs.oasis-open.org/odata/ns/edm">
                        <PropertyPath xmlns="http://docs.oasis-open.org/odata/ns/edm">PO_Number</PropertyPath>
                        <PropertyPath xmlns="http://docs.oasis-open.org/odata/ns/edm">Material</PropertyPath>
                        <PropertyPath xmlns="http://docs.oasis-open.org/odata/ns/edm">Plant</PropertyPath>
                        <PropertyPath xmlns="http://docs.oasis-open.org/odata/ns/edm">Vendor</PropertyPath>
                    </Collection>
                </Annotation>
                <Annotation xmlns="http://docs.oasis-open.org/odata/ns/edm" Term="UI.LineItem">
                    <Collection xmlns="http://docs.oasis-open.org/odata/ns/edm">
                        <Record xmlns="http://docs.oasis-open.org/odata/ns/edm" Type="UI.DataField">
                            <PropertyValue xmlns="http://docs.oasis-open.org/odata/ns/edm" Property="Value" Path="Creation_Date"></PropertyValue>
                        </Record>
                        <Record xmlns="http://docs.oasis-open.org/odata/ns/edm" Type="UI.DataField">
                            <PropertyValue xmlns="http://docs.oasis-open.org/odata/ns/edm" Property="Value" Path="PO_Number"></PropertyValue>
                        </Record>
                        <Record xmlns="http://docs.oasis-open.org/odata/ns/edm" Type="UI.DataField">
                            <PropertyValue xmlns="http://docs.oasis-open.org/odata/ns/edm" Property="Value" Path="Material"></PropertyValue>
                        </Record>
                        <Record xmlns="http://docs.oasis-open.org/odata/ns/edm" Type="UI.DataField">
                            <PropertyValue xmlns="http://docs.oasis-open.org/odata/ns/edm" Property="Value" Path="Plant"></PropertyValue>
                        </Record>
                        <Record xmlns="http://docs.oasis-open.org/odata/ns/edm" Type="UI.DataField">
                            <PropertyValue xmlns="http://docs.oasis-open.org/odata/ns/edm" Property="Value" Path="Item_Number"></PropertyValue>
                        </Record>
                        <Record xmlns="http://docs.oasis-open.org/odata/ns/edm" Type="UI.DataField">
                            <PropertyValue xmlns="http://docs.oasis-open.org/odata/ns/edm" Property="Value" Path="Description"></PropertyValue>
                        </Record>
                        <Record xmlns="http://docs.oasis-open.org/odata/ns/edm" Type="UI.DataField">
                            <PropertyValue xmlns="http://docs.oasis-open.org/odata/ns/edm" Property="Value" Path="Schedule_Line_Number"></PropertyValue>
                        </Record>
                        <Record xmlns="http://docs.oasis-open.org/odata/ns/edm" Type="UI.DataField">
                            <PropertyValue xmlns="http://docs.oasis-open.org/odata/ns/edm" Property="Value" Path="Order_Quantity"></PropertyValue>
                        </Record>
                        <Record xmlns="http://docs.oasis-open.org/odata/ns/edm" Type="UI.DataField">
                            <PropertyValue xmlns="http://docs.oasis-open.org/odata/ns/edm" Property="Value" Path="Open_Quantity"></PropertyValue>
                        </Record>
                        <Record xmlns="http://docs.oasis-open.org/odata/ns/edm" Type="UI.DataField">
                            <PropertyValue xmlns="http://docs.oasis-open.org/odata/ns/edm" Property="Value" Path="Quantity_Input"></PropertyValue>
                        </Record>
                        <Record xmlns="http://docs.oasis-open.org/odata/ns/edm" Type="UI.DataField">
                            <PropertyValue xmlns="http://docs.oasis-open.org/odata/ns/edm" Property="Value" Path="SSCC18_M"></PropertyValue>
                        </Record>
                        <Record xmlns="http://docs.oasis-open.org/odata/ns/edm" Type="UI.DataField">
                            <PropertyValue xmlns="http://docs.oasis-open.org/odata/ns/edm" Property="Value" Path="Vendor"></PropertyValue>
                        </Record>
                        <Record xmlns="http://docs.oasis-open.org/odata/ns/edm" Type="UI.DataField">
                            <PropertyValue xmlns="http://docs.oasis-open.org/odata/ns/edm" Property="Value" Path="SSCC18_A"></PropertyValue>
                        </Record>
                    </Collection>
                    <Annotation xmlns="http://docs.oasis-open.org/odata/ns/edm" Term="UI.TextArrangement" EnumMember="UI.TextArrangementType/TextOnly"></Annotation>
                </Annotation>
                <Annotation xmlns="http://docs.oasis-open.org/odata/ns/edm" Term="Core.Description" String=" Annotation"></Annotation>
            </Annotations>
            <Annotations xmlns="http://docs.oasis-open.org/odata/ns/edm" Target="CarrierPalletLabel.CarrierPalletData/Creation_Date">
                <Annotation xmlns="http://docs.oasis-open.org/odata/ns/edm" Term="Common.Label" String="Creation Date"></Annotation>
            </Annotations>
            <Annotations xmlns="http://docs.oasis-open.org/odata/ns/edm" Target="CarrierPalletLabel.CarrierPalletData/PO_Number">
                <Annotation xmlns="http://docs.oasis-open.org/odata/ns/edm" Term="Common.FieldControl" EnumMember="Common.FieldControlType/Mandatory"></Annotation>
                <Annotation xmlns="http://docs.oasis-open.org/odata/ns/edm" Term="Common.ValueList">
                    <Record xmlns="http://docs.oasis-open.org/odata/ns/edm" Type="Common.ValueListType">
                        <PropertyValue xmlns="http://docs.oasis-open.org/odata/ns/edm" Property="CollectionPath" String="DistinctPo"></PropertyValue>
                        <PropertyValue xmlns="http://docs.oasis-open.org/odata/ns/edm" Property="Label" String="PO Number"></PropertyValue>
                        <PropertyValue xmlns="http://docs.oasis-open.org/odata/ns/edm" Property="Parameters">
                            <Collection xmlns="http://docs.oasis-open.org/odata/ns/edm">
                                <Record xmlns="http://docs.oasis-open.org/odata/ns/edm" Type="Common.ValueListParameterOut">
                                    <PropertyValue xmlns="http://docs.oasis-open.org/odata/ns/edm" Property="LocalDataProperty" PropertyPath="PO_Number"></PropertyValue>
                                    <PropertyValue xmlns="http://docs.oasis-open.org/odata/ns/edm" Property="ValueListProperty" String="PO_Number"></PropertyValue>
                                </Record>
                            </Collection>
                        </PropertyValue>
                    </Record>
                </Annotation>
                <Annotation xmlns="http://docs.oasis-open.org/odata/ns/edm" Term="Common.Label" String="PO Number"></Annotation>
            </Annotations>
            <Annotations xmlns="http://docs.oasis-open.org/odata/ns/edm" Target="CarrierPalletLabel.CarrierPalletData/Item_Number">
                <Annotation xmlns="http://docs.oasis-open.org/odata/ns/edm" Term="Common.Label" String="Item Number"></Annotation>
            </Annotations>
            <Annotations xmlns="http://docs.oasis-open.org/odata/ns/edm" Target="CarrierPalletLabel.CarrierPalletData/Description">
                <Annotation xmlns="http://docs.oasis-open.org/odata/ns/edm" Term="Common.Label" String="Description"></Annotation>
            </Annotations>
            <Annotations xmlns="http://docs.oasis-open.org/odata/ns/edm" Target="CarrierPalletLabel.CarrierPalletData/Schedule_Line_Number">
                <Annotation xmlns="http://docs.oasis-open.org/odata/ns/edm" Term="Common.Label" String="Schedule Line Number"></Annotation>
            </Annotations>
            <Annotations xmlns="http://docs.oasis-open.org/odata/ns/edm" Target="CarrierPalletLabel.CarrierPalletData/Order_Quantity">
                <Annotation xmlns="http://docs.oasis-open.org/odata/ns/edm" Term="Common.Label" String="Order Quantity"></Annotation>
            </Annotations>
            <Annotations xmlns="http://docs.oasis-open.org/odata/ns/edm" Target="CarrierPalletLabel.CarrierPalletData/Open_Quantity">
                <Annotation xmlns="http://docs.oasis-open.org/odata/ns/edm" Term="Common.Label" String="Open Quantity"></Annotation>
            </Annotations>
            <Annotations xmlns="http://docs.oasis-open.org/odata/ns/edm" Target="CarrierPalletLabel.CarrierPalletData/Material">
                <Annotation xmlns="http://docs.oasis-open.org/odata/ns/edm" Term="Common.FieldControl" EnumMember="Common.FieldControlType/Mandatory"></Annotation>
                <Annotation xmlns="http://docs.oasis-open.org/odata/ns/edm" Term="Common.ValueList">
                    <Record xmlns="http://docs.oasis-open.org/odata/ns/edm" Type="Common.ValueListType">
                        <PropertyValue xmlns="http://docs.oasis-open.org/odata/ns/edm" Property="CollectionPath" String="DistinctMaterial"></PropertyValue>
                        <PropertyValue xmlns="http://docs.oasis-open.org/odata/ns/edm" Property="Label" String="Material"></PropertyValue>
                        <PropertyValue xmlns="http://docs.oasis-open.org/odata/ns/edm" Property="Parameters">
                            <Collection xmlns="http://docs.oasis-open.org/odata/ns/edm">
                                <Record xmlns="http://docs.oasis-open.org/odata/ns/edm" Type="Common.ValueListParameterOut">
                                    <PropertyValue xmlns="http://docs.oasis-open.org/odata/ns/edm" Property="LocalDataProperty" PropertyPath="Material"></PropertyValue>
                                    <PropertyValue xmlns="http://docs.oasis-open.org/odata/ns/edm" Property="ValueListProperty" String="Material"></PropertyValue>
                                </Record>
                            </Collection>
                        </PropertyValue>
                    </Record>
                </Annotation>
                <Annotation xmlns="http://docs.oasis-open.org/odata/ns/edm" Term="Common.Label" String="Material"></Annotation>
            </Annotations>
            <Annotations xmlns="http://docs.oasis-open.org/odata/ns/edm" Target="CarrierPalletLabel.CarrierPalletData/Plant">
                <Annotation xmlns="http://docs.oasis-open.org/odata/ns/edm" Term="Common.FieldControl" EnumMember="Common.FieldControlType/Mandatory"></Annotation>
                <Annotation xmlns="http://docs.oasis-open.org/odata/ns/edm" Term="Common.ValueList">
                    <Record xmlns="http://docs.oasis-open.org/odata/ns/edm" Type="Common.ValueListType">
                        <PropertyValue xmlns="http://docs.oasis-open.org/odata/ns/edm" Property="CollectionPath" String="DistinctPlant"></PropertyValue>
                        <PropertyValue xmlns="http://docs.oasis-open.org/odata/ns/edm" Property="Label" String="Plant"></PropertyValue>
                        <PropertyValue xmlns="http://docs.oasis-open.org/odata/ns/edm" Property="Parameters">
                            <Collection xmlns="http://docs.oasis-open.org/odata/ns/edm">
                                <Record xmlns="http://docs.oasis-open.org/odata/ns/edm" Type="Common.ValueListParameterOut">
                                    <PropertyValue xmlns="http://docs.oasis-open.org/odata/ns/edm" Property="LocalDataProperty" PropertyPath="Plant"></PropertyValue>
                                    <PropertyValue xmlns="http://docs.oasis-open.org/odata/ns/edm" Property="ValueListProperty" String="Plant"></PropertyValue>
                                </Record>
                            </Collection>
                        </PropertyValue>
                    </Record>
                </Annotation>
                <Annotation xmlns="http://docs.oasis-open.org/odata/ns/edm" Term="Common.Label" String="Plant"></Annotation>
            </Annotations>
            <Annotations xmlns="http://docs.oasis-open.org/odata/ns/edm" Target="CarrierPalletLabel.CarrierPalletData/Quantity_Input">
                <Annotation xmlns="http://docs.oasis-open.org/odata/ns/edm" Term="Common.Label" String="Quantity Input"></Annotation>
            </Annotations>
            <Annotations xmlns="http://docs.oasis-open.org/odata/ns/edm" Target="CarrierPalletLabel.CarrierPalletData/SSCC18_M">
                <Annotation xmlns="http://docs.oasis-open.org/odata/ns/edm" Term="Common.Label" String="SSCC18-M"></Annotation>
            </Annotations>
            <Annotations xmlns="http://docs.oasis-open.org/odata/ns/edm" Target="CarrierPalletLabel.CarrierPalletData/SSCC18_A">
                <Annotation xmlns="http://docs.oasis-open.org/odata/ns/edm" Term="Common.Label" String="SSCC18-A"></Annotation>
            </Annotations>
            <Annotations xmlns="http://docs.oasis-open.org/odata/ns/edm" Target="CarrierPalletLabel.CarrierPalletData/Vendor">
                <Annotation xmlns="http://docs.oasis-open.org/odata/ns/edm" Term="Common.FieldControl" EnumMember="Common.FieldControlType/Mandatory"></Annotation>
                <Annotation xmlns="http://docs.oasis-open.org/odata/ns/edm" Term="Common.ValueList">
                    <Record xmlns="http://docs.oasis-open.org/odata/ns/edm" Type="Common.ValueListType">
                        <PropertyValue xmlns="http://docs.oasis-open.org/odata/ns/edm" Property="CollectionPath" String="DistinctVendor"></PropertyValue>
                        <PropertyValue xmlns="http://docs.oasis-open.org/odata/ns/edm" Property="Label" String="Vendor"></PropertyValue>
                        <PropertyValue xmlns="http://docs.oasis-open.org/odata/ns/edm" Property="Parameters">
                            <Collection xmlns="http://docs.oasis-open.org/odata/ns/edm">
                                <Record xmlns="http://docs.oasis-open.org/odata/ns/edm" Type="Common.ValueListParameterOut">
                                    <PropertyValue xmlns="http://docs.oasis-open.org/odata/ns/edm" Property="LocalDataProperty" PropertyPath="Vendor"></PropertyValue>
                                    <PropertyValue xmlns="http://docs.oasis-open.org/odata/ns/edm" Property="ValueListProperty" String="Vendor"></PropertyValue>
                                </Record>
                            </Collection>
                        </PropertyValue>
                    </Record>
                </Annotation>
                <Annotation xmlns="http://docs.oasis-open.org/odata/ns/edm" Term="Common.Label" String="Vendor"></Annotation>
            </Annotations>
            <Annotations xmlns="http://docs.oasis-open.org/odata/ns/edm" Target="CarrierPalletLabel.NumberRanges">
                <Annotation xmlns="http://docs.oasis-open.org/odata/ns/edm" Term="UI.HeaderInfo">
                    <Record xmlns="http://docs.oasis-open.org/odata/ns/edm" Type="UI.HeaderInfoType">
                        <PropertyValue xmlns="http://docs.oasis-open.org/odata/ns/edm" Property="TypeName" String="Number Ranges"></PropertyValue>
                        <PropertyValue xmlns="http://docs.oasis-open.org/odata/ns/edm" Property="TypeNamePlural" String="Number Ranges"></PropertyValue>
                    </Record>
                </Annotation>
                <Annotation xmlns="http://docs.oasis-open.org/odata/ns/edm" Term="UI.SelectionFields">
                    <Collection xmlns="http://docs.oasis-open.org/odata/ns/edm">
                        <PropertyPath xmlns="http://docs.oasis-open.org/odata/ns/edm">NAME</PropertyPath>
                        <PropertyPath xmlns="http://docs.oasis-open.org/odata/ns/edm">VENDOR</PropertyPath>
                    </Collection>
                </Annotation>
                <Annotation xmlns="http://docs.oasis-open.org/odata/ns/edm" Term="UI.LineItem">
                    <Collection xmlns="http://docs.oasis-open.org/odata/ns/edm">
                        <Record xmlns="http://docs.oasis-open.org/odata/ns/edm" Type="UI.DataField">
                            <PropertyValue xmlns="http://docs.oasis-open.org/odata/ns/edm" Property="Value" Path="NAME"></PropertyValue>
                        </Record>
                        <Record xmlns="http://docs.oasis-open.org/odata/ns/edm" Type="UI.DataField">
                            <PropertyValue xmlns="http://docs.oasis-open.org/odata/ns/edm" Property="Value" Path="VENDOR"></PropertyValue>
                        </Record>
                        <Record xmlns="http://docs.oasis-open.org/odata/ns/edm" Type="UI.DataField">
                            <PropertyValue xmlns="http://docs.oasis-open.org/odata/ns/edm" Property="Value" Path="STARTING_NUMBER"></PropertyValue>
                            <PropertyValue xmlns="http://docs.oasis-open.org/odata/ns/edm" Property="Label" String="Start Range"></PropertyValue>
                        </Record>
                        <Record xmlns="http://docs.oasis-open.org/odata/ns/edm" Type="UI.DataField">
                            <PropertyValue xmlns="http://docs.oasis-open.org/odata/ns/edm" Property="Value" Path="MAXIMUM_NUMBER"></PropertyValue>
                            <PropertyValue xmlns="http://docs.oasis-open.org/odata/ns/edm" Property="Label" String="End Range"></PropertyValue>
                        </Record>
                        <Record xmlns="http://docs.oasis-open.org/odata/ns/edm" Type="UI.DataField">
                            <PropertyValue xmlns="http://docs.oasis-open.org/odata/ns/edm" Property="Value" Path="CURRENT_NUMBER"></PropertyValue>
                            <PropertyValue xmlns="http://docs.oasis-open.org/odata/ns/edm" Property="Label" String="Current Sequence Number"></PropertyValue>
                        </Record>
                    </Collection>
                    <Annotation xmlns="http://docs.oasis-open.org/odata/ns/edm" Term="UI.TextArrangement" EnumMember="UI.TextArrangementType/TextOnly"></Annotation>
                </Annotation>
            </Annotations>
            <Annotations xmlns="http://docs.oasis-open.org/odata/ns/edm" Target="CarrierPalletLabel.NumberRanges/NAME">
                <Annotation xmlns="http://docs.oasis-open.org/odata/ns/edm" Term="Common.FieldControl" EnumMember="Common.FieldControlType/Mandatory"></Annotation>
                <Annotation xmlns="http://docs.oasis-open.org/odata/ns/edm" Term="Common.Label" String="Name"></Annotation>
                <Annotation xmlns="http://docs.oasis-open.org/odata/ns/edm" Term="Common.ValueList">
                    <Record xmlns="http://docs.oasis-open.org/odata/ns/edm" Type="Common.ValueListType">
                        <PropertyValue xmlns="http://docs.oasis-open.org/odata/ns/edm" Property="CollectionPath" String="DistinctNumberRangesName"></PropertyValue>
                        <PropertyValue xmlns="http://docs.oasis-open.org/odata/ns/edm" Property="Label" String="Name"></PropertyValue>
                        <PropertyValue xmlns="http://docs.oasis-open.org/odata/ns/edm" Property="Parameters">
                            <Collection xmlns="http://docs.oasis-open.org/odata/ns/edm">
                                <Record xmlns="http://docs.oasis-open.org/odata/ns/edm" Type="Common.ValueListParameterOut">
                                    <PropertyValue xmlns="http://docs.oasis-open.org/odata/ns/edm" Property="LocalDataProperty" PropertyPath="NAME"></PropertyValue>
                                    <PropertyValue xmlns="http://docs.oasis-open.org/odata/ns/edm" Property="ValueListProperty" String="NAME"></PropertyValue>
                                </Record>
                            </Collection>
                        </PropertyValue>
                    </Record>
                </Annotation>
            </Annotations>
            <Annotations xmlns="http://docs.oasis-open.org/odata/ns/edm" Target="CarrierPalletLabel.NumberRanges/VENDOR">
                <Annotation xmlns="http://docs.oasis-open.org/odata/ns/edm" Term="Common.FieldControl" EnumMember="Common.FieldControlType/Mandatory"></Annotation>
                <Annotation xmlns="http://docs.oasis-open.org/odata/ns/edm" Term="Common.Label" String="Vendor"></Annotation>
                <Annotation xmlns="http://docs.oasis-open.org/odata/ns/edm" Term="Common.ValueList">
                    <Record xmlns="http://docs.oasis-open.org/odata/ns/edm" Type="Common.ValueListType">
                        <PropertyValue xmlns="http://docs.oasis-open.org/odata/ns/edm" Property="CollectionPath" String="DistinctNumberRangesVendor"></PropertyValue>
                        <PropertyValue xmlns="http://docs.oasis-open.org/odata/ns/edm" Property="Label" String="Vendor"></PropertyValue>
                        <PropertyValue xmlns="http://docs.oasis-open.org/odata/ns/edm" Property="Parameters">
                            <Collection xmlns="http://docs.oasis-open.org/odata/ns/edm">
                                <Record xmlns="http://docs.oasis-open.org/odata/ns/edm" Type="Common.ValueListParameterOut">
                                    <PropertyValue xmlns="http://docs.oasis-open.org/odata/ns/edm" Property="LocalDataProperty" PropertyPath="VENDOR"></PropertyValue>
                                    <PropertyValue xmlns="http://docs.oasis-open.org/odata/ns/edm" Property="ValueListProperty" String="VENDOR"></PropertyValue>
                                </Record>
                            </Collection>
                        </PropertyValue>
                    </Record>
                </Annotation>
            </Annotations>
            <Annotations xmlns="http://docs.oasis-open.org/odata/ns/edm" Target="CarrierPalletLabel.ConfigValues">
                <Annotation xmlns="http://docs.oasis-open.org/odata/ns/edm" Term="UI.HeaderInfo">
                    <Record xmlns="http://docs.oasis-open.org/odata/ns/edm" Type="UI.HeaderInfoType">
                        <PropertyValue xmlns="http://docs.oasis-open.org/odata/ns/edm" Property="TypeName" String="Configuration Values"></PropertyValue>
                        <PropertyValue xmlns="http://docs.oasis-open.org/odata/ns/edm" Property="TypeNamePlural" String="Configuration Values"></PropertyValue>
                    </Record>
                </Annotation>
                <Annotation xmlns="http://docs.oasis-open.org/odata/ns/edm" Term="UI.SelectionFields">
                    <Collection xmlns="http://docs.oasis-open.org/odata/ns/edm">
                        <PropertyPath xmlns="http://docs.oasis-open.org/odata/ns/edm">NAME</PropertyPath>
                    </Collection>
                </Annotation>
                <Annotation xmlns="http://docs.oasis-open.org/odata/ns/edm" Term="UI.LineItem">
                    <Collection xmlns="http://docs.oasis-open.org/odata/ns/edm">
                        <Record xmlns="http://docs.oasis-open.org/odata/ns/edm" Type="UI.DataField">
                            <PropertyValue xmlns="http://docs.oasis-open.org/odata/ns/edm" Property="Value" Path="NAME"></PropertyValue>
                        </Record>
                        <Record xmlns="http://docs.oasis-open.org/odata/ns/edm" Type="UI.DataField">
                            <PropertyValue xmlns="http://docs.oasis-open.org/odata/ns/edm" Property="Value" Path="VALUE"></PropertyValue>
                            <PropertyValue xmlns="http://docs.oasis-open.org/odata/ns/edm" Property="Label" String="Value"></PropertyValue>
                        </Record>
                    </Collection>
                    <Annotation xmlns="http://docs.oasis-open.org/odata/ns/edm" Term="UI.TextArrangement" EnumMember="UI.TextArrangementType/TextOnly"></Annotation>
                </Annotation>
            </Annotations>
            <Annotations xmlns="http://docs.oasis-open.org/odata/ns/edm" Target="CarrierPalletLabel.EntityContainer/ConfigValues">
                <Annotation xmlns="http://docs.oasis-open.org/odata/ns/edm" Term="Capabilities.InsertRestrictions">
                    <Record xmlns="http://docs.oasis-open.org/odata/ns/edm" Type="Capabilities.InsertRestrictionsType">
                        <PropertyValue xmlns="http://docs.oasis-open.org/odata/ns/edm" Property="Insertable" Bool="true"></PropertyValue>
                    </Record>
                </Annotation>
            </Annotations>
            <Annotations xmlns="http://docs.oasis-open.org/odata/ns/edm" Target="CarrierPalletLabel.ConfigValues/NAME">
                <Annotation xmlns="http://docs.oasis-open.org/odata/ns/edm" Term="Common.FieldControl" EnumMember="Common.FieldControlType/Mandatory"></Annotation>
                <Annotation xmlns="http://docs.oasis-open.org/odata/ns/edm" Term="Common.Label" String="Name"></Annotation>
                <Annotation xmlns="http://docs.oasis-open.org/odata/ns/edm" Term="Common.ValueList">
                    <Record xmlns="http://docs.oasis-open.org/odata/ns/edm" Type="Common.ValueListType">
                        <PropertyValue xmlns="http://docs.oasis-open.org/odata/ns/edm" Property="CollectionPath" String="DistinctConfigValuesName"></PropertyValue>
                        <PropertyValue xmlns="http://docs.oasis-open.org/odata/ns/edm" Property="Label" String="Name"></PropertyValue>
                        <PropertyValue xmlns="http://docs.oasis-open.org/odata/ns/edm" Property="Parameters">
                            <Collection xmlns="http://docs.oasis-open.org/odata/ns/edm">
                                <Record xmlns="http://docs.oasis-open.org/odata/ns/edm" Type="Common.ValueListParameterOut">
                                    <PropertyValue xmlns="http://docs.oasis-open.org/odata/ns/edm" Property="LocalDataProperty" PropertyPath="NAME"></PropertyValue>
                                    <PropertyValue xmlns="http://docs.oasis-open.org/odata/ns/edm" Property="ValueListProperty" String="NAME"></PropertyValue>
                                </Record>
                            </Collection>
                        </PropertyValue>
                    </Record>
                </Annotation>
            </Annotations>
            <Annotations xmlns="http://docs.oasis-open.org/odata/ns/edm" Target="CarrierPalletLabel.DistinctPo">
                <Annotation xmlns="http://docs.oasis-open.org/odata/ns/edm" Term="Core.Description" String=" Entities"></Annotation>
            </Annotations>
            <Annotations xmlns="http://docs.oasis-open.org/odata/ns/edm" Target="CarrierPalletLabel.DistinctPo/PO_Number">
                <Annotation xmlns="http://docs.oasis-open.org/odata/ns/edm" Term="Common.Label" String="PO Number"></Annotation>
            </Annotations>
            <Annotations xmlns="http://docs.oasis-open.org/odata/ns/edm" Target="CarrierPalletLabel.DistinctMaterial">
                <Annotation xmlns="http://docs.oasis-open.org/odata/ns/edm" Term="Core.Description" String=" Entities"></Annotation>
            </Annotations>
            <Annotations xmlns="http://docs.oasis-open.org/odata/ns/edm" Target="CarrierPalletLabel.DistinctMaterial/Material">
                <Annotation xmlns="http://docs.oasis-open.org/odata/ns/edm" Term="Common.Label" String="Material"></Annotation>
            </Annotations>
            <Annotations xmlns="http://docs.oasis-open.org/odata/ns/edm" Target="CarrierPalletLabel.DistinctVendor">
                <Annotation xmlns="http://docs.oasis-open.org/odata/ns/edm" Term="Core.Description" String=" Entities"></Annotation>
            </Annotations>
            <Annotations xmlns="http://docs.oasis-open.org/odata/ns/edm" Target="CarrierPalletLabel.DistinctVendor/Vendor">
                <Annotation xmlns="http://docs.oasis-open.org/odata/ns/edm" Term="Common.Label" String="Vendor"></Annotation>
            </Annotations>
            <Annotations xmlns="http://docs.oasis-open.org/odata/ns/edm" Target="CarrierPalletLabel.DistinctPlant">
                <Annotation xmlns="http://docs.oasis-open.org/odata/ns/edm" Term="Core.Description" String=" Entities"></Annotation>
            </Annotations>
            <Annotations xmlns="http://docs.oasis-open.org/odata/ns/edm" Target="CarrierPalletLabel.DistinctPlant/Plant">
                <Annotation xmlns="http://docs.oasis-open.org/odata/ns/edm" Term="Common.Label" String="Plant"></Annotation>
            </Annotations>
            <Annotations xmlns="http://docs.oasis-open.org/odata/ns/edm" Target="CarrierPalletLabel.SaveToPDF">
                <Annotation xmlns="http://docs.oasis-open.org/odata/ns/edm" Term="Core.Description" String=" Views"></Annotation>
            </Annotations>
        </Schema>
    </edmx:DataServices>
</edmx:Edmx>