<?xml version="1.0" encoding="utf-8"?>
<edmx:Edmx Version="1.0" xmlns:edmx="http://schemas.microsoft.com/ado/2007/06/edmx"
	xmlns:m="http://schemas.microsoft.com/ado/2007/08/dataservices/metadata" xmlns:sap="http://www.sap.com/Protocols/SAPData">
	<edmx:DataServices m:DataServiceVersion="2.0">
		<Schema Namespace="ZOD_LAZARUS_LEAN_RECEIPTS_SRV" xml:lang="en" sap:schema-version="1" xmlns="http://schemas.microsoft.com/ado/2008/09/edm">
			<EntityType Name="FileUpload" m:HasStream="true" sap:content-version="1">
				<Key><PropertyRef Name="MsgType"/></Key><Property Name="MsgType" Type="Edm.String" Nullable="false" sap:unicode="false" sap:label="Message type" sap:creatable="false"
					sap:updatable="false" sap:sortable="false" sap:filterable="false"/><Property Name="MsgText" Type="Edm.String" Nullable="false" sap:unicode="false" sap:label="Message text" sap:creatable="false"
					sap:updatable="false" sap:sortable="false" sap:filterable="false"/></EntityType>
			<EntityType Name="MessageResponse" sap:content-version="1">
				<Key><PropertyRef Name="MsgType"/></Key><Property Name="MsgType" Type="Edm.String" Nullable="false" sap:unicode="false" sap:label="Message type" sap:creatable="false"
					sap:updatable="false" sap:sortable="false" sap:filterable="false"/><Property Name="MsgText" Type="Edm.String" Nullable="false" sap:unicode="false" sap:label="Message text" sap:creatable="false"
					sap:updatable="false" sap:sortable="false" sap:filterable="false"/></EntityType>
			<EntityType Name="GoodsReceipt" sap:content-version="1">
				<Key><PropertyRef Name="DispatchID"/></Key><Property Name="DispatchID" Type="Edm.String" Nullable="false" sap:unicode="false" sap:label="Dispatch ID" sap:creatable="false"
					sap:updatable="false" sap:sortable="false" sap:filterable="false"/><Property Name="GRCarrier" Type="Edm.String" Nullable="false" sap:unicode="false" sap:label="GR Carrier" sap:creatable="false"
					sap:updatable="false" sap:sortable="false" sap:filterable="false"/><Property Name="GRCarrierTrackingNo" Type="Edm.String" Nullable="false" sap:unicode="false" sap:label="GR Carrier Tracking No"
					sap:creatable="false" sap:updatable="false" sap:sortable="false" sap:filterable="false"/><Property Name="GRDate" Type="Edm.String" Nullable="false" sap:unicode="false" sap:label="GR Date" sap:creatable="false"
					sap:updatable="false" sap:sortable="false" sap:filterable="false"/><Property Name="GRStatus" Type="Edm.String" Nullable="false" sap:unicode="false" sap:label="GR Status" sap:creatable="false"
					sap:updatable="false" sap:sortable="false" sap:filterable="false"/><Property Name="GRTime" Type="Edm.String" Nullable="false" sap:unicode="false" sap:label="GR Time" sap:creatable="false"
					sap:updatable="false" sap:sortable="false" sap:filterable="false"/><Property Name="GRTimeZone" Type="Edm.String" Nullable="false" sap:unicode="false" sap:label="GR TimeZone" sap:creatable="false"
					sap:updatable="false" sap:sortable="false" sap:filterable="false"/><Property Name="ServiceNotification" Type="Edm.String" Nullable="false" sap:unicode="false" sap:label="Service Notification"
					sap:creatable="false" sap:updatable="false" sap:sortable="false" sap:filterable="false"/><Property Name="Region" Type="Edm.String" Nullable="false" sap:unicode="false" sap:label="Region" sap:creatable="false"
					sap:updatable="false" sap:sortable="false" sap:filterable="false"/></EntityType>
			<EntityType Name="Search" sap:content-version="1">
				<Key><PropertyRef Name="Type"/></Key><Property Name="Type" Type="Edm.String" Nullable="false" sap:unicode="false" sap:label="Selection Type" sap:creatable="false"
					sap:updatable="false" sap:sortable="false" sap:filterable="false"/><Property Name="Region" Type="Edm.String" Nullable="false" sap:unicode="false" sap:label="Region" sap:creatable="false"
					sap:updatable="false" sap:sortable="false" sap:filterable="false"/><Property Name="DispatchID" Type="Edm.String" Nullable="false" sap:unicode="false" sap:label="Dispatch Id" sap:creatable="false"
					sap:updatable="false" sap:sortable="false" sap:filterable="false"/><Property Name="ServiceNotificationNo" Type="Edm.String" Nullable="false" sap:unicode="false" sap:label="Service Notification Number"
					sap:creatable="false" sap:updatable="false" sap:sortable="false" sap:filterable="false"/><Property Name="ModuleSerialNo" Type="Edm.String" Nullable="false" sap:unicode="false" sap:label="Module Serial Number"
					sap:creatable="false" sap:updatable="false" sap:sortable="false" sap:filterable="false"/><Property Name="ChangeDate" Type="Edm.String" Nullable="false" sap:unicode="false" sap:label="Change Date" sap:creatable="false"
					sap:updatable="false" sap:sortable="false" sap:filterable="false"/><Property Name="ShipToPartner" Type="Edm.String" Nullable="false" sap:unicode="false" sap:label="Ship-to Partner" sap:creatable="false"
					sap:updatable="false" sap:sortable="false" sap:filterable="false"/><Property Name="MaxRows" Type="Edm.String" Nullable="false" sap:unicode="false" sap:label="Maximum No.of Rows" sap:creatable="false"
					sap:updatable="false" sap:sortable="false" sap:filterable="false"/><NavigationProperty Name="ToNew" Relationship="ZOD_LAZARUS_LEAN_RECEIPTS_SRV.AssociationSearchToNew"
					FromRole="FromRole_AssociationSearchToNew" ToRole="ToRole_AssociationSearchToNew"/><NavigationProperty Name="ToGRCompleted" Relationship="ZOD_LAZARUS_LEAN_RECEIPTS_SRV.AssociationSearchToGRCompleted"
					FromRole="FromRole_AssociationSearchToGRCompleted" ToRole="ToRole_AssociationSearchToGRCompleted"/><NavigationProperty Name="ToCounts" Relationship="ZOD_LAZARUS_LEAN_RECEIPTS_SRV.AssociationSearchToCount"
					FromRole="FromRole_AssociationSearchToCount" ToRole="ToRole_AssociationSearchToCount"/></EntityType>
			<EntityType Name="New" sap:content-version="1">
				<Key><PropertyRef Name="DispatchID"/><PropertyRef Name="ServiceNotification"/><PropertyRef Name="ShipToPartner"/><PropertyRef Name="SerialNumber"/></Key><Property Name="DispatchID" Type="Edm.String" Nullable="false" sap:unicode="false" sap:label="Dispatch ID" sap:creatable="false"
					sap:updatable="false" sap:sortable="false" sap:filterable="false"/><Property Name="ServiceNotification" Type="Edm.String" Nullable="false" sap:unicode="false" sap:label="Service Notification"
					sap:creatable="false" sap:updatable="false" sap:sortable="false" sap:filterable="false"/><Property Name="NotificationType" Type="Edm.String" Nullable="false" sap:unicode="false" sap:label="Notification Type" sap:creatable="false"
					sap:updatable="false" sap:sortable="false" sap:filterable="false"/><Property Name="Shipper" Type="Edm.String" Nullable="false" sap:unicode="false" sap:label="Shipper" sap:creatable="false"
					sap:updatable="false" sap:sortable="false" sap:filterable="false"/><Property Name="ShipToPartner" Type="Edm.String" Nullable="false" sap:unicode="false" sap:label="Ship To Partner" sap:creatable="false"
					sap:updatable="false" sap:sortable="false" sap:filterable="false"/><Property Name="PartNumber" Type="Edm.String" Nullable="false" sap:unicode="false" sap:label="Part Number" sap:creatable="false"
					sap:updatable="false" sap:sortable="false" sap:filterable="false"/><Property Name="Priority" Type="Edm.String" Nullable="false" sap:unicode="false" sap:label="Priority" sap:creatable="false"
					sap:updatable="false" sap:sortable="false" sap:filterable="false"/><Property Name="PartDescription" Type="Edm.String" Nullable="false" sap:unicode="false" sap:label="Part Description" sap:creatable="false"
					sap:updatable="false" sap:sortable="false" sap:filterable="false"/><Property Name="SerialNumber" Type="Edm.String" Nullable="false" sap:unicode="false" sap:label="Serial Number" sap:creatable="false"
					sap:updatable="false" sap:sortable="false" sap:filterable="false"/><Property Name="CreatedOn" Type="Edm.String" Nullable="false" sap:unicode="false" sap:label="CreatedOn" sap:creatable="false"
					sap:updatable="false" sap:sortable="false" sap:filterable="false"/><Property Name="Status" Type="Edm.String" Nullable="false" sap:unicode="false" sap:label="Status" sap:creatable="false"
					sap:updatable="false" sap:sortable="false" sap:filterable="false"/><Property Name="StatusDescription" Type="Edm.String" Nullable="false" sap:unicode="false" sap:label="Status Description"
					sap:creatable="false" sap:updatable="false" sap:sortable="false" sap:filterable="false"/><Property Name="GRCarrierTrackingNo" Type="Edm.String" Nullable="false" sap:unicode="false" sap:label="GR Carrier Tracking No"
					sap:creatable="false" sap:updatable="false" sap:sortable="false" sap:filterable="false"/><Property Name="GRCarrier" Type="Edm.String" Nullable="false" sap:unicode="false" sap:label="GR Carrier" sap:creatable="false"
					sap:updatable="false" sap:sortable="false" sap:filterable="false"/><Property Name="GRDate" Type="Edm.String" Nullable="false" sap:unicode="false" sap:label="GR Date" sap:creatable="false"
					sap:updatable="false" sap:sortable="false" sap:filterable="false"/><Property Name="GRTime" Type="Edm.String" Nullable="false" sap:unicode="false" sap:label="GR Time" sap:creatable="false"
					sap:updatable="false" sap:sortable="false" sap:filterable="false"/><Property Name="GRTimeZone" Type="Edm.String" Nullable="false" sap:unicode="false" sap:label="GR TimeZone" sap:creatable="false"
					sap:updatable="false" sap:sortable="false" sap:filterable="false"/><Property Name="GRStatus" Type="Edm.String" Nullable="false" sap:unicode="false" sap:label="GR Status" sap:creatable="false"
					sap:updatable="false" sap:sortable="false" sap:filterable="false"/><Property Name="GRStatusDescription" Type="Edm.String" Nullable="false" sap:unicode="false" sap:label="GR Status Description"
					sap:creatable="false" sap:updatable="false" sap:sortable="false" sap:filterable="false"/><Property Name="Type" Type="Edm.String" Nullable="false" sap:unicode="false" sap:label="Selection Type" sap:creatable="false"
					sap:updatable="false" sap:sortable="false" sap:filterable="false"/></EntityType>
			<EntityType Name="GRCompleted" sap:content-version="1">
				<Key><PropertyRef Name="DispatchID"/><PropertyRef Name="ServiceNotification"/><PropertyRef Name="ShipToPartner"/><PropertyRef Name="SerialNumber"/></Key><Property Name="DispatchID" Type="Edm.String" Nullable="false" sap:unicode="false" sap:label="Dispatch ID" sap:creatable="false"
					sap:updatable="false" sap:sortable="false" sap:filterable="false"/><Property Name="ServiceNotification" Type="Edm.String" Nullable="false" sap:unicode="false" sap:label="Service Notification"
					sap:creatable="false" sap:updatable="false" sap:sortable="false" sap:filterable="false"/><Property Name="NotificationType" Type="Edm.String" Nullable="false" sap:unicode="false" sap:label="Notification Type" sap:creatable="false"
					sap:updatable="false" sap:sortable="false" sap:filterable="false"/><Property Name="Shipper" Type="Edm.String" Nullable="false" sap:unicode="false" sap:label="Shipper" sap:creatable="false"
					sap:updatable="false" sap:sortable="false" sap:filterable="false"/><Property Name="ShipToPartner" Type="Edm.String" Nullable="false" sap:unicode="false" sap:label="Ship To Partner" sap:creatable="false"
					sap:updatable="false" sap:sortable="false" sap:filterable="false"/><Property Name="PartNumber" Type="Edm.String" Nullable="false" sap:unicode="false" sap:label="Part Number" sap:creatable="false"
					sap:updatable="false" sap:sortable="false" sap:filterable="false"/><Property Name="Priority" Type="Edm.String" Nullable="false" sap:unicode="false" sap:label="Priority" sap:creatable="false"
					sap:updatable="false" sap:sortable="false" sap:filterable="false"/><Property Name="PartDescription" Type="Edm.String" Nullable="false" sap:unicode="false" sap:label="Part Description" sap:creatable="false"
					sap:updatable="false" sap:sortable="false" sap:filterable="false"/><Property Name="SerialNumber" Type="Edm.String" Nullable="false" sap:unicode="false" sap:label="Serial Number" sap:creatable="false"
					sap:updatable="false" sap:sortable="false" sap:filterable="false"/><Property Name="CreatedOn" Type="Edm.String" Nullable="false" sap:unicode="false" sap:label="CreatedOn" sap:creatable="false"
					sap:updatable="false" sap:sortable="false" sap:filterable="false"/><Property Name="Status" Type="Edm.String" Nullable="false" sap:unicode="false" sap:label="Status" sap:creatable="false"
					sap:updatable="false" sap:sortable="false" sap:filterable="false"/><Property Name="StatusDescription" Type="Edm.String" Nullable="false" sap:unicode="false" sap:label="StatusDescription"
					sap:creatable="false" sap:updatable="false" sap:sortable="false" sap:filterable="false"/><Property Name="GRCarrierTrackingNo" Type="Edm.String" Nullable="false" sap:unicode="false" sap:label="GR Carrier Tracking No"
					sap:creatable="false" sap:updatable="false" sap:sortable="false" sap:filterable="false"/><Property Name="GRCarrier" Type="Edm.String" Nullable="false" sap:unicode="false" sap:label="GR Carrier" sap:creatable="false"
					sap:updatable="false" sap:sortable="false" sap:filterable="false"/><Property Name="GRDate" Type="Edm.String" Nullable="false" sap:unicode="false" sap:label="GR Date" sap:creatable="false"
					sap:updatable="false" sap:sortable="false" sap:filterable="false"/><Property Name="GRTime" Type="Edm.String" Nullable="false" sap:unicode="false" sap:label="GR Time" sap:creatable="false"
					sap:updatable="false" sap:sortable="false" sap:filterable="false"/><Property Name="GRTimeZone" Type="Edm.String" Nullable="false" sap:unicode="false" sap:label="GR TimeZone" sap:creatable="false"
					sap:updatable="false" sap:sortable="false" sap:filterable="false"/><Property Name="GRStatus" Type="Edm.String" Nullable="false" sap:unicode="false" sap:label="GR Status" sap:creatable="false"
					sap:updatable="false" sap:sortable="false" sap:filterable="false"/><Property Name="GRStatusDescription" Type="Edm.String" Nullable="false" sap:unicode="false" sap:label="GR Status Description"
					sap:creatable="false" sap:updatable="false" sap:sortable="false" sap:filterable="false"/><Property Name="Type" Type="Edm.String" Nullable="false" sap:unicode="false" sap:label="Selection Type" sap:creatable="false"
					sap:updatable="false" sap:sortable="false" sap:filterable="false"/></EntityType>
			<EntityType Name="Count" sap:content-version="1">
				<Key><PropertyRef Name="Type"/></Key><Property Name="Type" Type="Edm.String" Nullable="false" sap:unicode="false" sap:label="Selection Type" sap:creatable="false"
					sap:updatable="false" sap:sortable="false" sap:filterable="false"/><Property Name="NewCount" Type="Edm.String" Nullable="false" sap:unicode="false" sap:label="New Count" sap:creatable="false"
					sap:updatable="false" sap:sortable="false" sap:filterable="false"/><Property Name="GRCompletedCount" Type="Edm.String" Nullable="false" sap:unicode="false" sap:label="GR Completed Count"
					sap:creatable="false" sap:updatable="false" sap:sortable="false" sap:filterable="false"/></EntityType>
			<EntityType Name="DownloadTemplate" m:HasStream="true" sap:content-version="1">
				<Key><PropertyRef Name="FileGUID"/></Key><Property Name="FileGUID" Type="Edm.String" Nullable="false" sap:unicode="false" sap:label="File GUID" sap:creatable="false"
					sap:updatable="false" sap:sortable="false" sap:filterable="false"/></EntityType>
			<Association Name="AssociationSearchToGRCompleted" sap:content-version="1"><End Type="ZOD_LAZARUS_LEAN_RECEIPTS_SRV.Search" Multiplicity="1" Role="FromRole_AssociationSearchToGRCompleted"/><End Type="ZOD_LAZARUS_LEAN_RECEIPTS_SRV.GRCompleted" Multiplicity="*" Role="ToRole_AssociationSearchToGRCompleted"/>
				<ReferentialConstraint>
					<Principal Role="FromRole_AssociationSearchToGRCompleted"><PropertyRef Name="Type"/></Principal>
					<Dependent Role="ToRole_AssociationSearchToGRCompleted"><PropertyRef Name="Type"/></Dependent>
				</ReferentialConstraint>
			</Association>
			<Association Name="AssociationSearchToCount" sap:content-version="1"><End Type="ZOD_LAZARUS_LEAN_RECEIPTS_SRV.Search" Multiplicity="1" Role="FromRole_AssociationSearchToCount"/><End Type="ZOD_LAZARUS_LEAN_RECEIPTS_SRV.Count" Multiplicity="*" Role="ToRole_AssociationSearchToCount"/>
				<ReferentialConstraint>
					<Principal Role="FromRole_AssociationSearchToCount"><PropertyRef Name="Type"/></Principal>
					<Dependent Role="ToRole_AssociationSearchToCount"><PropertyRef Name="Type"/></Dependent>
				</ReferentialConstraint>
			</Association>
			<Association Name="AssociationSearchToNew" sap:content-version="1"><End Type="ZOD_LAZARUS_LEAN_RECEIPTS_SRV.Search" Multiplicity="1" Role="FromRole_AssociationSearchToNew"/><End Type="ZOD_LAZARUS_LEAN_RECEIPTS_SRV.New" Multiplicity="*" Role="ToRole_AssociationSearchToNew"/>
				<ReferentialConstraint>
					<Principal Role="FromRole_AssociationSearchToNew"><PropertyRef Name="Type"/></Principal>
					<Dependent Role="ToRole_AssociationSearchToNew"><PropertyRef Name="Type"/></Dependent>
				</ReferentialConstraint>
			</Association>
			<EntityContainer Name="ZOD_LAZARUS_LEAN_RECEIPTS_SRV_Entities" m:IsDefaultEntityContainer="true" sap:supported-formats="atom json xlsx"><EntitySet Name="FileUploadSet" EntityType="ZOD_LAZARUS_LEAN_RECEIPTS_SRV.FileUpload" sap:creatable="false" sap:updatable="false"
				sap:deletable="false" sap:pageable="false" sap:addressable="false" sap:content-version="1"/><EntitySet Name="MessageResponseSet" EntityType="ZOD_LAZARUS_LEAN_RECEIPTS_SRV.MessageResponse" sap:creatable="false" sap:updatable="false"
				sap:deletable="false" sap:pageable="false" sap:addressable="false" sap:content-version="1"/><EntitySet Name="GoodsReceiptSet" EntityType="ZOD_LAZARUS_LEAN_RECEIPTS_SRV.GoodsReceipt" sap:creatable="false" sap:updatable="false"
				sap:deletable="false" sap:pageable="false" sap:addressable="false" sap:content-version="1"/><EntitySet Name="SearchSet" EntityType="ZOD_LAZARUS_LEAN_RECEIPTS_SRV.Search" sap:creatable="false" sap:updatable="false"
				sap:deletable="false" sap:pageable="false" sap:addressable="false" sap:content-version="1"/><EntitySet Name="NewSet" EntityType="ZOD_LAZARUS_LEAN_RECEIPTS_SRV.New" sap:creatable="false" sap:updatable="false" sap:deletable="false"
				sap:pageable="false" sap:addressable="false" sap:content-version="1"/><EntitySet Name="GRCompletedSet" EntityType="ZOD_LAZARUS_LEAN_RECEIPTS_SRV.GRCompleted" sap:creatable="false" sap:updatable="false"
				sap:deletable="false" sap:pageable="false" sap:addressable="false" sap:content-version="1"/><EntitySet Name="CountSet" EntityType="ZOD_LAZARUS_LEAN_RECEIPTS_SRV.Count" sap:creatable="false" sap:updatable="false"
				sap:deletable="false" sap:pageable="false" sap:addressable="false" sap:content-version="1"/><EntitySet Name="DownloadTemplateSet" EntityType="ZOD_LAZARUS_LEAN_RECEIPTS_SRV.DownloadTemplate" sap:creatable="false"
				sap:updatable="false" sap:deletable="false" sap:pageable="false" sap:addressable="false" sap:content-version="1"/>
				<AssociationSet Name="AssociationSearchToGRCompletedSet" Association="ZOD_LAZARUS_LEAN_RECEIPTS_SRV.AssociationSearchToGRCompleted"
					sap:creatable="false" sap:updatable="false" sap:deletable="false" sap:content-version="1"><End EntitySet="SearchSet" Role="FromRole_AssociationSearchToGRCompleted"/><End EntitySet="GRCompletedSet" Role="ToRole_AssociationSearchToGRCompleted"/></AssociationSet>
				<AssociationSet Name="AssociationSearchToCountSet" Association="ZOD_LAZARUS_LEAN_RECEIPTS_SRV.AssociationSearchToCount"
					sap:creatable="false" sap:updatable="false" sap:deletable="false" sap:content-version="1"><End EntitySet="SearchSet" Role="FromRole_AssociationSearchToCount"/><End EntitySet="CountSet" Role="ToRole_AssociationSearchToCount"/></AssociationSet>
				<AssociationSet Name="AssociationSearchToNewSet" Association="ZOD_LAZARUS_LEAN_RECEIPTS_SRV.AssociationSearchToNew" sap:creatable="false"
					sap:updatable="false" sap:deletable="false" sap:content-version="1"><End EntitySet="SearchSet" Role="FromRole_AssociationSearchToNew"/><End EntitySet="NewSet" Role="ToRole_AssociationSearchToNew"/></AssociationSet>
				<FunctionImport Name="GREditSubmit" ReturnType="ZOD_LAZARUS_LEAN_RECEIPTS_SRV.MessageResponse" EntitySet="MessageResponseSet"
					m:HttpMethod="POST" sap:label="GR Edit Submit Function Import"><Parameter Name="DispatchID" Type="Edm.String" Mode="In"/><Parameter Name="TabType" Type="Edm.String" Mode="In"/><Parameter Name="ServiceNotification" Type="Edm.String" Mode="In"/><Parameter Name="GRCarrierTrackingNo" Type="Edm.String" Mode="In"/><Parameter Name="GRCarrier" Type="Edm.String" Mode="In"/><Parameter Name="GRStatus" Type="Edm.String" Mode="In"/><Parameter Name="GRDate" Type="Edm.String" Mode="In"/><Parameter Name="GRTime" Type="Edm.String" Mode="In"/><Parameter Name="GRTimeZone" Type="Edm.String" Mode="In"/></FunctionImport>
				<FunctionImport Name="GRDelete" ReturnType="ZOD_LAZARUS_LEAN_RECEIPTS_SRV.MessageResponse" EntitySet="MessageResponseSet"
					m:HttpMethod="POST" sap:label="GR Delete Function Import"><Parameter Name="Status" Type="Edm.String" Mode="In"/><Parameter Name="ServiceNotification" Type="Edm.String" Mode="In"/><Parameter Name="DispatchID" Type="Edm.String" Mode="In"/></FunctionImport>
				<FunctionImport Name="GREditValidate" ReturnType="ZOD_LAZARUS_LEAN_RECEIPTS_SRV.MessageResponse" EntitySet="MessageResponseSet"
					m:HttpMethod="POST" sap:label="GR Edit Validate Function Import"><Parameter Name="GRTime" Type="Edm.String" Mode="In"/><Parameter Name="GRDate" Type="Edm.String" Mode="In"/><Parameter Name="GRCarrier" Type="Edm.String" Mode="In"/><Parameter Name="GRTimeZone" Type="Edm.String" Mode="In"/><Parameter Name="GRCarrierTrackingNo" Type="Edm.String" Mode="In"/><Parameter Name="ServiceNotification" Type="Edm.String" Mode="In"/><Parameter Name="DispatchID" Type="Edm.String" Mode="In"/><Parameter Name="GRStatus" Type="Edm.String" Mode="In"/></FunctionImport>
				<FunctionImport Name="FileDownloadTemplate" ReturnType="ZOD_LAZARUS_LEAN_RECEIPTS_SRV.DownloadTemplate" EntitySet="DownloadTemplateSet"
					m:HttpMethod="POST" sap:label="Download Template Function Import"><Parameter Name="ShipToPartner" Type="Edm.String" Mode="In"/><Parameter Name="ModuleSerialNo" Type="Edm.String" Mode="In"/><Parameter Name="ServiceNotificationNo" Type="Edm.String" Mode="In"/><Parameter Name="DispatchID" Type="Edm.String" Mode="In"/><Parameter Name="Region" Type="Edm.String" Mode="In"/></FunctionImport>
			</EntityContainer><atom:link rel="self"
				href="https://webidecp-h2bvhq7pbr.dispatcher.us2.hana.ondemand.com/destinations/dv5neo/sap/opu/odata/sap/ZOD_LAZARUS_LEAN_RECEIPTS_SRV/$metadata"
				xmlns:atom="http://www.w3.org/2005/Atom"/><atom:link rel="latest-version"
				href="https://webidecp-h2bvhq7pbr.dispatcher.us2.hana.ondemand.com/destinations/dv5neo/sap/opu/odata/sap/ZOD_LAZARUS_LEAN_RECEIPTS_SRV/$metadata"
				xmlns:atom="http://www.w3.org/2005/Atom"/></Schema>
	</edmx:DataServices>
</edmx:Edmx>