{
    "authenticationMethod": "route",
    "routes": [
        {
            "source": "/AdminConfigService/(.*)",
            "destination": "srv-api",
            "csrfProtection": true,
            "authenticationType": "xsuaa"
        },
        {
            "source": "/PalletService/(.*)",
            "destination": "srv-api",
            "csrfProtection": true,
            "authenticationType": "xsuaa"
        },
        {
            "source": "/BoxService/(.*)",
            "destination": "srv-api",
            "csrfProtection": true,
            "authenticationType": "xsuaa"
        },
        {
            "source": "/MetadataService/(.*)",
            "destination": "srv-api",
            "csrfProtection": true,
            "authenticationType": "xsuaa"
        },
        {
            "source": "/PackingService/(.*)",
            "destination": "srv-api",
            "csrfProtection": true,
            "authenticationType": "xsuaa"
        },
        {
            "source": "/ManifestReportService/(.*)",
            "destination": "srv-api",
            "csrfProtection": true,
            "authenticationType": "xsuaa"
        },
        {
            "source": "^/user-api(.*)",
            "target": "$1",
            "service": "sap-approuter-userapi"
        },
        {
            "source": "/(.*)",
            "localDir": ".",
            "authenticationType": "xsuaa"
        }
    ]
}