{
    "d": {
        "results": [
            {
                "__metadata": {
                    "id": "https://olympusoem-dev-cp.corp.apple.com:10443/odata/v2/PalletService/DistinctMaterial('')",
                    "uri": "https://olympusoem-dev-cp.corp.apple.com:10443/odata/v2/PalletService/DistinctMaterial('')",
                    "type": "PalletService.DistinctMaterial"
                },
                "Material": ""
            },
            {
                "__metadata": {
                    "id": "https://olympusoem-dev-cp.corp.apple.com:10443/odata/v2/PalletService/DistinctMaterial('000000000000000123')",
                    "uri": "https://olympusoem-dev-cp.corp.apple.com:10443/odata/v2/PalletService/DistinctMaterial('000000000000000123')",
                    "type": "PalletService.DistinctMaterial"
                },
                "Material": "000000000000000123"
            },
            {
                "__metadata": {
                    "id": "https://olympusoem-dev-cp.corp.apple.com:10443/odata/v2/PalletService/DistinctMaterial('000000000000000361')",
                    "uri": "https://olympusoem-dev-cp.corp.apple.com:10443/odata/v2/PalletService/DistinctMaterial('000000000000000361')",
                    "type": "PalletService.DistinctMaterial"
                },
                "Material": "000000000000000361"
            },
            {
                "__metadata": {
                    "id": "https://olympusoem-dev-cp.corp.apple.com:10443/odata/v2/PalletService/DistinctMaterial('000000000000000513')",
                    "uri": "https://olympusoem-dev-cp.corp.apple.com:10443/odata/v2/PalletService/DistinctMaterial('000000000000000513')",
                    "type": "PalletService.DistinctMaterial"
                },
                "Material": "000000000000000513"
            },
            {
                "__metadata": {
                    "id": "https://olympusoem-dev-cp.corp.apple.com:10443/odata/v2/PalletService/DistinctMaterial('000000000000000517')",
                    "uri": "https://olympusoem-dev-cp.corp.apple.com:10443/odata/v2/PalletService/DistinctMaterial('000000000000000517')",
                    "type": "PalletService.DistinctMaterial"
                },
                "Material": "000000000000000517"
            },
            {
                "__metadata": {
                    "id": "https://olympusoem-dev-cp.corp.apple.com:10443/odata/v2/PalletService/DistinctMaterial('000000000000000521')",
                    "uri": "https://olympusoem-dev-cp.corp.apple.com:10443/odata/v2/PalletService/DistinctMaterial('000000000000000521')",
                    "type": "PalletService.DistinctMaterial"
                },
                "Material": "000000000000000521"
            },
            {
                "__metadata": {
                    "id": "https://olympusoem-dev-cp.corp.apple.com:10443/odata/v2/PalletService/DistinctMaterial('000000000000000523')",
                    "uri": "https://olympusoem-dev-cp.corp.apple.com:10443/odata/v2/PalletService/DistinctMaterial('000000000000000523')",
                    "type": "PalletService.DistinctMaterial"
                },
                "Material": "000000000000000523"
            },
            {
                "__metadata": {
                    "id": "https://olympusoem-dev-cp.corp.apple.com:10443/odata/v2/PalletService/DistinctMaterial('000000000000000527')",
                    "uri": "https://olympusoem-dev-cp.corp.apple.com:10443/odata/v2/PalletService/DistinctMaterial('000000000000000527')",
                    "type": "PalletService.DistinctMaterial"
                },
                "Material": "000000000000000527"
            },
            {
                "__metadata": {
                    "id": "https://olympusoem-dev-cp.corp.apple.com:10443/odata/v2/PalletService/DistinctMaterial('000000000000000536')",
                    "uri": "https://olympusoem-dev-cp.corp.apple.com:10443/odata/v2/PalletService/DistinctMaterial('000000000000000536')",
                    "type": "PalletService.DistinctMaterial"
                },
                "Material": "000000000000000536"
            },
            {
                "__metadata": {
                    "id": "https://olympusoem-dev-cp.corp.apple.com:10443/odata/v2/PalletService/DistinctMaterial('000000000000005111')",
                    "uri": "https://olympusoem-dev-cp.corp.apple.com:10443/odata/v2/PalletService/DistinctMaterial('000000000000005111')",
                    "type": "PalletService.DistinctMaterial"
                },
                "Material": "000000000000005111"
            },
            {
                "__metadata": {
                    "id": "https://olympusoem-dev-cp.corp.apple.com:10443/odata/v2/PalletService/DistinctMaterial('000000000000005124')",
                    "uri": "https://olympusoem-dev-cp.corp.apple.com:10443/odata/v2/PalletService/DistinctMaterial('000000000000005124')",
                    "type": "PalletService.DistinctMaterial"
                },
                "Material": "000000000000005124"
            },
            {
                "__metadata": {
                    "id": "https://olympusoem-dev-cp.corp.apple.com:10443/odata/v2/PalletService/DistinctMaterial('000000000000044605')",
                    "uri": "https://olympusoem-dev-cp.corp.apple.com:10443/odata/v2/PalletService/DistinctMaterial('000000000000044605')",
                    "type": "PalletService.DistinctMaterial"
                },
                "Material": "000000000000044605"
            },
            {
                "__metadata": {
                    "id": "https://olympusoem-dev-cp.corp.apple.com:10443/odata/v2/PalletService/DistinctMaterial('000000000000100401')",
                    "uri": "https://olympusoem-dev-cp.corp.apple.com:10443/odata/v2/PalletService/DistinctMaterial('000000000000100401')",
                    "type": "PalletService.DistinctMaterial"
                },
                "Material": "000000000000100401"
            },
            {
                "__metadata": {
                    "id": "https://olympusoem-dev-cp.corp.apple.com:10443/odata/v2/PalletService/DistinctMaterial('000000000000100458')",
                    "uri": "https://olympusoem-dev-cp.corp.apple.com:10443/odata/v2/PalletService/DistinctMaterial('000000000000100458')",
                    "type": "PalletService.DistinctMaterial"
                },
                "Material": "000000000000100458"
            },
            {
                "__metadata": {
                    "id": "https://olympusoem-dev-cp.corp.apple.com:10443/odata/v2/PalletService/DistinctMaterial('000000000000100459')",
                    "uri": "https://olympusoem-dev-cp.corp.apple.com:10443/odata/v2/PalletService/DistinctMaterial('000000000000100459')",
                    "type": "PalletService.DistinctMaterial"
                },
                "Material": "000000000000100459"
            },
            {
                "__metadata": {
                    "id": "https://olympusoem-dev-cp.corp.apple.com:10443/odata/v2/PalletService/DistinctMaterial('000000000000100523')",
                    "uri": "https://olympusoem-dev-cp.corp.apple.com:10443/odata/v2/PalletService/DistinctMaterial('000000000000100523')",
                    "type": "PalletService.DistinctMaterial"
                },
                "Material": "000000000000100523"
            },
            {
                "__metadata": {
                    "id": "https://olympusoem-dev-cp.corp.apple.com:10443/odata/v2/PalletService/DistinctMaterial('000000000000100602')",
                    "uri": "https://olympusoem-dev-cp.corp.apple.com:10443/odata/v2/PalletService/DistinctMaterial('000000000000100602')",
                    "type": "PalletService.DistinctMaterial"
                },
                "Material": "000000000000100602"
            },
            {
                "__metadata": {
                    "id": "https://olympusoem-dev-cp.corp.apple.com:10443/odata/v2/PalletService/DistinctMaterial('000000000001000000')",
                    "uri": "https://olympusoem-dev-cp.corp.apple.com:10443/odata/v2/PalletService/DistinctMaterial('000000000001000000')",
                    "type": "PalletService.DistinctMaterial"
                },
                "Material": "000000000001000000"
            },
            {
                "__metadata": {
                    "id": "https://olympusoem-dev-cp.corp.apple.com:10443/odata/v2/PalletService/DistinctMaterial('000000000001000011')",
                    "uri": "https://olympusoem-dev-cp.corp.apple.com:10443/odata/v2/PalletService/DistinctMaterial('000000000001000011')",
                    "type": "PalletService.DistinctMaterial"
                },
                "Material": "000000000001000011"
            },
            {
                "__metadata": {
                    "id": "https://olympusoem-dev-cp.corp.apple.com:10443/odata/v2/PalletService/DistinctMaterial('000000000001000120')",
                    "uri": "https://olympusoem-dev-cp.corp.apple.com:10443/odata/v2/PalletService/DistinctMaterial('000000000001000120')",
                    "type": "PalletService.DistinctMaterial"
                },
                "Material": "000000000001000120"
            },
            {
                "__metadata": {
                    "id": "https://olympusoem-dev-cp.corp.apple.com:10443/odata/v2/PalletService/DistinctMaterial('000000000001000171')",
                    "uri": "https://olympusoem-dev-cp.corp.apple.com:10443/odata/v2/PalletService/DistinctMaterial('000000000001000171')",
                    "type": "PalletService.DistinctMaterial"
                },
                "Material": "000000000001000171"
            },
            {
                "__metadata": {
                    "id": "https://olympusoem-dev-cp.corp.apple.com:10443/odata/v2/PalletService/DistinctMaterial('000000000010001460')",
                    "uri": "https://olympusoem-dev-cp.corp.apple.com:10443/odata/v2/PalletService/DistinctMaterial('000000000010001460')",
                    "type": "PalletService.DistinctMaterial"
                },
                "Material": "000000000010001460"
            },
            {
                "__metadata": {
                    "id": "https://olympusoem-dev-cp.corp.apple.com:10443/odata/v2/PalletService/DistinctMaterial('000000000100000002')",
                    "uri": "https://olympusoem-dev-cp.corp.apple.com:10443/odata/v2/PalletService/DistinctMaterial('000000000100000002')",
                    "type": "PalletService.DistinctMaterial"
                },
                "Material": "000000000100000002"
            },
            {
                "__metadata": {
                    "id": "https://olympusoem-dev-cp.corp.apple.com:10443/odata/v2/PalletService/DistinctMaterial('000000000100000010')",
                    "uri": "https://olympusoem-dev-cp.corp.apple.com:10443/odata/v2/PalletService/DistinctMaterial('000000000100000010')",
                    "type": "PalletService.DistinctMaterial"
                },
                "Material": "000000000100000010"
            },
            {
                "__metadata": {
                    "id": "https://olympusoem-dev-cp.corp.apple.com:10443/odata/v2/PalletService/DistinctMaterial('001-0017')",
                    "uri": "https://olympusoem-dev-cp.corp.apple.com:10443/odata/v2/PalletService/DistinctMaterial('001-0017')",
                    "type": "PalletService.DistinctMaterial"
                },
                "Material": "001-0017"
            },
            {
                "__metadata": {
                    "id": "https://olympusoem-dev-cp.corp.apple.com:10443/odata/v2/PalletService/DistinctMaterial('00191807P')",
                    "uri": "https://olympusoem-dev-cp.corp.apple.com:10443/odata/v2/PalletService/DistinctMaterial('00191807P')",
                    "type": "PalletService.DistinctMaterial"
                },
                "Material": "00191807P"
            },
            {
                "__metadata": {
                    "id": "https://olympusoem-dev-cp.corp.apple.com:10443/odata/v2/PalletService/DistinctMaterial('002-0702')",
                    "uri": "https://olympusoem-dev-cp.corp.apple.com:10443/odata/v2/PalletService/DistinctMaterial('002-0702')",
                    "type": "PalletService.DistinctMaterial"
                },
                "Material": "002-0702"
            },
            {
                "__metadata": {
                    "id": "https://olympusoem-dev-cp.corp.apple.com:10443/odata/v2/PalletService/DistinctMaterial('002-0711')",
                    "uri": "https://olympusoem-dev-cp.corp.apple.com:10443/odata/v2/PalletService/DistinctMaterial('002-0711')",
                    "type": "PalletService.DistinctMaterial"
                },
                "Material": "002-0711"
            },
            {
                "__metadata": {
                    "id": "https://olympusoem-dev-cp.corp.apple.com:10443/odata/v2/PalletService/DistinctMaterial('002-0788')",
                    "uri": "https://olympusoem-dev-cp.corp.apple.com:10443/odata/v2/PalletService/DistinctMaterial('002-0788')",
                    "type": "PalletService.DistinctMaterial"
                },
                "Material": "002-0788"
            },
            {
                "__metadata": {
                    "id": "https://olympusoem-dev-cp.corp.apple.com:10443/odata/v2/PalletService/DistinctMaterial('009-6061')",
                    "uri": "https://olympusoem-dev-cp.corp.apple.com:10443/odata/v2/PalletService/DistinctMaterial('009-6061')",
                    "type": "PalletService.DistinctMaterial"
                },
                "Material": "009-6061"
            },
            {
                "__metadata": {
                    "id": "https://olympusoem-dev-cp.corp.apple.com:10443/odata/v2/PalletService/DistinctMaterial('011-0470')",
                    "uri": "https://olympusoem-dev-cp.corp.apple.com:10443/odata/v2/PalletService/DistinctMaterial('011-0470')",
                    "type": "PalletService.DistinctMaterial"
                },
                "Material": "011-0470"
            },
            {
                "__metadata": {
                    "id": "https://olympusoem-dev-cp.corp.apple.com:10443/odata/v2/PalletService/DistinctMaterial('013-0198')",
                    "uri": "https://olympusoem-dev-cp.corp.apple.com:10443/odata/v2/PalletService/DistinctMaterial('013-0198')",
                    "type": "PalletService.DistinctMaterial"
                },
                "Material": "013-0198"
            },
            {
                "__metadata": {
                    "id": "https://olympusoem-dev-cp.corp.apple.com:10443/odata/v2/PalletService/DistinctMaterial('030-2327')",
                    "uri": "https://olympusoem-dev-cp.corp.apple.com:10443/odata/v2/PalletService/DistinctMaterial('030-2327')",
                    "type": "PalletService.DistinctMaterial"
                },
                "Material": "030-2327"
            },
            {
                "__metadata": {
                    "id": "https://olympusoem-dev-cp.corp.apple.com:10443/odata/v2/PalletService/DistinctMaterial('030-5018')",
                    "uri": "https://olympusoem-dev-cp.corp.apple.com:10443/odata/v2/PalletService/DistinctMaterial('030-5018')",
                    "type": "PalletService.DistinctMaterial"
                },
                "Material": "030-5018"
            },
            {
                "__metadata": {
                    "id": "https://olympusoem-dev-cp.corp.apple.com:10443/odata/v2/PalletService/DistinctMaterial('030-5223MM')",
                    "uri": "https://olympusoem-dev-cp.corp.apple.com:10443/odata/v2/PalletService/DistinctMaterial('030-5223MM')",
                    "type": "PalletService.DistinctMaterial"
                },
                "Material": "030-5223MM"
            },
            {
                "__metadata": {
                    "id": "https://olympusoem-dev-cp.corp.apple.com:10443/odata/v2/PalletService/DistinctMaterial('033-1275')",
                    "uri": "https://olympusoem-dev-cp.corp.apple.com:10443/odata/v2/PalletService/DistinctMaterial('033-1275')",
                    "type": "PalletService.DistinctMaterial"
                },
                "Material": "033-1275"
            },
            {
                "__metadata": {
                    "id": "https://olympusoem-dev-cp.corp.apple.com:10443/odata/v2/PalletService/DistinctMaterial('033-1704')",
                    "uri": "https://olympusoem-dev-cp.corp.apple.com:10443/odata/v2/PalletService/DistinctMaterial('033-1704')",
                    "type": "PalletService.DistinctMaterial"
                },
                "Material": "033-1704"
            },
            {
                "__metadata": {
                    "id": "https://olympusoem-dev-cp.corp.apple.com:10443/odata/v2/PalletService/DistinctMaterial('034-0777')",
                    "uri": "https://olympusoem-dev-cp.corp.apple.com:10443/odata/v2/PalletService/DistinctMaterial('034-0777')",
                    "type": "PalletService.DistinctMaterial"
                },
                "Material": "034-0777"
            },
            {
                "__metadata": {
                    "id": "https://olympusoem-dev-cp.corp.apple.com:10443/odata/v2/PalletService/DistinctMaterial('034-0858')",
                    "uri": "https://olympusoem-dev-cp.corp.apple.com:10443/odata/v2/PalletService/DistinctMaterial('034-0858')",
                    "type": "PalletService.DistinctMaterial"
                },
                "Material": "034-0858"
            },
            {
                "__metadata": {
                    "id": "https://olympusoem-dev-cp.corp.apple.com:10443/odata/v2/PalletService/DistinctMaterial('034-1000')",
                    "uri": "https://olympusoem-dev-cp.corp.apple.com:10443/odata/v2/PalletService/DistinctMaterial('034-1000')",
                    "type": "PalletService.DistinctMaterial"
                },
                "Material": "034-1000"
            },
            {
                "__metadata": {
                    "id": "https://olympusoem-dev-cp.corp.apple.com:10443/odata/v2/PalletService/DistinctMaterial('034-2055')",
                    "uri": "https://olympusoem-dev-cp.corp.apple.com:10443/odata/v2/PalletService/DistinctMaterial('034-2055')",
                    "type": "PalletService.DistinctMaterial"
                },
                "Material": "034-2055"
            },
            {
                "__metadata": {
                    "id": "https://olympusoem-dev-cp.corp.apple.com:10443/odata/v2/PalletService/DistinctMaterial('034-2069')",
                    "uri": "https://olympusoem-dev-cp.corp.apple.com:10443/odata/v2/PalletService/DistinctMaterial('034-2069')",
                    "type": "PalletService.DistinctMaterial"
                },
                "Material": "034-2069"
            },
            {
                "__metadata": {
                    "id": "https://olympusoem-dev-cp.corp.apple.com:10443/odata/v2/PalletService/DistinctMaterial('034-2079')",
                    "uri": "https://olympusoem-dev-cp.corp.apple.com:10443/odata/v2/PalletService/DistinctMaterial('034-2079')",
                    "type": "PalletService.DistinctMaterial"
                },
                "Material": "034-2079"
            },
            {
                "__metadata": {
                    "id": "https://olympusoem-dev-cp.corp.apple.com:10443/odata/v2/PalletService/DistinctMaterial('034-2102')",
                    "uri": "https://olympusoem-dev-cp.corp.apple.com:10443/odata/v2/PalletService/DistinctMaterial('034-2102')",
                    "type": "PalletService.DistinctMaterial"
                },
                "Material": "034-2102"
            },
            {
                "__metadata": {
                    "id": "https://olympusoem-dev-cp.corp.apple.com:10443/odata/v2/PalletService/DistinctMaterial('034-3486')",
                    "uri": "https://olympusoem-dev-cp.corp.apple.com:10443/odata/v2/PalletService/DistinctMaterial('034-3486')",
                    "type": "PalletService.DistinctMaterial"
                },
                "Material": "034-3486"
            },
            {
                "__metadata": {
                    "id": "https://olympusoem-dev-cp.corp.apple.com:10443/odata/v2/PalletService/DistinctMaterial('065-0102')",
                    "uri": "https://olympusoem-dev-cp.corp.apple.com:10443/odata/v2/PalletService/DistinctMaterial('065-0102')",
                    "type": "PalletService.DistinctMaterial"
                },
                "Material": "065-0102"
            },
            {
                "__metadata": {
                    "id": "https://olympusoem-dev-cp.corp.apple.com:10443/odata/v2/PalletService/DistinctMaterial('065-0186')",
                    "uri": "https://olympusoem-dev-cp.corp.apple.com:10443/odata/v2/PalletService/DistinctMaterial('065-0186')",
                    "type": "PalletService.DistinctMaterial"
                },
                "Material": "065-0186"
            },
            {
                "__metadata": {
                    "id": "https://olympusoem-dev-cp.corp.apple.com:10443/odata/v2/PalletService/DistinctMaterial('065-1439')",
                    "uri": "https://olympusoem-dev-cp.corp.apple.com:10443/odata/v2/PalletService/DistinctMaterial('065-1439')",
                    "type": "PalletService.DistinctMaterial"
                },
                "Material": "065-1439"
            },
            {
                "__metadata": {
                    "id": "https://olympusoem-dev-cp.corp.apple.com:10443/odata/v2/PalletService/DistinctMaterial('065-1549')",
                    "uri": "https://olympusoem-dev-cp.corp.apple.com:10443/odata/v2/PalletService/DistinctMaterial('065-1549')",
                    "type": "PalletService.DistinctMaterial"
                },
                "Material": "065-1549"
            },
            {
                "__metadata": {
                    "id": "https://olympusoem-dev-cp.corp.apple.com:10443/odata/v2/PalletService/DistinctMaterial('065-1654')",
                    "uri": "https://olympusoem-dev-cp.corp.apple.com:10443/odata/v2/PalletService/DistinctMaterial('065-1654')",
                    "type": "PalletService.DistinctMaterial"
                },
                "Material": "065-1654"
            },
            {
                "__metadata": {
                    "id": "https://olympusoem-dev-cp.corp.apple.com:10443/odata/v2/PalletService/DistinctMaterial('065-1683')",
                    "uri": "https://olympusoem-dev-cp.corp.apple.com:10443/odata/v2/PalletService/DistinctMaterial('065-1683')",
                    "type": "PalletService.DistinctMaterial"
                },
                "Material": "065-1683"
            },
            {
                "__metadata": {
                    "id": "https://olympusoem-dev-cp.corp.apple.com:10443/odata/v2/PalletService/DistinctMaterial('065-1960')",
                    "uri": "https://olympusoem-dev-cp.corp.apple.com:10443/odata/v2/PalletService/DistinctMaterial('065-1960')",
                    "type": "PalletService.DistinctMaterial"
                },
                "Material": "065-1960"
            },
            {
                "__metadata": {
                    "id": "https://olympusoem-dev-cp.corp.apple.com:10443/odata/v2/PalletService/DistinctMaterial('065-1979')",
                    "uri": "https://olympusoem-dev-cp.corp.apple.com:10443/odata/v2/PalletService/DistinctMaterial('065-1979')",
                    "type": "PalletService.DistinctMaterial"
                },
                "Material": "065-1979"
            },
            {
                "__metadata": {
                    "id": "https://olympusoem-dev-cp.corp.apple.com:10443/odata/v2/PalletService/DistinctMaterial('065-2126')",
                    "uri": "https://olympusoem-dev-cp.corp.apple.com:10443/odata/v2/PalletService/DistinctMaterial('065-2126')",
                    "type": "PalletService.DistinctMaterial"
                },
                "Material": "065-2126"
            },
            {
                "__metadata": {
                    "id": "https://olympusoem-dev-cp.corp.apple.com:10443/odata/v2/PalletService/DistinctMaterial('065-2181')",
                    "uri": "https://olympusoem-dev-cp.corp.apple.com:10443/odata/v2/PalletService/DistinctMaterial('065-2181')",
                    "type": "PalletService.DistinctMaterial"
                },
                "Material": "065-2181"
            },
            {
                "__metadata": {
                    "id": "https://olympusoem-dev-cp.corp.apple.com:10443/odata/v2/PalletService/DistinctMaterial('065-2611')",
                    "uri": "https://olympusoem-dev-cp.corp.apple.com:10443/odata/v2/PalletService/DistinctMaterial('065-2611')",
                    "type": "PalletService.DistinctMaterial"
                },
                "Material": "065-2611"
            },
            {
                "__metadata": {
                    "id": "https://olympusoem-dev-cp.corp.apple.com:10443/odata/v2/PalletService/DistinctMaterial('065-3136')",
                    "uri": "https://olympusoem-dev-cp.corp.apple.com:10443/odata/v2/PalletService/DistinctMaterial('065-3136')",
                    "type": "PalletService.DistinctMaterial"
                },
                "Material": "065-3136"
            },
            {
                "__metadata": {
                    "id": "https://olympusoem-dev-cp.corp.apple.com:10443/odata/v2/PalletService/DistinctMaterial('070-1505')",
                    "uri": "https://olympusoem-dev-cp.corp.apple.com:10443/odata/v2/PalletService/DistinctMaterial('070-1505')",
                    "type": "PalletService.DistinctMaterial"
                },
                "Material": "070-1505"
            },
            {
                "__metadata": {
                    "id": "https://olympusoem-dev-cp.corp.apple.com:10443/odata/v2/PalletService/DistinctMaterial('070-1561')",
                    "uri": "https://olympusoem-dev-cp.corp.apple.com:10443/odata/v2/PalletService/DistinctMaterial('070-1561')",
                    "type": "PalletService.DistinctMaterial"
                },
                "Material": "070-1561"
            },
            {
                "__metadata": {
                    "id": "https://olympusoem-dev-cp.corp.apple.com:10443/odata/v2/PalletService/DistinctMaterial('070-1641')",
                    "uri": "https://olympusoem-dev-cp.corp.apple.com:10443/odata/v2/PalletService/DistinctMaterial('070-1641')",
                    "type": "PalletService.DistinctMaterial"
                },
                "Material": "070-1641"
            },
            {
                "__metadata": {
                    "id": "https://olympusoem-dev-cp.corp.apple.com:10443/odata/v2/PalletService/DistinctMaterial('073-00011')",
                    "uri": "https://olympusoem-dev-cp.corp.apple.com:10443/odata/v2/PalletService/DistinctMaterial('073-00011')",
                    "type": "PalletService.DistinctMaterial"
                },
                "Material": "073-00011"
            },
            {
                "__metadata": {
                    "id": "https://olympusoem-dev-cp.corp.apple.com:10443/odata/v2/PalletService/DistinctMaterial('076-00001')",
                    "uri": "https://olympusoem-dev-cp.corp.apple.com:10443/odata/v2/PalletService/DistinctMaterial('076-00001')",
                    "type": "PalletService.DistinctMaterial"
                },
                "Material": "076-00001"
            },
            {
                "__metadata": {
                    "id": "https://olympusoem-dev-cp.corp.apple.com:10443/odata/v2/PalletService/DistinctMaterial('076-0074')",
                    "uri": "https://olympusoem-dev-cp.corp.apple.com:10443/odata/v2/PalletService/DistinctMaterial('076-0074')",
                    "type": "PalletService.DistinctMaterial"
                },
                "Material": "076-0074"
            },
            {
                "__metadata": {
                    "id": "https://olympusoem-dev-cp.corp.apple.com:10443/odata/v2/PalletService/DistinctMaterial('076-0820')",
                    "uri": "https://olympusoem-dev-cp.corp.apple.com:10443/odata/v2/PalletService/DistinctMaterial('076-0820')",
                    "type": "PalletService.DistinctMaterial"
                },
                "Material": "076-0820"
            },
            {
                "__metadata": {
                    "id": "https://olympusoem-dev-cp.corp.apple.com:10443/odata/v2/PalletService/DistinctMaterial('076-0821')",
                    "uri": "https://olympusoem-dev-cp.corp.apple.com:10443/odata/v2/PalletService/DistinctMaterial('076-0821')",
                    "type": "PalletService.DistinctMaterial"
                },
                "Material": "076-0821"
            },
            {
                "__metadata": {
                    "id": "https://olympusoem-dev-cp.corp.apple.com:10443/odata/v2/PalletService/DistinctMaterial('076-1131')",
                    "uri": "https://olympusoem-dev-cp.corp.apple.com:10443/odata/v2/PalletService/DistinctMaterial('076-1131')",
                    "type": "PalletService.DistinctMaterial"
                },
                "Material": "076-1131"
            },
            {
                "__metadata": {
                    "id": "https://olympusoem-dev-cp.corp.apple.com:10443/odata/v2/PalletService/DistinctMaterial('076-1138')",
                    "uri": "https://olympusoem-dev-cp.corp.apple.com:10443/odata/v2/PalletService/DistinctMaterial('076-1138')",
                    "type": "PalletService.DistinctMaterial"
                },
                "Material": "076-1138"
            },
            {
                "__metadata": {
                    "id": "https://olympusoem-dev-cp.corp.apple.com:10443/odata/v2/PalletService/DistinctMaterial('076-1140')",
                    "uri": "https://olympusoem-dev-cp.corp.apple.com:10443/odata/v2/PalletService/DistinctMaterial('076-1140')",
                    "type": "PalletService.DistinctMaterial"
                },
                "Material": "076-1140"
            },
            {
                "__metadata": {
                    "id": "https://olympusoem-dev-cp.corp.apple.com:10443/odata/v2/PalletService/DistinctMaterial('076-1142')",
                    "uri": "https://olympusoem-dev-cp.corp.apple.com:10443/odata/v2/PalletService/DistinctMaterial('076-1142')",
                    "type": "PalletService.DistinctMaterial"
                },
                "Material": "076-1142"
            },
            {
                "__metadata": {
                    "id": "https://olympusoem-dev-cp.corp.apple.com:10443/odata/v2/PalletService/DistinctMaterial('076-1277')",
                    "uri": "https://olympusoem-dev-cp.corp.apple.com:10443/odata/v2/PalletService/DistinctMaterial('076-1277')",
                    "type": "PalletService.DistinctMaterial"
                },
                "Material": "076-1277"
            },
            {
                "__metadata": {
                    "id": "https://olympusoem-dev-cp.corp.apple.com:10443/odata/v2/PalletService/DistinctMaterial('076-1320')",
                    "uri": "https://olympusoem-dev-cp.corp.apple.com:10443/odata/v2/PalletService/DistinctMaterial('076-1320')",
                    "type": "PalletService.DistinctMaterial"
                },
                "Material": "076-1320"
            },
            {
                "__metadata": {
                    "id": "https://olympusoem-dev-cp.corp.apple.com:10443/odata/v2/PalletService/DistinctMaterial('076-1379')",
                    "uri": "https://olympusoem-dev-cp.corp.apple.com:10443/odata/v2/PalletService/DistinctMaterial('076-1379')",
                    "type": "PalletService.DistinctMaterial"
                },
                "Material": "076-1379"
            },
            {
                "__metadata": {
                    "id": "https://olympusoem-dev-cp.corp.apple.com:10443/odata/v2/PalletService/DistinctMaterial('076-1392')",
                    "uri": "https://olympusoem-dev-cp.corp.apple.com:10443/odata/v2/PalletService/DistinctMaterial('076-1392')",
                    "type": "PalletService.DistinctMaterial"
                },
                "Material": "076-1392"
            },
            {
                "__metadata": {
                    "id": "https://olympusoem-dev-cp.corp.apple.com:10443/odata/v2/PalletService/DistinctMaterial('076-1398')",
                    "uri": "https://olympusoem-dev-cp.corp.apple.com:10443/odata/v2/PalletService/DistinctMaterial('076-1398')",
                    "type": "PalletService.DistinctMaterial"
                },
                "Material": "076-1398"
            },
            {
                "__metadata": {
                    "id": "https://olympusoem-dev-cp.corp.apple.com:10443/odata/v2/PalletService/DistinctMaterial('076-8549')",
                    "uri": "https://olympusoem-dev-cp.corp.apple.com:10443/odata/v2/PalletService/DistinctMaterial('076-8549')",
                    "type": "PalletService.DistinctMaterial"
                },
                "Material": "076-8549"
            },
            {
                "__metadata": {
                    "id": "https://olympusoem-dev-cp.corp.apple.com:10443/odata/v2/PalletService/DistinctMaterial('10%2F01-RCK-SCRMS')",
                    "uri": "https://olympusoem-dev-cp.corp.apple.com:10443/odata/v2/PalletService/DistinctMaterial('10%2F01-RCK-SCRMS')",
                    "type": "PalletService.DistinctMaterial"
                },
                "Material": "10/01-RCK-SCRMS"
            },
            {
                "__metadata": {
                    "id": "https://olympusoem-dev-cp.corp.apple.com:10443/odata/v2/PalletService/DistinctMaterial('10%2F01-RCK-SCRWS')",
                    "uri": "https://olympusoem-dev-cp.corp.apple.com:10443/odata/v2/PalletService/DistinctMaterial('10%2F01-RCK-SCRWS')",
                    "type": "PalletService.DistinctMaterial"
                },
                "Material": "10/01-RCK-SCRWS"
            },
            {
                "__metadata": {
                    "id": "https://olympusoem-dev-cp.corp.apple.com:10443/odata/v2/PalletService/DistinctMaterial('10%2F01-SUBCON')",
                    "uri": "https://olympusoem-dev-cp.corp.apple.com:10443/odata/v2/PalletService/DistinctMaterial('10%2F01-SUBCON')",
                    "type": "PalletService.DistinctMaterial"
                },
                "Material": "10/01-SUBCON"
            },
            {
                "__metadata": {
                    "id": "https://olympusoem-dev-cp.corp.apple.com:10443/odata/v2/PalletService/DistinctMaterial('10%2F02-RCK-SCRWS')",
                    "uri": "https://olympusoem-dev-cp.corp.apple.com:10443/odata/v2/PalletService/DistinctMaterial('10%2F02-RCK-SCRWS')",
                    "type": "PalletService.DistinctMaterial"
                },
                "Material": "10/02-RCK-SCRWS"
            },
            {
                "__metadata": {
                    "id": "https://olympusoem-dev-cp.corp.apple.com:10443/odata/v2/PalletService/DistinctMaterial('10%2F03-RCK-SCRWS')",
                    "uri": "https://olympusoem-dev-cp.corp.apple.com:10443/odata/v2/PalletService/DistinctMaterial('10%2F03-RCK-SCRWS')",
                    "type": "PalletService.DistinctMaterial"
                },
                "Material": "10/03-RCK-SCRWS"
            },
            {
                "__metadata": {
                    "id": "https://olympusoem-dev-cp.corp.apple.com:10443/odata/v2/PalletService/DistinctMaterial('10%2F04-RCK-SCRWS')",
                    "uri": "https://olympusoem-dev-cp.corp.apple.com:10443/odata/v2/PalletService/DistinctMaterial('10%2F04-RCK-SCRWS')",
                    "type": "PalletService.DistinctMaterial"
                },
                "Material": "10/04-RCK-SCRWS"
            },
            {
                "__metadata": {
                    "id": "https://olympusoem-dev-cp.corp.apple.com:10443/odata/v2/PalletService/DistinctMaterial('10%2F05-RCK-SCRWS')",
                    "uri": "https://olympusoem-dev-cp.corp.apple.com:10443/odata/v2/PalletService/DistinctMaterial('10%2F05-RCK-SCRWS')",
                    "type": "PalletService.DistinctMaterial"
                },
                "Material": "10/05-RCK-SCRWS"
            },
            {
                "__metadata": {
                    "id": "https://olympusoem-dev-cp.corp.apple.com:10443/odata/v2/PalletService/DistinctMaterial('10%2F07-COMPT2')",
                    "uri": "https://olympusoem-dev-cp.corp.apple.com:10443/odata/v2/PalletService/DistinctMaterial('10%2F07-COMPT2')",
                    "type": "PalletService.DistinctMaterial"
                },
                "Material": "10/07-COMPT2"
            },
            {
                "__metadata": {
                    "id": "https://olympusoem-dev-cp.corp.apple.com:10443/odata/v2/PalletService/DistinctMaterial('10%2F07-RCK-SCRMS')",
                    "uri": "https://olympusoem-dev-cp.corp.apple.com:10443/odata/v2/PalletService/DistinctMaterial('10%2F07-RCK-SCRMS')",
                    "type": "PalletService.DistinctMaterial"
                },
                "Material": "10/07-RCK-SCRMS"
            },
            {
                "__metadata": {
                    "id": "https://olympusoem-dev-cp.corp.apple.com:10443/odata/v2/PalletService/DistinctMaterial('10%2F13-RCK-SCRWS')",
                    "uri": "https://olympusoem-dev-cp.corp.apple.com:10443/odata/v2/PalletService/DistinctMaterial('10%2F13-RCK-SCRWS')",
                    "type": "PalletService.DistinctMaterial"
                },
                "Material": "10/13-RCK-SCRWS"
            },
            {
                "__metadata": {
                    "id": "https://olympusoem-dev-cp.corp.apple.com:10443/odata/v2/PalletService/DistinctMaterial('10%2F14-RCK-SCRWS')",
                    "uri": "https://olympusoem-dev-cp.corp.apple.com:10443/odata/v2/PalletService/DistinctMaterial('10%2F14-RCK-SCRWS')",
                    "type": "PalletService.DistinctMaterial"
                },
                "Material": "10/14-RCK-SCRWS"
            },
            {
                "__metadata": {
                    "id": "https://olympusoem-dev-cp.corp.apple.com:10443/odata/v2/PalletService/DistinctMaterial('10%2F19-RCK-SCRWS')",
                    "uri": "https://olympusoem-dev-cp.corp.apple.com:10443/odata/v2/PalletService/DistinctMaterial('10%2F19-RCK-SCRWS')",
                    "type": "PalletService.DistinctMaterial"
                },
                "Material": "10/19-RCK-SCRWS"
            },
            {
                "__metadata": {
                    "id": "https://olympusoem-dev-cp.corp.apple.com:10443/odata/v2/PalletService/DistinctMaterial('10%2F22-RCK-SCRWS')",
                    "uri": "https://olympusoem-dev-cp.corp.apple.com:10443/odata/v2/PalletService/DistinctMaterial('10%2F22-RCK-SCRWS')",
                    "type": "PalletService.DistinctMaterial"
                },
                "Material": "10/22-RCK-SCRWS"
            },
            {
                "__metadata": {
                    "id": "https://olympusoem-dev-cp.corp.apple.com:10443/odata/v2/PalletService/DistinctMaterial('10%2F23-RCK-SCRWS')",
                    "uri": "https://olympusoem-dev-cp.corp.apple.com:10443/odata/v2/PalletService/DistinctMaterial('10%2F23-RCK-SCRWS')",
                    "type": "PalletService.DistinctMaterial"
                },
                "Material": "10/23-RCK-SCRWS"
            },
            {
                "__metadata": {
                    "id": "https://olympusoem-dev-cp.corp.apple.com:10443/odata/v2/PalletService/DistinctMaterial('10%2F24-RCK-SCRWS')",
                    "uri": "https://olympusoem-dev-cp.corp.apple.com:10443/odata/v2/PalletService/DistinctMaterial('10%2F24-RCK-SCRWS')",
                    "type": "PalletService.DistinctMaterial"
                },
                "Material": "10/24-RCK-SCRWS"
            },
            {
                "__metadata": {
                    "id": "https://olympusoem-dev-cp.corp.apple.com:10443/odata/v2/PalletService/DistinctMaterial('10%2F29-RCK-SCRWS')",
                    "uri": "https://olympusoem-dev-cp.corp.apple.com:10443/odata/v2/PalletService/DistinctMaterial('10%2F29-RCK-SCRWS')",
                    "type": "PalletService.DistinctMaterial"
                },
                "Material": "10/29-RCK-SCRWS"
            },
            {
                "__metadata": {
                    "id": "https://olympusoem-dev-cp.corp.apple.com:10443/odata/v2/PalletService/DistinctMaterial('10%2F32-RCK-SCRWS')",
                    "uri": "https://olympusoem-dev-cp.corp.apple.com:10443/odata/v2/PalletService/DistinctMaterial('10%2F32-RCK-SCRWS')",
                    "type": "PalletService.DistinctMaterial"
                },
                "Material": "10/32-RCK-SCRWS"
            },
            {
                "__metadata": {
                    "id": "https://olympusoem-dev-cp.corp.apple.com:10443/odata/v2/PalletService/DistinctMaterial('10%2F33-RCK-SCRWS')",
                    "uri": "https://olympusoem-dev-cp.corp.apple.com:10443/odata/v2/PalletService/DistinctMaterial('10%2F33-RCK-SCRWS')",
                    "type": "PalletService.DistinctMaterial"
                },
                "Material": "10/33-RCK-SCRWS"
            },
            {
                "__metadata": {
                    "id": "https://olympusoem-dev-cp.corp.apple.com:10443/odata/v2/PalletService/DistinctMaterial('11%2F20-TESTING')",
                    "uri": "https://olympusoem-dev-cp.corp.apple.com:10443/odata/v2/PalletService/DistinctMaterial('11%2F20-TESTING')",
                    "type": "PalletService.DistinctMaterial"
                },
                "Material": "11/20-TESTING"
            },
            {
                "__metadata": {
                    "id": "https://olympusoem-dev-cp.corp.apple.com:10443/odata/v2/PalletService/DistinctMaterial('123-1234')",
                    "uri": "https://olympusoem-dev-cp.corp.apple.com:10443/odata/v2/PalletService/DistinctMaterial('123-1234')",
                    "type": "PalletService.DistinctMaterial"
                },
                "Material": "123-1234"
            },
            {
                "__metadata": {
                    "id": "https://olympusoem-dev-cp.corp.apple.com:10443/odata/v2/PalletService/DistinctMaterial('123-1234J1')",
                    "uri": "https://olympusoem-dev-cp.corp.apple.com:10443/odata/v2/PalletService/DistinctMaterial('123-1234J1')",
                    "type": "PalletService.DistinctMaterial"
                },
                "Material": "123-1234J1"
            },
            {
                "__metadata": {
                    "id": "https://olympusoem-dev-cp.corp.apple.com:10443/odata/v2/PalletService/DistinctMaterial('123-1234J2')",
                    "uri": "https://olympusoem-dev-cp.corp.apple.com:10443/odata/v2/PalletService/DistinctMaterial('123-1234J2')",
                    "type": "PalletService.DistinctMaterial"
                },
                "Material": "123-1234J2"
            },
            {
                "__metadata": {
                    "id": "https://olympusoem-dev-cp.corp.apple.com:10443/odata/v2/PalletService/DistinctMaterial('123-1234J3')",
                    "uri": "https://olympusoem-dev-cp.corp.apple.com:10443/odata/v2/PalletService/DistinctMaterial('123-1234J3')",
                    "type": "PalletService.DistinctMaterial"
                },
                "Material": "123-1234J3"
            },
            {
                "__metadata": {
                    "id": "https://olympusoem-dev-cp.corp.apple.com:10443/odata/v2/PalletService/DistinctMaterial('12345678901234A')",
                    "uri": "https://olympusoem-dev-cp.corp.apple.com:10443/odata/v2/PalletService/DistinctMaterial('12345678901234A')",
                    "type": "PalletService.DistinctMaterial"
                },
                "Material": "12345678901234A"
            },
            {
                "__metadata": {
                    "id": "https://olympusoem-dev-cp.corp.apple.com:10443/odata/v2/PalletService/DistinctMaterial('123ABC')",
                    "uri": "https://olympusoem-dev-cp.corp.apple.com:10443/odata/v2/PalletService/DistinctMaterial('123ABC')",
                    "type": "PalletService.DistinctMaterial"
                },
                "Material": "123ABC"
            },
            {
                "__metadata": {
                    "id": "https://olympusoem-dev-cp.corp.apple.com:10443/odata/v2/PalletService/DistinctMaterial('222-1074')",
                    "uri": "https://olympusoem-dev-cp.corp.apple.com:10443/odata/v2/PalletService/DistinctMaterial('222-1074')",
                    "type": "PalletService.DistinctMaterial"
                },
                "Material": "222-1074"
            },
            {
                "__metadata": {
                    "id": "https://olympusoem-dev-cp.corp.apple.com:10443/odata/v2/PalletService/DistinctMaterial('2Z691-4104')",
                    "uri": "https://olympusoem-dev-cp.corp.apple.com:10443/odata/v2/PalletService/DistinctMaterial('2Z691-4104')",
                    "type": "PalletService.DistinctMaterial"
                },
                "Material": "2Z691-4104"
            },
            {
                "__metadata": {
                    "id": "https://olympusoem-dev-cp.corp.apple.com:10443/odata/v2/PalletService/DistinctMaterial('333-0000')",
                    "uri": "https://olympusoem-dev-cp.corp.apple.com:10443/odata/v2/PalletService/DistinctMaterial('333-0000')",
                    "type": "PalletService.DistinctMaterial"
                },
                "Material": "333-0000"
            },
            {
                "__metadata": {
                    "id": "https://olympusoem-dev-cp.corp.apple.com:10443/odata/v2/PalletService/DistinctMaterial('333-0001')",
                    "uri": "https://olympusoem-dev-cp.corp.apple.com:10443/odata/v2/PalletService/DistinctMaterial('333-0001')",
                    "type": "PalletService.DistinctMaterial"
                },
                "Material": "333-0001"
            },
            {
                "__metadata": {
                    "id": "https://olympusoem-dev-cp.corp.apple.com:10443/odata/v2/PalletService/DistinctMaterial('333-00018')",
                    "uri": "https://olympusoem-dev-cp.corp.apple.com:10443/odata/v2/PalletService/DistinctMaterial('333-00018')",
                    "type": "PalletService.DistinctMaterial"
                },
                "Material": "333-00018"
            },
            {
                "__metadata": {
                    "id": "https://olympusoem-dev-cp.corp.apple.com:10443/odata/v2/PalletService/DistinctMaterial('333-00023')",
                    "uri": "https://olympusoem-dev-cp.corp.apple.com:10443/odata/v2/PalletService/DistinctMaterial('333-00023')",
                    "type": "PalletService.DistinctMaterial"
                },
                "Material": "333-00023"
            },
            {
                "__metadata": {
                    "id": "https://olympusoem-dev-cp.corp.apple.com:10443/odata/v2/PalletService/DistinctMaterial('333-00025')",
                    "uri": "https://olympusoem-dev-cp.corp.apple.com:10443/odata/v2/PalletService/DistinctMaterial('333-00025')",
                    "type": "PalletService.DistinctMaterial"
                },
                "Material": "333-00025"
            },
            {
                "__metadata": {
                    "id": "https://olympusoem-dev-cp.corp.apple.com:10443/odata/v2/PalletService/DistinctMaterial('333-00030')",
                    "uri": "https://olympusoem-dev-cp.corp.apple.com:10443/odata/v2/PalletService/DistinctMaterial('333-00030')",
                    "type": "PalletService.DistinctMaterial"
                },
                "Material": "333-00030"
            },
            {
                "__metadata": {
                    "id": "https://olympusoem-dev-cp.corp.apple.com:10443/odata/v2/PalletService/DistinctMaterial('333-00044')",
                    "uri": "https://olympusoem-dev-cp.corp.apple.com:10443/odata/v2/PalletService/DistinctMaterial('333-00044')",
                    "type": "PalletService.DistinctMaterial"
                },
                "Material": "333-00044"
            },
            {
                "__metadata": {
                    "id": "https://olympusoem-dev-cp.corp.apple.com:10443/odata/v2/PalletService/DistinctMaterial('333-00053')",
                    "uri": "https://olympusoem-dev-cp.corp.apple.com:10443/odata/v2/PalletService/DistinctMaterial('333-00053')",
                    "type": "PalletService.DistinctMaterial"
                },
                "Material": "333-00053"
            },
            {
                "__metadata": {
                    "id": "https://olympusoem-dev-cp.corp.apple.com:10443/odata/v2/PalletService/DistinctMaterial('333-0087')",
                    "uri": "https://olympusoem-dev-cp.corp.apple.com:10443/odata/v2/PalletService/DistinctMaterial('333-0087')",
                    "type": "PalletService.DistinctMaterial"
                },
                "Material": "333-0087"
            },
            {
                "__metadata": {
                    "id": "https://olympusoem-dev-cp.corp.apple.com:10443/odata/v2/PalletService/DistinctMaterial('333-0088')",
                    "uri": "https://olympusoem-dev-cp.corp.apple.com:10443/odata/v2/PalletService/DistinctMaterial('333-0088')",
                    "type": "PalletService.DistinctMaterial"
                },
                "Material": "333-0088"
            },
            {
                "__metadata": {
                    "id": "https://olympusoem-dev-cp.corp.apple.com:10443/odata/v2/PalletService/DistinctMaterial('333-0101')",
                    "uri": "https://olympusoem-dev-cp.corp.apple.com:10443/odata/v2/PalletService/DistinctMaterial('333-0101')",
                    "type": "PalletService.DistinctMaterial"
                },
                "Material": "333-0101"
            },
            {
                "__metadata": {
                    "id": "https://olympusoem-dev-cp.corp.apple.com:10443/odata/v2/PalletService/DistinctMaterial('333-0260')",
                    "uri": "https://olympusoem-dev-cp.corp.apple.com:10443/odata/v2/PalletService/DistinctMaterial('333-0260')",
                    "type": "PalletService.DistinctMaterial"
                },
                "Material": "333-0260"
            },
            {
                "__metadata": {
                    "id": "https://olympusoem-dev-cp.corp.apple.com:10443/odata/v2/PalletService/DistinctMaterial('333-0316')",
                    "uri": "https://olympusoem-dev-cp.corp.apple.com:10443/odata/v2/PalletService/DistinctMaterial('333-0316')",
                    "type": "PalletService.DistinctMaterial"
                },
                "Material": "333-0316"
            },
            {
                "__metadata": {
                    "id": "https://olympusoem-dev-cp.corp.apple.com:10443/odata/v2/PalletService/DistinctMaterial('333-0317')",
                    "uri": "https://olympusoem-dev-cp.corp.apple.com:10443/odata/v2/PalletService/DistinctMaterial('333-0317')",
                    "type": "PalletService.DistinctMaterial"
                },
                "Material": "333-0317"
            },
            {
                "__metadata": {
                    "id": "https://olympusoem-dev-cp.corp.apple.com:10443/odata/v2/PalletService/DistinctMaterial('333-0330')",
                    "uri": "https://olympusoem-dev-cp.corp.apple.com:10443/odata/v2/PalletService/DistinctMaterial('333-0330')",
                    "type": "PalletService.DistinctMaterial"
                },
                "Material": "333-0330"
            },
            {
                "__metadata": {
                    "id": "https://olympusoem-dev-cp.corp.apple.com:10443/odata/v2/PalletService/DistinctMaterial('333-0360')",
                    "uri": "https://olympusoem-dev-cp.corp.apple.com:10443/odata/v2/PalletService/DistinctMaterial('333-0360')",
                    "type": "PalletService.DistinctMaterial"
                },
                "Material": "333-0360"
            },
            {
                "__metadata": {
                    "id": "https://olympusoem-dev-cp.corp.apple.com:10443/odata/v2/PalletService/DistinctMaterial('333-0554')",
                    "uri": "https://olympusoem-dev-cp.corp.apple.com:10443/odata/v2/PalletService/DistinctMaterial('333-0554')",
                    "type": "PalletService.DistinctMaterial"
                },
                "Material": "333-0554"
            },
            {
                "__metadata": {
                    "id": "https://olympusoem-dev-cp.corp.apple.com:10443/odata/v2/PalletService/DistinctMaterial('333-0963')",
                    "uri": "https://olympusoem-dev-cp.corp.apple.com:10443/odata/v2/PalletService/DistinctMaterial('333-0963')",
                    "type": "PalletService.DistinctMaterial"
                },
                "Material": "333-0963"
            },
            {
                "__metadata": {
                    "id": "https://olympusoem-dev-cp.corp.apple.com:10443/odata/v2/PalletService/DistinctMaterial('333-0997')",
                    "uri": "https://olympusoem-dev-cp.corp.apple.com:10443/odata/v2/PalletService/DistinctMaterial('333-0997')",
                    "type": "PalletService.DistinctMaterial"
                },
                "Material": "333-0997"
            },
            {
                "__metadata": {
                    "id": "https://olympusoem-dev-cp.corp.apple.com:10443/odata/v2/PalletService/DistinctMaterial('333-1050')",
                    "uri": "https://olympusoem-dev-cp.corp.apple.com:10443/odata/v2/PalletService/DistinctMaterial('333-1050')",
                    "type": "PalletService.DistinctMaterial"
                },
                "Material": "333-1050"
            },
            {
                "__metadata": {
                    "id": "https://olympusoem-dev-cp.corp.apple.com:10443/odata/v2/PalletService/DistinctMaterial('333-1074')",
                    "uri": "https://olympusoem-dev-cp.corp.apple.com:10443/odata/v2/PalletService/DistinctMaterial('333-1074')",
                    "type": "PalletService.DistinctMaterial"
                },
                "Material": "333-1074"
            },
            {
                "__metadata": {
                    "id": "https://olympusoem-dev-cp.corp.apple.com:10443/odata/v2/PalletService/DistinctMaterial('333-1075')",
                    "uri": "https://olympusoem-dev-cp.corp.apple.com:10443/odata/v2/PalletService/DistinctMaterial('333-1075')",
                    "type": "PalletService.DistinctMaterial"
                },
                "Material": "333-1075"
            },
            {
                "__metadata": {
                    "id": "https://olympusoem-dev-cp.corp.apple.com:10443/odata/v2/PalletService/DistinctMaterial('333-1077')",
                    "uri": "https://olympusoem-dev-cp.corp.apple.com:10443/odata/v2/PalletService/DistinctMaterial('333-1077')",
                    "type": "PalletService.DistinctMaterial"
                },
                "Material": "333-1077"
            },
            {
                "__metadata": {
                    "id": "https://olympusoem-dev-cp.corp.apple.com:10443/odata/v2/PalletService/DistinctMaterial('333-1078')",
                    "uri": "https://olympusoem-dev-cp.corp.apple.com:10443/odata/v2/PalletService/DistinctMaterial('333-1078')",
                    "type": "PalletService.DistinctMaterial"
                },
                "Material": "333-1078"
            },
            {
                "__metadata": {
                    "id": "https://olympusoem-dev-cp.corp.apple.com:10443/odata/v2/PalletService/DistinctMaterial('333-ALT1')",
                    "uri": "https://olympusoem-dev-cp.corp.apple.com:10443/odata/v2/PalletService/DistinctMaterial('333-ALT1')",
                    "type": "PalletService.DistinctMaterial"
                },
                "Material": "333-ALT1"
            },
            {
                "__metadata": {
                    "id": "https://olympusoem-dev-cp.corp.apple.com:10443/odata/v2/PalletService/DistinctMaterial('333-ALT2')",
                    "uri": "https://olympusoem-dev-cp.corp.apple.com:10443/odata/v2/PalletService/DistinctMaterial('333-ALT2')",
                    "type": "PalletService.DistinctMaterial"
                },
                "Material": "333-ALT2"
            },
            {
                "__metadata": {
                    "id": "https://olympusoem-dev-cp.corp.apple.com:10443/odata/v2/PalletService/DistinctMaterial('333S00001')",
                    "uri": "https://olympusoem-dev-cp.corp.apple.com:10443/odata/v2/PalletService/DistinctMaterial('333S00001')",
                    "type": "PalletService.DistinctMaterial"
                },
                "Material": "333S00001"
            },
            {
                "__metadata": {
                    "id": "https://olympusoem-dev-cp.corp.apple.com:10443/odata/v2/PalletService/DistinctMaterial('333S00002')",
                    "uri": "https://olympusoem-dev-cp.corp.apple.com:10443/odata/v2/PalletService/DistinctMaterial('333S00002')",
                    "type": "PalletService.DistinctMaterial"
                },
                "Material": "333S00002"
            },
            {
                "__metadata": {
                    "id": "https://olympusoem-dev-cp.corp.apple.com:10443/odata/v2/PalletService/DistinctMaterial('333S00003')",
                    "uri": "https://olympusoem-dev-cp.corp.apple.com:10443/odata/v2/PalletService/DistinctMaterial('333S00003')",
                    "type": "PalletService.DistinctMaterial"
                },
                "Material": "333S00003"
            },
            {
                "__metadata": {
                    "id": "https://olympusoem-dev-cp.corp.apple.com:10443/odata/v2/PalletService/DistinctMaterial('333S00008')",
                    "uri": "https://olympusoem-dev-cp.corp.apple.com:10443/odata/v2/PalletService/DistinctMaterial('333S00008')",
                    "type": "PalletService.DistinctMaterial"
                },
                "Material": "333S00008"
            },
            {
                "__metadata": {
                    "id": "https://olympusoem-dev-cp.corp.apple.com:10443/odata/v2/PalletService/DistinctMaterial('333S00068')",
                    "uri": "https://olympusoem-dev-cp.corp.apple.com:10443/odata/v2/PalletService/DistinctMaterial('333S00068')",
                    "type": "PalletService.DistinctMaterial"
                },
                "Material": "333S00068"
            }
        ]
    }
}