{
    "d": {
        "results": [
            {
                "__metadata": {
                    "id": "https://olympusoem-dev-cp.corp.apple.com:10443/odata/v2/PalletService/DistinctPlant('')",
                    "uri": "https://olympusoem-dev-cp.corp.apple.com:10443/odata/v2/PalletService/DistinctPlant('')",
                    "type": "PalletService.DistinctPlant"
                },
                "Plant": ""
            },
            {
                "__metadata": {
                    "id": "https://olympusoem-dev-cp.corp.apple.com:10443/odata/v2/PalletService/DistinctPlant('0101')",
                    "uri": "https://olympusoem-dev-cp.corp.apple.com:10443/odata/v2/PalletService/DistinctPlant('0101')",
                    "type": "PalletService.DistinctPlant"
                },
                "Plant": "0101"
            },
            {
                "__metadata": {
                    "id": "https://olympusoem-dev-cp.corp.apple.com:10443/odata/v2/PalletService/DistinctPlant('0251')",
                    "uri": "https://olympusoem-dev-cp.corp.apple.com:10443/odata/v2/PalletService/DistinctPlant('0251')",
                    "type": "PalletService.DistinctPlant"
                },
                "Plant": "0251"
            },
            {
                "__metadata": {
                    "id": "https://olympusoem-dev-cp.corp.apple.com:10443/odata/v2/PalletService/DistinctPlant('0AMS')",
                    "uri": "https://olympusoem-dev-cp.corp.apple.com:10443/odata/v2/PalletService/DistinctPlant('0AMS')",
                    "type": "PalletService.DistinctPlant"
                },
                "Plant": "0AMS"
            },
            {
                "__metadata": {
                    "id": "https://olympusoem-dev-cp.corp.apple.com:10443/odata/v2/PalletService/DistinctPlant('0ASH')",
                    "uri": "https://olympusoem-dev-cp.corp.apple.com:10443/odata/v2/PalletService/DistinctPlant('0ASH')",
                    "type": "PalletService.DistinctPlant"
                },
                "Plant": "0ASH"
            },
            {
                "__metadata": {
                    "id": "https://olympusoem-dev-cp.corp.apple.com:10443/odata/v2/PalletService/DistinctPlant('0CHI')",
                    "uri": "https://olympusoem-dev-cp.corp.apple.com:10443/odata/v2/PalletService/DistinctPlant('0CHI')",
                    "type": "PalletService.DistinctPlant"
                },
                "Plant": "0CHI"
            },
            {
                "__metadata": {
                    "id": "https://olympusoem-dev-cp.corp.apple.com:10443/odata/v2/PalletService/DistinctPlant('0GRX')",
                    "uri": "https://olympusoem-dev-cp.corp.apple.com:10443/odata/v2/PalletService/DistinctPlant('0GRX')",
                    "type": "PalletService.DistinctPlant"
                },
                "Plant": "0GRX"
            },
            {
                "__metadata": {
                    "id": "https://olympusoem-dev-cp.corp.apple.com:10443/odata/v2/PalletService/DistinctPlant('0MDN')",
                    "uri": "https://olympusoem-dev-cp.corp.apple.com:10443/odata/v2/PalletService/DistinctPlant('0MDN')",
                    "type": "PalletService.DistinctPlant"
                },
                "Plant": "0MDN"
            },
            {
                "__metadata": {
                    "id": "https://olympusoem-dev-cp.corp.apple.com:10443/odata/v2/PalletService/DistinctPlant('0MSC')",
                    "uri": "https://olympusoem-dev-cp.corp.apple.com:10443/odata/v2/PalletService/DistinctPlant('0MSC')",
                    "type": "PalletService.DistinctPlant"
                },
                "Plant": "0MSC"
            },
            {
                "__metadata": {
                    "id": "https://olympusoem-dev-cp.corp.apple.com:10443/odata/v2/PalletService/DistinctPlant('0NWK')",
                    "uri": "https://olympusoem-dev-cp.corp.apple.com:10443/odata/v2/PalletService/DistinctPlant('0NWK')",
                    "type": "PalletService.DistinctPlant"
                },
                "Plant": "0NWK"
            },
            {
                "__metadata": {
                    "id": "https://olympusoem-dev-cp.corp.apple.com:10443/odata/v2/PalletService/DistinctPlant('0PRZ')",
                    "uri": "https://olympusoem-dev-cp.corp.apple.com:10443/odata/v2/PalletService/DistinctPlant('0PRZ')",
                    "type": "PalletService.DistinctPlant"
                },
                "Plant": "0PRZ"
            },
            {
                "__metadata": {
                    "id": "https://olympusoem-dev-cp.corp.apple.com:10443/odata/v2/PalletService/DistinctPlant('0RED')",
                    "uri": "https://olympusoem-dev-cp.corp.apple.com:10443/odata/v2/PalletService/DistinctPlant('0RED')",
                    "type": "PalletService.DistinctPlant"
                },
                "Plant": "0RED"
            },
            {
                "__metadata": {
                    "id": "https://olympusoem-dev-cp.corp.apple.com:10443/odata/v2/PalletService/DistinctPlant('0RNO')",
                    "uri": "https://olympusoem-dev-cp.corp.apple.com:10443/odata/v2/PalletService/DistinctPlant('0RNO')",
                    "type": "PalletService.DistinctPlant"
                },
                "Plant": "0RNO"
            },
            {
                "__metadata": {
                    "id": "https://olympusoem-dev-cp.corp.apple.com:10443/odata/v2/PalletService/DistinctPlant('0SCZ')",
                    "uri": "https://olympusoem-dev-cp.corp.apple.com:10443/odata/v2/PalletService/DistinctPlant('0SCZ')",
                    "type": "PalletService.DistinctPlant"
                },
                "Plant": "0SCZ"
            },
            {
                "__metadata": {
                    "id": "https://olympusoem-dev-cp.corp.apple.com:10443/odata/v2/PalletService/DistinctPlant('0SIN')",
                    "uri": "https://olympusoem-dev-cp.corp.apple.com:10443/odata/v2/PalletService/DistinctPlant('0SIN')",
                    "type": "PalletService.DistinctPlant"
                },
                "Plant": "0SIN"
            },
            {
                "__metadata": {
                    "id": "https://olympusoem-dev-cp.corp.apple.com:10443/odata/v2/PalletService/DistinctPlant('0VIB')",
                    "uri": "https://olympusoem-dev-cp.corp.apple.com:10443/odata/v2/PalletService/DistinctPlant('0VIB')",
                    "type": "PalletService.DistinctPlant"
                },
                "Plant": "0VIB"
            },
            {
                "__metadata": {
                    "id": "https://olympusoem-dev-cp.corp.apple.com:10443/odata/v2/PalletService/DistinctPlant('1000')",
                    "uri": "https://olympusoem-dev-cp.corp.apple.com:10443/odata/v2/PalletService/DistinctPlant('1000')",
                    "type": "PalletService.DistinctPlant"
                },
                "Plant": "1000"
            },
            {
                "__metadata": {
                    "id": "https://olympusoem-dev-cp.corp.apple.com:10443/odata/v2/PalletService/DistinctPlant('1001')",
                    "uri": "https://olympusoem-dev-cp.corp.apple.com:10443/odata/v2/PalletService/DistinctPlant('1001')",
                    "type": "PalletService.DistinctPlant"
                },
                "Plant": "1001"
            },
            {
                "__metadata": {
                    "id": "https://olympusoem-dev-cp.corp.apple.com:10443/odata/v2/PalletService/DistinctPlant('1171')",
                    "uri": "https://olympusoem-dev-cp.corp.apple.com:10443/odata/v2/PalletService/DistinctPlant('1171')",
                    "type": "PalletService.DistinctPlant"
                },
                "Plant": "1171"
            },
            {
                "__metadata": {
                    "id": "https://olympusoem-dev-cp.corp.apple.com:10443/odata/v2/PalletService/DistinctPlant('1201')",
                    "uri": "https://olympusoem-dev-cp.corp.apple.com:10443/odata/v2/PalletService/DistinctPlant('1201')",
                    "type": "PalletService.DistinctPlant"
                },
                "Plant": "1201"
            },
            {
                "__metadata": {
                    "id": "https://olympusoem-dev-cp.corp.apple.com:10443/odata/v2/PalletService/DistinctPlant('1203')",
                    "uri": "https://olympusoem-dev-cp.corp.apple.com:10443/odata/v2/PalletService/DistinctPlant('1203')",
                    "type": "PalletService.DistinctPlant"
                },
                "Plant": "1203"
            },
            {
                "__metadata": {
                    "id": "https://olympusoem-dev-cp.corp.apple.com:10443/odata/v2/PalletService/DistinctPlant('1206')",
                    "uri": "https://olympusoem-dev-cp.corp.apple.com:10443/odata/v2/PalletService/DistinctPlant('1206')",
                    "type": "PalletService.DistinctPlant"
                },
                "Plant": "1206"
            },
            {
                "__metadata": {
                    "id": "https://olympusoem-dev-cp.corp.apple.com:10443/odata/v2/PalletService/DistinctPlant('1251')",
                    "uri": "https://olympusoem-dev-cp.corp.apple.com:10443/odata/v2/PalletService/DistinctPlant('1251')",
                    "type": "PalletService.DistinctPlant"
                },
                "Plant": "1251"
            },
            {
                "__metadata": {
                    "id": "https://olympusoem-dev-cp.corp.apple.com:10443/odata/v2/PalletService/DistinctPlant('1252')",
                    "uri": "https://olympusoem-dev-cp.corp.apple.com:10443/odata/v2/PalletService/DistinctPlant('1252')",
                    "type": "PalletService.DistinctPlant"
                },
                "Plant": "1252"
            },
            {
                "__metadata": {
                    "id": "https://olympusoem-dev-cp.corp.apple.com:10443/odata/v2/PalletService/DistinctPlant('1261')",
                    "uri": "https://olympusoem-dev-cp.corp.apple.com:10443/odata/v2/PalletService/DistinctPlant('1261')",
                    "type": "PalletService.DistinctPlant"
                },
                "Plant": "1261"
            },
            {
                "__metadata": {
                    "id": "https://olympusoem-dev-cp.corp.apple.com:10443/odata/v2/PalletService/DistinctPlant('1291')",
                    "uri": "https://olympusoem-dev-cp.corp.apple.com:10443/odata/v2/PalletService/DistinctPlant('1291')",
                    "type": "PalletService.DistinctPlant"
                },
                "Plant": "1291"
            },
            {
                "__metadata": {
                    "id": "https://olympusoem-dev-cp.corp.apple.com:10443/odata/v2/PalletService/DistinctPlant('1292')",
                    "uri": "https://olympusoem-dev-cp.corp.apple.com:10443/odata/v2/PalletService/DistinctPlant('1292')",
                    "type": "PalletService.DistinctPlant"
                },
                "Plant": "1292"
            },
            {
                "__metadata": {
                    "id": "https://olympusoem-dev-cp.corp.apple.com:10443/odata/v2/PalletService/DistinctPlant('1293')",
                    "uri": "https://olympusoem-dev-cp.corp.apple.com:10443/odata/v2/PalletService/DistinctPlant('1293')",
                    "type": "PalletService.DistinctPlant"
                },
                "Plant": "1293"
            },
            {
                "__metadata": {
                    "id": "https://olympusoem-dev-cp.corp.apple.com:10443/odata/v2/PalletService/DistinctPlant('1295')",
                    "uri": "https://olympusoem-dev-cp.corp.apple.com:10443/odata/v2/PalletService/DistinctPlant('1295')",
                    "type": "PalletService.DistinctPlant"
                },
                "Plant": "1295"
            },
            {
                "__metadata": {
                    "id": "https://olympusoem-dev-cp.corp.apple.com:10443/odata/v2/PalletService/DistinctPlant('1296')",
                    "uri": "https://olympusoem-dev-cp.corp.apple.com:10443/odata/v2/PalletService/DistinctPlant('1296')",
                    "type": "PalletService.DistinctPlant"
                },
                "Plant": "1296"
            },
            {
                "__metadata": {
                    "id": "https://olympusoem-dev-cp.corp.apple.com:10443/odata/v2/PalletService/DistinctPlant('1297')",
                    "uri": "https://olympusoem-dev-cp.corp.apple.com:10443/odata/v2/PalletService/DistinctPlant('1297')",
                    "type": "PalletService.DistinctPlant"
                },
                "Plant": "1297"
            },
            {
                "__metadata": {
                    "id": "https://olympusoem-dev-cp.corp.apple.com:10443/odata/v2/PalletService/DistinctPlant('1301')",
                    "uri": "https://olympusoem-dev-cp.corp.apple.com:10443/odata/v2/PalletService/DistinctPlant('1301')",
                    "type": "PalletService.DistinctPlant"
                },
                "Plant": "1301"
            },
            {
                "__metadata": {
                    "id": "https://olympusoem-dev-cp.corp.apple.com:10443/odata/v2/PalletService/DistinctPlant('1306')",
                    "uri": "https://olympusoem-dev-cp.corp.apple.com:10443/odata/v2/PalletService/DistinctPlant('1306')",
                    "type": "PalletService.DistinctPlant"
                },
                "Plant": "1306"
            },
            {
                "__metadata": {
                    "id": "https://olympusoem-dev-cp.corp.apple.com:10443/odata/v2/PalletService/DistinctPlant('1321')",
                    "uri": "https://olympusoem-dev-cp.corp.apple.com:10443/odata/v2/PalletService/DistinctPlant('1321')",
                    "type": "PalletService.DistinctPlant"
                },
                "Plant": "1321"
            },
            {
                "__metadata": {
                    "id": "https://olympusoem-dev-cp.corp.apple.com:10443/odata/v2/PalletService/DistinctPlant('1325')",
                    "uri": "https://olympusoem-dev-cp.corp.apple.com:10443/odata/v2/PalletService/DistinctPlant('1325')",
                    "type": "PalletService.DistinctPlant"
                },
                "Plant": "1325"
            },
            {
                "__metadata": {
                    "id": "https://olympusoem-dev-cp.corp.apple.com:10443/odata/v2/PalletService/DistinctPlant('1326')",
                    "uri": "https://olympusoem-dev-cp.corp.apple.com:10443/odata/v2/PalletService/DistinctPlant('1326')",
                    "type": "PalletService.DistinctPlant"
                },
                "Plant": "1326"
            },
            {
                "__metadata": {
                    "id": "https://olympusoem-dev-cp.corp.apple.com:10443/odata/v2/PalletService/DistinctPlant('1351')",
                    "uri": "https://olympusoem-dev-cp.corp.apple.com:10443/odata/v2/PalletService/DistinctPlant('1351')",
                    "type": "PalletService.DistinctPlant"
                },
                "Plant": "1351"
            },
            {
                "__metadata": {
                    "id": "https://olympusoem-dev-cp.corp.apple.com:10443/odata/v2/PalletService/DistinctPlant('1352')",
                    "uri": "https://olympusoem-dev-cp.corp.apple.com:10443/odata/v2/PalletService/DistinctPlant('1352')",
                    "type": "PalletService.DistinctPlant"
                },
                "Plant": "1352"
            },
            {
                "__metadata": {
                    "id": "https://olympusoem-dev-cp.corp.apple.com:10443/odata/v2/PalletService/DistinctPlant('1353')",
                    "uri": "https://olympusoem-dev-cp.corp.apple.com:10443/odata/v2/PalletService/DistinctPlant('1353')",
                    "type": "PalletService.DistinctPlant"
                },
                "Plant": "1353"
            },
            {
                "__metadata": {
                    "id": "https://olympusoem-dev-cp.corp.apple.com:10443/odata/v2/PalletService/DistinctPlant('1361')",
                    "uri": "https://olympusoem-dev-cp.corp.apple.com:10443/odata/v2/PalletService/DistinctPlant('1361')",
                    "type": "PalletService.DistinctPlant"
                },
                "Plant": "1361"
            },
            {
                "__metadata": {
                    "id": "https://olympusoem-dev-cp.corp.apple.com:10443/odata/v2/PalletService/DistinctPlant('1431')",
                    "uri": "https://olympusoem-dev-cp.corp.apple.com:10443/odata/v2/PalletService/DistinctPlant('1431')",
                    "type": "PalletService.DistinctPlant"
                },
                "Plant": "1431"
            },
            {
                "__metadata": {
                    "id": "https://olympusoem-dev-cp.corp.apple.com:10443/odata/v2/PalletService/DistinctPlant('1435')",
                    "uri": "https://olympusoem-dev-cp.corp.apple.com:10443/odata/v2/PalletService/DistinctPlant('1435')",
                    "type": "PalletService.DistinctPlant"
                },
                "Plant": "1435"
            },
            {
                "__metadata": {
                    "id": "https://olympusoem-dev-cp.corp.apple.com:10443/odata/v2/PalletService/DistinctPlant('1441')",
                    "uri": "https://olympusoem-dev-cp.corp.apple.com:10443/odata/v2/PalletService/DistinctPlant('1441')",
                    "type": "PalletService.DistinctPlant"
                },
                "Plant": "1441"
            },
            {
                "__metadata": {
                    "id": "https://olympusoem-dev-cp.corp.apple.com:10443/odata/v2/PalletService/DistinctPlant('1451')",
                    "uri": "https://olympusoem-dev-cp.corp.apple.com:10443/odata/v2/PalletService/DistinctPlant('1451')",
                    "type": "PalletService.DistinctPlant"
                },
                "Plant": "1451"
            },
            {
                "__metadata": {
                    "id": "https://olympusoem-dev-cp.corp.apple.com:10443/odata/v2/PalletService/DistinctPlant('1481')",
                    "uri": "https://olympusoem-dev-cp.corp.apple.com:10443/odata/v2/PalletService/DistinctPlant('1481')",
                    "type": "PalletService.DistinctPlant"
                },
                "Plant": "1481"
            },
            {
                "__metadata": {
                    "id": "https://olympusoem-dev-cp.corp.apple.com:10443/odata/v2/PalletService/DistinctPlant('1486')",
                    "uri": "https://olympusoem-dev-cp.corp.apple.com:10443/odata/v2/PalletService/DistinctPlant('1486')",
                    "type": "PalletService.DistinctPlant"
                },
                "Plant": "1486"
            },
            {
                "__metadata": {
                    "id": "https://olympusoem-dev-cp.corp.apple.com:10443/odata/v2/PalletService/DistinctPlant('1491')",
                    "uri": "https://olympusoem-dev-cp.corp.apple.com:10443/odata/v2/PalletService/DistinctPlant('1491')",
                    "type": "PalletService.DistinctPlant"
                },
                "Plant": "1491"
            },
            {
                "__metadata": {
                    "id": "https://olympusoem-dev-cp.corp.apple.com:10443/odata/v2/PalletService/DistinctPlant('1511')",
                    "uri": "https://olympusoem-dev-cp.corp.apple.com:10443/odata/v2/PalletService/DistinctPlant('1511')",
                    "type": "PalletService.DistinctPlant"
                },
                "Plant": "1511"
            },
            {
                "__metadata": {
                    "id": "https://olympusoem-dev-cp.corp.apple.com:10443/odata/v2/PalletService/DistinctPlant('1512')",
                    "uri": "https://olympusoem-dev-cp.corp.apple.com:10443/odata/v2/PalletService/DistinctPlant('1512')",
                    "type": "PalletService.DistinctPlant"
                },
                "Plant": "1512"
            },
            {
                "__metadata": {
                    "id": "https://olympusoem-dev-cp.corp.apple.com:10443/odata/v2/PalletService/DistinctPlant('1513')",
                    "uri": "https://olympusoem-dev-cp.corp.apple.com:10443/odata/v2/PalletService/DistinctPlant('1513')",
                    "type": "PalletService.DistinctPlant"
                },
                "Plant": "1513"
            },
            {
                "__metadata": {
                    "id": "https://olympusoem-dev-cp.corp.apple.com:10443/odata/v2/PalletService/DistinctPlant('1514')",
                    "uri": "https://olympusoem-dev-cp.corp.apple.com:10443/odata/v2/PalletService/DistinctPlant('1514')",
                    "type": "PalletService.DistinctPlant"
                },
                "Plant": "1514"
            },
            {
                "__metadata": {
                    "id": "https://olympusoem-dev-cp.corp.apple.com:10443/odata/v2/PalletService/DistinctPlant('1515')",
                    "uri": "https://olympusoem-dev-cp.corp.apple.com:10443/odata/v2/PalletService/DistinctPlant('1515')",
                    "type": "PalletService.DistinctPlant"
                },
                "Plant": "1515"
            },
            {
                "__metadata": {
                    "id": "https://olympusoem-dev-cp.corp.apple.com:10443/odata/v2/PalletService/DistinctPlant('1517')",
                    "uri": "https://olympusoem-dev-cp.corp.apple.com:10443/odata/v2/PalletService/DistinctPlant('1517')",
                    "type": "PalletService.DistinctPlant"
                },
                "Plant": "1517"
            },
            {
                "__metadata": {
                    "id": "https://olympusoem-dev-cp.corp.apple.com:10443/odata/v2/PalletService/DistinctPlant('1518')",
                    "uri": "https://olympusoem-dev-cp.corp.apple.com:10443/odata/v2/PalletService/DistinctPlant('1518')",
                    "type": "PalletService.DistinctPlant"
                },
                "Plant": "1518"
            },
            {
                "__metadata": {
                    "id": "https://olympusoem-dev-cp.corp.apple.com:10443/odata/v2/PalletService/DistinctPlant('1561')",
                    "uri": "https://olympusoem-dev-cp.corp.apple.com:10443/odata/v2/PalletService/DistinctPlant('1561')",
                    "type": "PalletService.DistinctPlant"
                },
                "Plant": "1561"
            },
            {
                "__metadata": {
                    "id": "https://olympusoem-dev-cp.corp.apple.com:10443/odata/v2/PalletService/DistinctPlant('1575')",
                    "uri": "https://olympusoem-dev-cp.corp.apple.com:10443/odata/v2/PalletService/DistinctPlant('1575')",
                    "type": "PalletService.DistinctPlant"
                },
                "Plant": "1575"
            },
            {
                "__metadata": {
                    "id": "https://olympusoem-dev-cp.corp.apple.com:10443/odata/v2/PalletService/DistinctPlant('1584')",
                    "uri": "https://olympusoem-dev-cp.corp.apple.com:10443/odata/v2/PalletService/DistinctPlant('1584')",
                    "type": "PalletService.DistinctPlant"
                },
                "Plant": "1584"
            },
            {
                "__metadata": {
                    "id": "https://olympusoem-dev-cp.corp.apple.com:10443/odata/v2/PalletService/DistinctPlant('1585')",
                    "uri": "https://olympusoem-dev-cp.corp.apple.com:10443/odata/v2/PalletService/DistinctPlant('1585')",
                    "type": "PalletService.DistinctPlant"
                },
                "Plant": "1585"
            },
            {
                "__metadata": {
                    "id": "https://olympusoem-dev-cp.corp.apple.com:10443/odata/v2/PalletService/DistinctPlant('1595')",
                    "uri": "https://olympusoem-dev-cp.corp.apple.com:10443/odata/v2/PalletService/DistinctPlant('1595')",
                    "type": "PalletService.DistinctPlant"
                },
                "Plant": "1595"
            },
            {
                "__metadata": {
                    "id": "https://olympusoem-dev-cp.corp.apple.com:10443/odata/v2/PalletService/DistinctPlant('1602')",
                    "uri": "https://olympusoem-dev-cp.corp.apple.com:10443/odata/v2/PalletService/DistinctPlant('1602')",
                    "type": "PalletService.DistinctPlant"
                },
                "Plant": "1602"
            },
            {
                "__metadata": {
                    "id": "https://olympusoem-dev-cp.corp.apple.com:10443/odata/v2/PalletService/DistinctPlant('1605')",
                    "uri": "https://olympusoem-dev-cp.corp.apple.com:10443/odata/v2/PalletService/DistinctPlant('1605')",
                    "type": "PalletService.DistinctPlant"
                },
                "Plant": "1605"
            },
            {
                "__metadata": {
                    "id": "https://olympusoem-dev-cp.corp.apple.com:10443/odata/v2/PalletService/DistinctPlant('1615')",
                    "uri": "https://olympusoem-dev-cp.corp.apple.com:10443/odata/v2/PalletService/DistinctPlant('1615')",
                    "type": "PalletService.DistinctPlant"
                },
                "Plant": "1615"
            },
            {
                "__metadata": {
                    "id": "https://olympusoem-dev-cp.corp.apple.com:10443/odata/v2/PalletService/DistinctPlant('1625')",
                    "uri": "https://olympusoem-dev-cp.corp.apple.com:10443/odata/v2/PalletService/DistinctPlant('1625')",
                    "type": "PalletService.DistinctPlant"
                },
                "Plant": "1625"
            },
            {
                "__metadata": {
                    "id": "https://olympusoem-dev-cp.corp.apple.com:10443/odata/v2/PalletService/DistinctPlant('1631')",
                    "uri": "https://olympusoem-dev-cp.corp.apple.com:10443/odata/v2/PalletService/DistinctPlant('1631')",
                    "type": "PalletService.DistinctPlant"
                },
                "Plant": "1631"
            },
            {
                "__metadata": {
                    "id": "https://olympusoem-dev-cp.corp.apple.com:10443/odata/v2/PalletService/DistinctPlant('1641')",
                    "uri": "https://olympusoem-dev-cp.corp.apple.com:10443/odata/v2/PalletService/DistinctPlant('1641')",
                    "type": "PalletService.DistinctPlant"
                },
                "Plant": "1641"
            },
            {
                "__metadata": {
                    "id": "https://olympusoem-dev-cp.corp.apple.com:10443/odata/v2/PalletService/DistinctPlant('1643')",
                    "uri": "https://olympusoem-dev-cp.corp.apple.com:10443/odata/v2/PalletService/DistinctPlant('1643')",
                    "type": "PalletService.DistinctPlant"
                },
                "Plant": "1643"
            },
            {
                "__metadata": {
                    "id": "https://olympusoem-dev-cp.corp.apple.com:10443/odata/v2/PalletService/DistinctPlant('1660')",
                    "uri": "https://olympusoem-dev-cp.corp.apple.com:10443/odata/v2/PalletService/DistinctPlant('1660')",
                    "type": "PalletService.DistinctPlant"
                },
                "Plant": "1660"
            },
            {
                "__metadata": {
                    "id": "https://olympusoem-dev-cp.corp.apple.com:10443/odata/v2/PalletService/DistinctPlant('1661')",
                    "uri": "https://olympusoem-dev-cp.corp.apple.com:10443/odata/v2/PalletService/DistinctPlant('1661')",
                    "type": "PalletService.DistinctPlant"
                },
                "Plant": "1661"
            },
            {
                "__metadata": {
                    "id": "https://olympusoem-dev-cp.corp.apple.com:10443/odata/v2/PalletService/DistinctPlant('1663')",
                    "uri": "https://olympusoem-dev-cp.corp.apple.com:10443/odata/v2/PalletService/DistinctPlant('1663')",
                    "type": "PalletService.DistinctPlant"
                },
                "Plant": "1663"
            },
            {
                "__metadata": {
                    "id": "https://olympusoem-dev-cp.corp.apple.com:10443/odata/v2/PalletService/DistinctPlant('1664')",
                    "uri": "https://olympusoem-dev-cp.corp.apple.com:10443/odata/v2/PalletService/DistinctPlant('1664')",
                    "type": "PalletService.DistinctPlant"
                },
                "Plant": "1664"
            },
            {
                "__metadata": {
                    "id": "https://olympusoem-dev-cp.corp.apple.com:10443/odata/v2/PalletService/DistinctPlant('1675')",
                    "uri": "https://olympusoem-dev-cp.corp.apple.com:10443/odata/v2/PalletService/DistinctPlant('1675')",
                    "type": "PalletService.DistinctPlant"
                },
                "Plant": "1675"
            },
            {
                "__metadata": {
                    "id": "https://olympusoem-dev-cp.corp.apple.com:10443/odata/v2/PalletService/DistinctPlant('1721')",
                    "uri": "https://olympusoem-dev-cp.corp.apple.com:10443/odata/v2/PalletService/DistinctPlant('1721')",
                    "type": "PalletService.DistinctPlant"
                },
                "Plant": "1721"
            },
            {
                "__metadata": {
                    "id": "https://olympusoem-dev-cp.corp.apple.com:10443/odata/v2/PalletService/DistinctPlant('1731')",
                    "uri": "https://olympusoem-dev-cp.corp.apple.com:10443/odata/v2/PalletService/DistinctPlant('1731')",
                    "type": "PalletService.DistinctPlant"
                },
                "Plant": "1731"
            },
            {
                "__metadata": {
                    "id": "https://olympusoem-dev-cp.corp.apple.com:10443/odata/v2/PalletService/DistinctPlant('1751')",
                    "uri": "https://olympusoem-dev-cp.corp.apple.com:10443/odata/v2/PalletService/DistinctPlant('1751')",
                    "type": "PalletService.DistinctPlant"
                },
                "Plant": "1751"
            },
            {
                "__metadata": {
                    "id": "https://olympusoem-dev-cp.corp.apple.com:10443/odata/v2/PalletService/DistinctPlant('1761')",
                    "uri": "https://olympusoem-dev-cp.corp.apple.com:10443/odata/v2/PalletService/DistinctPlant('1761')",
                    "type": "PalletService.DistinctPlant"
                },
                "Plant": "1761"
            },
            {
                "__metadata": {
                    "id": "https://olympusoem-dev-cp.corp.apple.com:10443/odata/v2/PalletService/DistinctPlant('1762')",
                    "uri": "https://olympusoem-dev-cp.corp.apple.com:10443/odata/v2/PalletService/DistinctPlant('1762')",
                    "type": "PalletService.DistinctPlant"
                },
                "Plant": "1762"
            },
            {
                "__metadata": {
                    "id": "https://olympusoem-dev-cp.corp.apple.com:10443/odata/v2/PalletService/DistinctPlant('1791')",
                    "uri": "https://olympusoem-dev-cp.corp.apple.com:10443/odata/v2/PalletService/DistinctPlant('1791')",
                    "type": "PalletService.DistinctPlant"
                },
                "Plant": "1791"
            },
            {
                "__metadata": {
                    "id": "https://olympusoem-dev-cp.corp.apple.com:10443/odata/v2/PalletService/DistinctPlant('1801')",
                    "uri": "https://olympusoem-dev-cp.corp.apple.com:10443/odata/v2/PalletService/DistinctPlant('1801')",
                    "type": "PalletService.DistinctPlant"
                },
                "Plant": "1801"
            },
            {
                "__metadata": {
                    "id": "https://olympusoem-dev-cp.corp.apple.com:10443/odata/v2/PalletService/DistinctPlant('1831')",
                    "uri": "https://olympusoem-dev-cp.corp.apple.com:10443/odata/v2/PalletService/DistinctPlant('1831')",
                    "type": "PalletService.DistinctPlant"
                },
                "Plant": "1831"
            },
            {
                "__metadata": {
                    "id": "https://olympusoem-dev-cp.corp.apple.com:10443/odata/v2/PalletService/DistinctPlant('1861')",
                    "uri": "https://olympusoem-dev-cp.corp.apple.com:10443/odata/v2/PalletService/DistinctPlant('1861')",
                    "type": "PalletService.DistinctPlant"
                },
                "Plant": "1861"
            },
            {
                "__metadata": {
                    "id": "https://olympusoem-dev-cp.corp.apple.com:10443/odata/v2/PalletService/DistinctPlant('1862')",
                    "uri": "https://olympusoem-dev-cp.corp.apple.com:10443/odata/v2/PalletService/DistinctPlant('1862')",
                    "type": "PalletService.DistinctPlant"
                },
                "Plant": "1862"
            },
            {
                "__metadata": {
                    "id": "https://olympusoem-dev-cp.corp.apple.com:10443/odata/v2/PalletService/DistinctPlant('1881')",
                    "uri": "https://olympusoem-dev-cp.corp.apple.com:10443/odata/v2/PalletService/DistinctPlant('1881')",
                    "type": "PalletService.DistinctPlant"
                },
                "Plant": "1881"
            },
            {
                "__metadata": {
                    "id": "https://olympusoem-dev-cp.corp.apple.com:10443/odata/v2/PalletService/DistinctPlant('1901')",
                    "uri": "https://olympusoem-dev-cp.corp.apple.com:10443/odata/v2/PalletService/DistinctPlant('1901')",
                    "type": "PalletService.DistinctPlant"
                },
                "Plant": "1901"
            },
            {
                "__metadata": {
                    "id": "https://olympusoem-dev-cp.corp.apple.com:10443/odata/v2/PalletService/DistinctPlant('1911')",
                    "uri": "https://olympusoem-dev-cp.corp.apple.com:10443/odata/v2/PalletService/DistinctPlant('1911')",
                    "type": "PalletService.DistinctPlant"
                },
                "Plant": "1911"
            },
            {
                "__metadata": {
                    "id": "https://olympusoem-dev-cp.corp.apple.com:10443/odata/v2/PalletService/DistinctPlant('1912')",
                    "uri": "https://olympusoem-dev-cp.corp.apple.com:10443/odata/v2/PalletService/DistinctPlant('1912')",
                    "type": "PalletService.DistinctPlant"
                },
                "Plant": "1912"
            },
            {
                "__metadata": {
                    "id": "https://olympusoem-dev-cp.corp.apple.com:10443/odata/v2/PalletService/DistinctPlant('1915')",
                    "uri": "https://olympusoem-dev-cp.corp.apple.com:10443/odata/v2/PalletService/DistinctPlant('1915')",
                    "type": "PalletService.DistinctPlant"
                },
                "Plant": "1915"
            },
            {
                "__metadata": {
                    "id": "https://olympusoem-dev-cp.corp.apple.com:10443/odata/v2/PalletService/DistinctPlant('1916')",
                    "uri": "https://olympusoem-dev-cp.corp.apple.com:10443/odata/v2/PalletService/DistinctPlant('1916')",
                    "type": "PalletService.DistinctPlant"
                },
                "Plant": "1916"
            },
            {
                "__metadata": {
                    "id": "https://olympusoem-dev-cp.corp.apple.com:10443/odata/v2/PalletService/DistinctPlant('1921')",
                    "uri": "https://olympusoem-dev-cp.corp.apple.com:10443/odata/v2/PalletService/DistinctPlant('1921')",
                    "type": "PalletService.DistinctPlant"
                },
                "Plant": "1921"
            },
            {
                "__metadata": {
                    "id": "https://olympusoem-dev-cp.corp.apple.com:10443/odata/v2/PalletService/DistinctPlant('1931')",
                    "uri": "https://olympusoem-dev-cp.corp.apple.com:10443/odata/v2/PalletService/DistinctPlant('1931')",
                    "type": "PalletService.DistinctPlant"
                },
                "Plant": "1931"
            },
            {
                "__metadata": {
                    "id": "https://olympusoem-dev-cp.corp.apple.com:10443/odata/v2/PalletService/DistinctPlant('1941')",
                    "uri": "https://olympusoem-dev-cp.corp.apple.com:10443/odata/v2/PalletService/DistinctPlant('1941')",
                    "type": "PalletService.DistinctPlant"
                },
                "Plant": "1941"
            },
            {
                "__metadata": {
                    "id": "https://olympusoem-dev-cp.corp.apple.com:10443/odata/v2/PalletService/DistinctPlant('1951')",
                    "uri": "https://olympusoem-dev-cp.corp.apple.com:10443/odata/v2/PalletService/DistinctPlant('1951')",
                    "type": "PalletService.DistinctPlant"
                },
                "Plant": "1951"
            },
            {
                "__metadata": {
                    "id": "https://olympusoem-dev-cp.corp.apple.com:10443/odata/v2/PalletService/DistinctPlant('1961')",
                    "uri": "https://olympusoem-dev-cp.corp.apple.com:10443/odata/v2/PalletService/DistinctPlant('1961')",
                    "type": "PalletService.DistinctPlant"
                },
                "Plant": "1961"
            },
            {
                "__metadata": {
                    "id": "https://olympusoem-dev-cp.corp.apple.com:10443/odata/v2/PalletService/DistinctPlant('1991')",
                    "uri": "https://olympusoem-dev-cp.corp.apple.com:10443/odata/v2/PalletService/DistinctPlant('1991')",
                    "type": "PalletService.DistinctPlant"
                },
                "Plant": "1991"
            },
            {
                "__metadata": {
                    "id": "https://olympusoem-dev-cp.corp.apple.com:10443/odata/v2/PalletService/DistinctPlant('19AX')",
                    "uri": "https://olympusoem-dev-cp.corp.apple.com:10443/odata/v2/PalletService/DistinctPlant('19AX')",
                    "type": "PalletService.DistinctPlant"
                },
                "Plant": "19AX"
            },
            {
                "__metadata": {
                    "id": "https://olympusoem-dev-cp.corp.apple.com:10443/odata/v2/PalletService/DistinctPlant('2001')",
                    "uri": "https://olympusoem-dev-cp.corp.apple.com:10443/odata/v2/PalletService/DistinctPlant('2001')",
                    "type": "PalletService.DistinctPlant"
                },
                "Plant": "2001"
            },
            {
                "__metadata": {
                    "id": "https://olympusoem-dev-cp.corp.apple.com:10443/odata/v2/PalletService/DistinctPlant('2021')",
                    "uri": "https://olympusoem-dev-cp.corp.apple.com:10443/odata/v2/PalletService/DistinctPlant('2021')",
                    "type": "PalletService.DistinctPlant"
                },
                "Plant": "2021"
            },
            {
                "__metadata": {
                    "id": "https://olympusoem-dev-cp.corp.apple.com:10443/odata/v2/PalletService/DistinctPlant('2023')",
                    "uri": "https://olympusoem-dev-cp.corp.apple.com:10443/odata/v2/PalletService/DistinctPlant('2023')",
                    "type": "PalletService.DistinctPlant"
                },
                "Plant": "2023"
            },
            {
                "__metadata": {
                    "id": "https://olympusoem-dev-cp.corp.apple.com:10443/odata/v2/PalletService/DistinctPlant('2031')",
                    "uri": "https://olympusoem-dev-cp.corp.apple.com:10443/odata/v2/PalletService/DistinctPlant('2031')",
                    "type": "PalletService.DistinctPlant"
                },
                "Plant": "2031"
            },
            {
                "__metadata": {
                    "id": "https://olympusoem-dev-cp.corp.apple.com:10443/odata/v2/PalletService/DistinctPlant('2032')",
                    "uri": "https://olympusoem-dev-cp.corp.apple.com:10443/odata/v2/PalletService/DistinctPlant('2032')",
                    "type": "PalletService.DistinctPlant"
                },
                "Plant": "2032"
            },
            {
                "__metadata": {
                    "id": "https://olympusoem-dev-cp.corp.apple.com:10443/odata/v2/PalletService/DistinctPlant('2041')",
                    "uri": "https://olympusoem-dev-cp.corp.apple.com:10443/odata/v2/PalletService/DistinctPlant('2041')",
                    "type": "PalletService.DistinctPlant"
                },
                "Plant": "2041"
            },
            {
                "__metadata": {
                    "id": "https://olympusoem-dev-cp.corp.apple.com:10443/odata/v2/PalletService/DistinctPlant('2045')",
                    "uri": "https://olympusoem-dev-cp.corp.apple.com:10443/odata/v2/PalletService/DistinctPlant('2045')",
                    "type": "PalletService.DistinctPlant"
                },
                "Plant": "2045"
            },
            {
                "__metadata": {
                    "id": "https://olympusoem-dev-cp.corp.apple.com:10443/odata/v2/PalletService/DistinctPlant('2046')",
                    "uri": "https://olympusoem-dev-cp.corp.apple.com:10443/odata/v2/PalletService/DistinctPlant('2046')",
                    "type": "PalletService.DistinctPlant"
                },
                "Plant": "2046"
            },
            {
                "__metadata": {
                    "id": "https://olympusoem-dev-cp.corp.apple.com:10443/odata/v2/PalletService/DistinctPlant('2048')",
                    "uri": "https://olympusoem-dev-cp.corp.apple.com:10443/odata/v2/PalletService/DistinctPlant('2048')",
                    "type": "PalletService.DistinctPlant"
                },
                "Plant": "2048"
            },
            {
                "__metadata": {
                    "id": "https://olympusoem-dev-cp.corp.apple.com:10443/odata/v2/PalletService/DistinctPlant('2061')",
                    "uri": "https://olympusoem-dev-cp.corp.apple.com:10443/odata/v2/PalletService/DistinctPlant('2061')",
                    "type": "PalletService.DistinctPlant"
                },
                "Plant": "2061"
            },
            {
                "__metadata": {
                    "id": "https://olympusoem-dev-cp.corp.apple.com:10443/odata/v2/PalletService/DistinctPlant('2071')",
                    "uri": "https://olympusoem-dev-cp.corp.apple.com:10443/odata/v2/PalletService/DistinctPlant('2071')",
                    "type": "PalletService.DistinctPlant"
                },
                "Plant": "2071"
            },
            {
                "__metadata": {
                    "id": "https://olympusoem-dev-cp.corp.apple.com:10443/odata/v2/PalletService/DistinctPlant('2081')",
                    "uri": "https://olympusoem-dev-cp.corp.apple.com:10443/odata/v2/PalletService/DistinctPlant('2081')",
                    "type": "PalletService.DistinctPlant"
                },
                "Plant": "2081"
            },
            {
                "__metadata": {
                    "id": "https://olympusoem-dev-cp.corp.apple.com:10443/odata/v2/PalletService/DistinctPlant('2091')",
                    "uri": "https://olympusoem-dev-cp.corp.apple.com:10443/odata/v2/PalletService/DistinctPlant('2091')",
                    "type": "PalletService.DistinctPlant"
                },
                "Plant": "2091"
            },
            {
                "__metadata": {
                    "id": "https://olympusoem-dev-cp.corp.apple.com:10443/odata/v2/PalletService/DistinctPlant('2111')",
                    "uri": "https://olympusoem-dev-cp.corp.apple.com:10443/odata/v2/PalletService/DistinctPlant('2111')",
                    "type": "PalletService.DistinctPlant"
                },
                "Plant": "2111"
            },
            {
                "__metadata": {
                    "id": "https://olympusoem-dev-cp.corp.apple.com:10443/odata/v2/PalletService/DistinctPlant('2131')",
                    "uri": "https://olympusoem-dev-cp.corp.apple.com:10443/odata/v2/PalletService/DistinctPlant('2131')",
                    "type": "PalletService.DistinctPlant"
                },
                "Plant": "2131"
            },
            {
                "__metadata": {
                    "id": "https://olympusoem-dev-cp.corp.apple.com:10443/odata/v2/PalletService/DistinctPlant('2141')",
                    "uri": "https://olympusoem-dev-cp.corp.apple.com:10443/odata/v2/PalletService/DistinctPlant('2141')",
                    "type": "PalletService.DistinctPlant"
                },
                "Plant": "2141"
            },
            {
                "__metadata": {
                    "id": "https://olympusoem-dev-cp.corp.apple.com:10443/odata/v2/PalletService/DistinctPlant('2151')",
                    "uri": "https://olympusoem-dev-cp.corp.apple.com:10443/odata/v2/PalletService/DistinctPlant('2151')",
                    "type": "PalletService.DistinctPlant"
                },
                "Plant": "2151"
            },
            {
                "__metadata": {
                    "id": "https://olympusoem-dev-cp.corp.apple.com:10443/odata/v2/PalletService/DistinctPlant('2181')",
                    "uri": "https://olympusoem-dev-cp.corp.apple.com:10443/odata/v2/PalletService/DistinctPlant('2181')",
                    "type": "PalletService.DistinctPlant"
                },
                "Plant": "2181"
            },
            {
                "__metadata": {
                    "id": "https://olympusoem-dev-cp.corp.apple.com:10443/odata/v2/PalletService/DistinctPlant('2200')",
                    "uri": "https://olympusoem-dev-cp.corp.apple.com:10443/odata/v2/PalletService/DistinctPlant('2200')",
                    "type": "PalletService.DistinctPlant"
                },
                "Plant": "2200"
            },
            {
                "__metadata": {
                    "id": "https://olympusoem-dev-cp.corp.apple.com:10443/odata/v2/PalletService/DistinctPlant('2201')",
                    "uri": "https://olympusoem-dev-cp.corp.apple.com:10443/odata/v2/PalletService/DistinctPlant('2201')",
                    "type": "PalletService.DistinctPlant"
                },
                "Plant": "2201"
            },
            {
                "__metadata": {
                    "id": "https://olympusoem-dev-cp.corp.apple.com:10443/odata/v2/PalletService/DistinctPlant('2211')",
                    "uri": "https://olympusoem-dev-cp.corp.apple.com:10443/odata/v2/PalletService/DistinctPlant('2211')",
                    "type": "PalletService.DistinctPlant"
                },
                "Plant": "2211"
            },
            {
                "__metadata": {
                    "id": "https://olympusoem-dev-cp.corp.apple.com:10443/odata/v2/PalletService/DistinctPlant('2221')",
                    "uri": "https://olympusoem-dev-cp.corp.apple.com:10443/odata/v2/PalletService/DistinctPlant('2221')",
                    "type": "PalletService.DistinctPlant"
                },
                "Plant": "2221"
            },
            {
                "__metadata": {
                    "id": "https://olympusoem-dev-cp.corp.apple.com:10443/odata/v2/PalletService/DistinctPlant('2241')",
                    "uri": "https://olympusoem-dev-cp.corp.apple.com:10443/odata/v2/PalletService/DistinctPlant('2241')",
                    "type": "PalletService.DistinctPlant"
                },
                "Plant": "2241"
            },
            {
                "__metadata": {
                    "id": "https://olympusoem-dev-cp.corp.apple.com:10443/odata/v2/PalletService/DistinctPlant('2251')",
                    "uri": "https://olympusoem-dev-cp.corp.apple.com:10443/odata/v2/PalletService/DistinctPlant('2251')",
                    "type": "PalletService.DistinctPlant"
                },
                "Plant": "2251"
            },
            {
                "__metadata": {
                    "id": "https://olympusoem-dev-cp.corp.apple.com:10443/odata/v2/PalletService/DistinctPlant('2291')",
                    "uri": "https://olympusoem-dev-cp.corp.apple.com:10443/odata/v2/PalletService/DistinctPlant('2291')",
                    "type": "PalletService.DistinctPlant"
                },
                "Plant": "2291"
            },
            {
                "__metadata": {
                    "id": "https://olympusoem-dev-cp.corp.apple.com:10443/odata/v2/PalletService/DistinctPlant('2301')",
                    "uri": "https://olympusoem-dev-cp.corp.apple.com:10443/odata/v2/PalletService/DistinctPlant('2301')",
                    "type": "PalletService.DistinctPlant"
                },
                "Plant": "2301"
            },
            {
                "__metadata": {
                    "id": "https://olympusoem-dev-cp.corp.apple.com:10443/odata/v2/PalletService/DistinctPlant('2311')",
                    "uri": "https://olympusoem-dev-cp.corp.apple.com:10443/odata/v2/PalletService/DistinctPlant('2311')",
                    "type": "PalletService.DistinctPlant"
                },
                "Plant": "2311"
            },
            {
                "__metadata": {
                    "id": "https://olympusoem-dev-cp.corp.apple.com:10443/odata/v2/PalletService/DistinctPlant('2321')",
                    "uri": "https://olympusoem-dev-cp.corp.apple.com:10443/odata/v2/PalletService/DistinctPlant('2321')",
                    "type": "PalletService.DistinctPlant"
                },
                "Plant": "2321"
            },
            {
                "__metadata": {
                    "id": "https://olympusoem-dev-cp.corp.apple.com:10443/odata/v2/PalletService/DistinctPlant('2331')",
                    "uri": "https://olympusoem-dev-cp.corp.apple.com:10443/odata/v2/PalletService/DistinctPlant('2331')",
                    "type": "PalletService.DistinctPlant"
                },
                "Plant": "2331"
            },
            {
                "__metadata": {
                    "id": "https://olympusoem-dev-cp.corp.apple.com:10443/odata/v2/PalletService/DistinctPlant('2341')",
                    "uri": "https://olympusoem-dev-cp.corp.apple.com:10443/odata/v2/PalletService/DistinctPlant('2341')",
                    "type": "PalletService.DistinctPlant"
                },
                "Plant": "2341"
            },
            {
                "__metadata": {
                    "id": "https://olympusoem-dev-cp.corp.apple.com:10443/odata/v2/PalletService/DistinctPlant('2351')",
                    "uri": "https://olympusoem-dev-cp.corp.apple.com:10443/odata/v2/PalletService/DistinctPlant('2351')",
                    "type": "PalletService.DistinctPlant"
                },
                "Plant": "2351"
            },
            {
                "__metadata": {
                    "id": "https://olympusoem-dev-cp.corp.apple.com:10443/odata/v2/PalletService/DistinctPlant('2391')",
                    "uri": "https://olympusoem-dev-cp.corp.apple.com:10443/odata/v2/PalletService/DistinctPlant('2391')",
                    "type": "PalletService.DistinctPlant"
                },
                "Plant": "2391"
            },
            {
                "__metadata": {
                    "id": "https://olympusoem-dev-cp.corp.apple.com:10443/odata/v2/PalletService/DistinctPlant('2601')",
                    "uri": "https://olympusoem-dev-cp.corp.apple.com:10443/odata/v2/PalletService/DistinctPlant('2601')",
                    "type": "PalletService.DistinctPlant"
                },
                "Plant": "2601"
            },
            {
                "__metadata": {
                    "id": "https://olympusoem-dev-cp.corp.apple.com:10443/odata/v2/PalletService/DistinctPlant('3201')",
                    "uri": "https://olympusoem-dev-cp.corp.apple.com:10443/odata/v2/PalletService/DistinctPlant('3201')",
                    "type": "PalletService.DistinctPlant"
                },
                "Plant": "3201"
            },
            {
                "__metadata": {
                    "id": "https://olympusoem-dev-cp.corp.apple.com:10443/odata/v2/PalletService/DistinctPlant('3401')",
                    "uri": "https://olympusoem-dev-cp.corp.apple.com:10443/odata/v2/PalletService/DistinctPlant('3401')",
                    "type": "PalletService.DistinctPlant"
                },
                "Plant": "3401"
            },
            {
                "__metadata": {
                    "id": "https://olympusoem-dev-cp.corp.apple.com:10443/odata/v2/PalletService/DistinctPlant('3501')",
                    "uri": "https://olympusoem-dev-cp.corp.apple.com:10443/odata/v2/PalletService/DistinctPlant('3501')",
                    "type": "PalletService.DistinctPlant"
                },
                "Plant": "3501"
            },
            {
                "__metadata": {
                    "id": "https://olympusoem-dev-cp.corp.apple.com:10443/odata/v2/PalletService/DistinctPlant('3551')",
                    "uri": "https://olympusoem-dev-cp.corp.apple.com:10443/odata/v2/PalletService/DistinctPlant('3551')",
                    "type": "PalletService.DistinctPlant"
                },
                "Plant": "3551"
            },
            {
                "__metadata": {
                    "id": "https://olympusoem-dev-cp.corp.apple.com:10443/odata/v2/PalletService/DistinctPlant('5101')",
                    "uri": "https://olympusoem-dev-cp.corp.apple.com:10443/odata/v2/PalletService/DistinctPlant('5101')",
                    "type": "PalletService.DistinctPlant"
                },
                "Plant": "5101"
            },
            {
                "__metadata": {
                    "id": "https://olympusoem-dev-cp.corp.apple.com:10443/odata/v2/PalletService/DistinctPlant('5501')",
                    "uri": "https://olympusoem-dev-cp.corp.apple.com:10443/odata/v2/PalletService/DistinctPlant('5501')",
                    "type": "PalletService.DistinctPlant"
                },
                "Plant": "5501"
            }
        ]
    }
}