{
    "d": {
        "results": [
            {
                "__metadata": {
                    "id": "https://olympusoem-dev-cp.corp.apple.com:10443/odata/v2/PalletService/DistinctVendor('')",
                    "uri": "https://olympusoem-dev-cp.corp.apple.com:10443/odata/v2/PalletService/DistinctVendor('')",
                    "type": "PalletService.DistinctVendor"
                },
                "Vendor": ""
            },
            {
                "__metadata": {
                    "id": "https://olympusoem-dev-cp.corp.apple.com:10443/odata/v2/PalletService/DistinctVendor('0000000001')",
                    "uri": "https://olympusoem-dev-cp.corp.apple.com:10443/odata/v2/PalletService/DistinctVendor('0000000001')",
                    "type": "PalletService.DistinctVendor"
                },
                "Vendor": "0000000001"
            },
            {
                "__metadata": {
                    "id": "https://olympusoem-dev-cp.corp.apple.com:10443/odata/v2/PalletService/DistinctVendor('0000001027')",
                    "uri": "https://olympusoem-dev-cp.corp.apple.com:10443/odata/v2/PalletService/DistinctVendor('0000001027')",
                    "type": "PalletService.DistinctVendor"
                },
                "Vendor": "0000001027"
            },
            {
                "__metadata": {
                    "id": "https://olympusoem-dev-cp.corp.apple.com:10443/odata/v2/PalletService/DistinctVendor('0000009001')",
                    "uri": "https://olympusoem-dev-cp.corp.apple.com:10443/odata/v2/PalletService/DistinctVendor('0000009001')",
                    "type": "PalletService.DistinctVendor"
                },
                "Vendor": "0000009001"
            },
            {
                "__metadata": {
                    "id": "https://olympusoem-dev-cp.corp.apple.com:10443/odata/v2/PalletService/DistinctVendor('0000009004')",
                    "uri": "https://olympusoem-dev-cp.corp.apple.com:10443/odata/v2/PalletService/DistinctVendor('0000009004')",
                    "type": "PalletService.DistinctVendor"
                },
                "Vendor": "0000009004"
            },
            {
                "__metadata": {
                    "id": "https://olympusoem-dev-cp.corp.apple.com:10443/odata/v2/PalletService/DistinctVendor('0000009007')",
                    "uri": "https://olympusoem-dev-cp.corp.apple.com:10443/odata/v2/PalletService/DistinctVendor('0000009007')",
                    "type": "PalletService.DistinctVendor"
                },
                "Vendor": "0000009007"
            },
            {
                "__metadata": {
                    "id": "https://olympusoem-dev-cp.corp.apple.com:10443/odata/v2/PalletService/DistinctVendor('00000100N')",
                    "uri": "https://olympusoem-dev-cp.corp.apple.com:10443/odata/v2/PalletService/DistinctVendor('00000100N')",
                    "type": "PalletService.DistinctVendor"
                },
                "Vendor": "00000100N"
            },
            {
                "__metadata": {
                    "id": "https://olympusoem-dev-cp.corp.apple.com:10443/odata/v2/PalletService/DistinctVendor('00000120P')",
                    "uri": "https://olympusoem-dev-cp.corp.apple.com:10443/odata/v2/PalletService/DistinctVendor('00000120P')",
                    "type": "PalletService.DistinctVendor"
                },
                "Vendor": "00000120P"
            },
            {
                "__metadata": {
                    "id": "https://olympusoem-dev-cp.corp.apple.com:10443/odata/v2/PalletService/DistinctVendor('00000145P')",
                    "uri": "https://olympusoem-dev-cp.corp.apple.com:10443/odata/v2/PalletService/DistinctVendor('00000145P')",
                    "type": "PalletService.DistinctVendor"
                },
                "Vendor": "00000145P"
            },
            {
                "__metadata": {
                    "id": "https://olympusoem-dev-cp.corp.apple.com:10443/odata/v2/PalletService/DistinctVendor('00000542O')",
                    "uri": "https://olympusoem-dev-cp.corp.apple.com:10443/odata/v2/PalletService/DistinctVendor('00000542O')",
                    "type": "PalletService.DistinctVendor"
                },
                "Vendor": "00000542O"
            },
            {
                "__metadata": {
                    "id": "https://olympusoem-dev-cp.corp.apple.com:10443/odata/v2/PalletService/DistinctVendor('0000059325')",
                    "uri": "https://olympusoem-dev-cp.corp.apple.com:10443/odata/v2/PalletService/DistinctVendor('0000059325')",
                    "type": "PalletService.DistinctVendor"
                },
                "Vendor": "0000059325"
            },
            {
                "__metadata": {
                    "id": "https://olympusoem-dev-cp.corp.apple.com:10443/odata/v2/PalletService/DistinctVendor('00001256P')",
                    "uri": "https://olympusoem-dev-cp.corp.apple.com:10443/odata/v2/PalletService/DistinctVendor('00001256P')",
                    "type": "PalletService.DistinctVendor"
                },
                "Vendor": "00001256P"
            },
            {
                "__metadata": {
                    "id": "https://olympusoem-dev-cp.corp.apple.com:10443/odata/v2/PalletService/DistinctVendor('0000130700')",
                    "uri": "https://olympusoem-dev-cp.corp.apple.com:10443/odata/v2/PalletService/DistinctVendor('0000130700')",
                    "type": "PalletService.DistinctVendor"
                },
                "Vendor": "0000130700"
            },
            {
                "__metadata": {
                    "id": "https://olympusoem-dev-cp.corp.apple.com:10443/odata/v2/PalletService/DistinctVendor('0000141233')",
                    "uri": "https://olympusoem-dev-cp.corp.apple.com:10443/odata/v2/PalletService/DistinctVendor('0000141233')",
                    "type": "PalletService.DistinctVendor"
                },
                "Vendor": "0000141233"
            },
            {
                "__metadata": {
                    "id": "https://olympusoem-dev-cp.corp.apple.com:10443/odata/v2/PalletService/DistinctVendor('0000162512')",
                    "uri": "https://olympusoem-dev-cp.corp.apple.com:10443/odata/v2/PalletService/DistinctVendor('0000162512')",
                    "type": "PalletService.DistinctVendor"
                },
                "Vendor": "0000162512"
            },
            {
                "__metadata": {
                    "id": "https://olympusoem-dev-cp.corp.apple.com:10443/odata/v2/PalletService/DistinctVendor('0000169AP')",
                    "uri": "https://olympusoem-dev-cp.corp.apple.com:10443/odata/v2/PalletService/DistinctVendor('0000169AP')",
                    "type": "PalletService.DistinctVendor"
                },
                "Vendor": "0000169AP"
            },
            {
                "__metadata": {
                    "id": "https://olympusoem-dev-cp.corp.apple.com:10443/odata/v2/PalletService/DistinctVendor('0000183400')",
                    "uri": "https://olympusoem-dev-cp.corp.apple.com:10443/odata/v2/PalletService/DistinctVendor('0000183400')",
                    "type": "PalletService.DistinctVendor"
                },
                "Vendor": "0000183400"
            },
            {
                "__metadata": {
                    "id": "https://olympusoem-dev-cp.corp.apple.com:10443/odata/v2/PalletService/DistinctVendor('00001840P')",
                    "uri": "https://olympusoem-dev-cp.corp.apple.com:10443/odata/v2/PalletService/DistinctVendor('00001840P')",
                    "type": "PalletService.DistinctVendor"
                },
                "Vendor": "00001840P"
            },
            {
                "__metadata": {
                    "id": "https://olympusoem-dev-cp.corp.apple.com:10443/odata/v2/PalletService/DistinctVendor('00001841P')",
                    "uri": "https://olympusoem-dev-cp.corp.apple.com:10443/odata/v2/PalletService/DistinctVendor('00001841P')",
                    "type": "PalletService.DistinctVendor"
                },
                "Vendor": "00001841P"
            },
            {
                "__metadata": {
                    "id": "https://olympusoem-dev-cp.corp.apple.com:10443/odata/v2/PalletService/DistinctVendor('00001845P')",
                    "uri": "https://olympusoem-dev-cp.corp.apple.com:10443/odata/v2/PalletService/DistinctVendor('00001845P')",
                    "type": "PalletService.DistinctVendor"
                },
                "Vendor": "00001845P"
            },
            {
                "__metadata": {
                    "id": "https://olympusoem-dev-cp.corp.apple.com:10443/odata/v2/PalletService/DistinctVendor('00003104P')",
                    "uri": "https://olympusoem-dev-cp.corp.apple.com:10443/odata/v2/PalletService/DistinctVendor('00003104P')",
                    "type": "PalletService.DistinctVendor"
                },
                "Vendor": "00003104P"
            },
            {
                "__metadata": {
                    "id": "https://olympusoem-dev-cp.corp.apple.com:10443/odata/v2/PalletService/DistinctVendor('00003119P')",
                    "uri": "https://olympusoem-dev-cp.corp.apple.com:10443/odata/v2/PalletService/DistinctVendor('00003119P')",
                    "type": "PalletService.DistinctVendor"
                },
                "Vendor": "00003119P"
            },
            {
                "__metadata": {
                    "id": "https://olympusoem-dev-cp.corp.apple.com:10443/odata/v2/PalletService/DistinctVendor('0000324352')",
                    "uri": "https://olympusoem-dev-cp.corp.apple.com:10443/odata/v2/PalletService/DistinctVendor('0000324352')",
                    "type": "PalletService.DistinctVendor"
                },
                "Vendor": "0000324352"
            },
            {
                "__metadata": {
                    "id": "https://olympusoem-dev-cp.corp.apple.com:10443/odata/v2/PalletService/DistinctVendor('00004705P')",
                    "uri": "https://olympusoem-dev-cp.corp.apple.com:10443/odata/v2/PalletService/DistinctVendor('00004705P')",
                    "type": "PalletService.DistinctVendor"
                },
                "Vendor": "00004705P"
            },
            {
                "__metadata": {
                    "id": "https://olympusoem-dev-cp.corp.apple.com:10443/odata/v2/PalletService/DistinctVendor('00005653P')",
                    "uri": "https://olympusoem-dev-cp.corp.apple.com:10443/odata/v2/PalletService/DistinctVendor('00005653P')",
                    "type": "PalletService.DistinctVendor"
                },
                "Vendor": "00005653P"
            },
            {
                "__metadata": {
                    "id": "https://olympusoem-dev-cp.corp.apple.com:10443/odata/v2/PalletService/DistinctVendor('00006451P')",
                    "uri": "https://olympusoem-dev-cp.corp.apple.com:10443/odata/v2/PalletService/DistinctVendor('00006451P')",
                    "type": "PalletService.DistinctVendor"
                },
                "Vendor": "00006451P"
            },
            {
                "__metadata": {
                    "id": "https://olympusoem-dev-cp.corp.apple.com:10443/odata/v2/PalletService/DistinctVendor('00007200P')",
                    "uri": "https://olympusoem-dev-cp.corp.apple.com:10443/odata/v2/PalletService/DistinctVendor('00007200P')",
                    "type": "PalletService.DistinctVendor"
                },
                "Vendor": "00007200P"
            },
            {
                "__metadata": {
                    "id": "https://olympusoem-dev-cp.corp.apple.com:10443/odata/v2/PalletService/DistinctVendor('0000770007')",
                    "uri": "https://olympusoem-dev-cp.corp.apple.com:10443/odata/v2/PalletService/DistinctVendor('0000770007')",
                    "type": "PalletService.DistinctVendor"
                },
                "Vendor": "0000770007"
            },
            {
                "__metadata": {
                    "id": "https://olympusoem-dev-cp.corp.apple.com:10443/odata/v2/PalletService/DistinctVendor('0000800812')",
                    "uri": "https://olympusoem-dev-cp.corp.apple.com:10443/odata/v2/PalletService/DistinctVendor('0000800812')",
                    "type": "PalletService.DistinctVendor"
                },
                "Vendor": "0000800812"
            },
            {
                "__metadata": {
                    "id": "https://olympusoem-dev-cp.corp.apple.com:10443/odata/v2/PalletService/DistinctVendor('00008908P')",
                    "uri": "https://olympusoem-dev-cp.corp.apple.com:10443/odata/v2/PalletService/DistinctVendor('00008908P')",
                    "type": "PalletService.DistinctVendor"
                },
                "Vendor": "00008908P"
            },
            {
                "__metadata": {
                    "id": "https://olympusoem-dev-cp.corp.apple.com:10443/odata/v2/PalletService/DistinctVendor('0000901768')",
                    "uri": "https://olympusoem-dev-cp.corp.apple.com:10443/odata/v2/PalletService/DistinctVendor('0000901768')",
                    "type": "PalletService.DistinctVendor"
                },
                "Vendor": "0000901768"
            },
            {
                "__metadata": {
                    "id": "https://olympusoem-dev-cp.corp.apple.com:10443/odata/v2/PalletService/DistinctVendor('0001234567')",
                    "uri": "https://olympusoem-dev-cp.corp.apple.com:10443/odata/v2/PalletService/DistinctVendor('0001234567')",
                    "type": "PalletService.DistinctVendor"
                },
                "Vendor": "0001234567"
            },
            {
                "__metadata": {
                    "id": "https://olympusoem-dev-cp.corp.apple.com:10443/odata/v2/PalletService/DistinctVendor('00012950P')",
                    "uri": "https://olympusoem-dev-cp.corp.apple.com:10443/odata/v2/PalletService/DistinctVendor('00012950P')",
                    "type": "PalletService.DistinctVendor"
                },
                "Vendor": "00012950P"
            },
            {
                "__metadata": {
                    "id": "https://olympusoem-dev-cp.corp.apple.com:10443/odata/v2/PalletService/DistinctVendor('00013202A')",
                    "uri": "https://olympusoem-dev-cp.corp.apple.com:10443/odata/v2/PalletService/DistinctVendor('00013202A')",
                    "type": "PalletService.DistinctVendor"
                },
                "Vendor": "00013202A"
            },
            {
                "__metadata": {
                    "id": "https://olympusoem-dev-cp.corp.apple.com:10443/odata/v2/PalletService/DistinctVendor('00013202P')",
                    "uri": "https://olympusoem-dev-cp.corp.apple.com:10443/odata/v2/PalletService/DistinctVendor('00013202P')",
                    "type": "PalletService.DistinctVendor"
                },
                "Vendor": "00013202P"
            },
            {
                "__metadata": {
                    "id": "https://olympusoem-dev-cp.corp.apple.com:10443/odata/v2/PalletService/DistinctVendor('00013203P')",
                    "uri": "https://olympusoem-dev-cp.corp.apple.com:10443/odata/v2/PalletService/DistinctVendor('00013203P')",
                    "type": "PalletService.DistinctVendor"
                },
                "Vendor": "00013203P"
            },
            {
                "__metadata": {
                    "id": "https://olympusoem-dev-cp.corp.apple.com:10443/odata/v2/PalletService/DistinctVendor('00013211P')",
                    "uri": "https://olympusoem-dev-cp.corp.apple.com:10443/odata/v2/PalletService/DistinctVendor('00013211P')",
                    "type": "PalletService.DistinctVendor"
                },
                "Vendor": "00013211P"
            },
            {
                "__metadata": {
                    "id": "https://olympusoem-dev-cp.corp.apple.com:10443/odata/v2/PalletService/DistinctVendor('00013229P')",
                    "uri": "https://olympusoem-dev-cp.corp.apple.com:10443/odata/v2/PalletService/DistinctVendor('00013229P')",
                    "type": "PalletService.DistinctVendor"
                },
                "Vendor": "00013229P"
            },
            {
                "__metadata": {
                    "id": "https://olympusoem-dev-cp.corp.apple.com:10443/odata/v2/PalletService/DistinctVendor('00013230P')",
                    "uri": "https://olympusoem-dev-cp.corp.apple.com:10443/odata/v2/PalletService/DistinctVendor('00013230P')",
                    "type": "PalletService.DistinctVendor"
                },
                "Vendor": "00013230P"
            },
            {
                "__metadata": {
                    "id": "https://olympusoem-dev-cp.corp.apple.com:10443/odata/v2/PalletService/DistinctVendor('00014284P')",
                    "uri": "https://olympusoem-dev-cp.corp.apple.com:10443/odata/v2/PalletService/DistinctVendor('00014284P')",
                    "type": "PalletService.DistinctVendor"
                },
                "Vendor": "00014284P"
            },
            {
                "__metadata": {
                    "id": "https://olympusoem-dev-cp.corp.apple.com:10443/odata/v2/PalletService/DistinctVendor('0001T')",
                    "uri": "https://olympusoem-dev-cp.corp.apple.com:10443/odata/v2/PalletService/DistinctVendor('0001T')",
                    "type": "PalletService.DistinctVendor"
                },
                "Vendor": "0001T"
            },
            {
                "__metadata": {
                    "id": "https://olympusoem-dev-cp.corp.apple.com:10443/odata/v2/PalletService/DistinctVendor('00020201P')",
                    "uri": "https://olympusoem-dev-cp.corp.apple.com:10443/odata/v2/PalletService/DistinctVendor('00020201P')",
                    "type": "PalletService.DistinctVendor"
                },
                "Vendor": "00020201P"
            },
            {
                "__metadata": {
                    "id": "https://olympusoem-dev-cp.corp.apple.com:10443/odata/v2/PalletService/DistinctVendor('00022106P')",
                    "uri": "https://olympusoem-dev-cp.corp.apple.com:10443/odata/v2/PalletService/DistinctVendor('00022106P')",
                    "type": "PalletService.DistinctVendor"
                },
                "Vendor": "00022106P"
            },
            {
                "__metadata": {
                    "id": "https://olympusoem-dev-cp.corp.apple.com:10443/odata/v2/PalletService/DistinctVendor('00022118P')",
                    "uri": "https://olympusoem-dev-cp.corp.apple.com:10443/odata/v2/PalletService/DistinctVendor('00022118P')",
                    "type": "PalletService.DistinctVendor"
                },
                "Vendor": "00022118P"
            },
            {
                "__metadata": {
                    "id": "https://olympusoem-dev-cp.corp.apple.com:10443/odata/v2/PalletService/DistinctVendor('00029200A')",
                    "uri": "https://olympusoem-dev-cp.corp.apple.com:10443/odata/v2/PalletService/DistinctVendor('00029200A')",
                    "type": "PalletService.DistinctVendor"
                },
                "Vendor": "00029200A"
            },
            {
                "__metadata": {
                    "id": "https://olympusoem-dev-cp.corp.apple.com:10443/odata/v2/PalletService/DistinctVendor('00029201P')",
                    "uri": "https://olympusoem-dev-cp.corp.apple.com:10443/odata/v2/PalletService/DistinctVendor('00029201P')",
                    "type": "PalletService.DistinctVendor"
                },
                "Vendor": "00029201P"
            },
            {
                "__metadata": {
                    "id": "https://olympusoem-dev-cp.corp.apple.com:10443/odata/v2/PalletService/DistinctVendor('00029504P')",
                    "uri": "https://olympusoem-dev-cp.corp.apple.com:10443/odata/v2/PalletService/DistinctVendor('00029504P')",
                    "type": "PalletService.DistinctVendor"
                },
                "Vendor": "00029504P"
            },
            {
                "__metadata": {
                    "id": "https://olympusoem-dev-cp.corp.apple.com:10443/odata/v2/PalletService/DistinctVendor('00029505P')",
                    "uri": "https://olympusoem-dev-cp.corp.apple.com:10443/odata/v2/PalletService/DistinctVendor('00029505P')",
                    "type": "PalletService.DistinctVendor"
                },
                "Vendor": "00029505P"
            },
            {
                "__metadata": {
                    "id": "https://olympusoem-dev-cp.corp.apple.com:10443/odata/v2/PalletService/DistinctVendor('00029506P')",
                    "uri": "https://olympusoem-dev-cp.corp.apple.com:10443/odata/v2/PalletService/DistinctVendor('00029506P')",
                    "type": "PalletService.DistinctVendor"
                },
                "Vendor": "00029506P"
            },
            {
                "__metadata": {
                    "id": "https://olympusoem-dev-cp.corp.apple.com:10443/odata/v2/PalletService/DistinctVendor('00029508P')",
                    "uri": "https://olympusoem-dev-cp.corp.apple.com:10443/odata/v2/PalletService/DistinctVendor('00029508P')",
                    "type": "PalletService.DistinctVendor"
                },
                "Vendor": "00029508P"
            },
            {
                "__metadata": {
                    "id": "https://olympusoem-dev-cp.corp.apple.com:10443/odata/v2/PalletService/DistinctVendor('00029509P')",
                    "uri": "https://olympusoem-dev-cp.corp.apple.com:10443/odata/v2/PalletService/DistinctVendor('00029509P')",
                    "type": "PalletService.DistinctVendor"
                },
                "Vendor": "00029509P"
            },
            {
                "__metadata": {
                    "id": "https://olympusoem-dev-cp.corp.apple.com:10443/odata/v2/PalletService/DistinctVendor('00029512P')",
                    "uri": "https://olympusoem-dev-cp.corp.apple.com:10443/odata/v2/PalletService/DistinctVendor('00029512P')",
                    "type": "PalletService.DistinctVendor"
                },
                "Vendor": "00029512P"
            },
            {
                "__metadata": {
                    "id": "https://olympusoem-dev-cp.corp.apple.com:10443/odata/v2/PalletService/DistinctVendor('00029513P')",
                    "uri": "https://olympusoem-dev-cp.corp.apple.com:10443/odata/v2/PalletService/DistinctVendor('00029513P')",
                    "type": "PalletService.DistinctVendor"
                },
                "Vendor": "00029513P"
            },
            {
                "__metadata": {
                    "id": "https://olympusoem-dev-cp.corp.apple.com:10443/odata/v2/PalletService/DistinctVendor('00029514P')",
                    "uri": "https://olympusoem-dev-cp.corp.apple.com:10443/odata/v2/PalletService/DistinctVendor('00029514P')",
                    "type": "PalletService.DistinctVendor"
                },
                "Vendor": "00029514P"
            },
            {
                "__metadata": {
                    "id": "https://olympusoem-dev-cp.corp.apple.com:10443/odata/v2/PalletService/DistinctVendor('00029520P')",
                    "uri": "https://olympusoem-dev-cp.corp.apple.com:10443/odata/v2/PalletService/DistinctVendor('00029520P')",
                    "type": "PalletService.DistinctVendor"
                },
                "Vendor": "00029520P"
            },
            {
                "__metadata": {
                    "id": "https://olympusoem-dev-cp.corp.apple.com:10443/odata/v2/PalletService/DistinctVendor('00029525P')",
                    "uri": "https://olympusoem-dev-cp.corp.apple.com:10443/odata/v2/PalletService/DistinctVendor('00029525P')",
                    "type": "PalletService.DistinctVendor"
                },
                "Vendor": "00029525P"
            },
            {
                "__metadata": {
                    "id": "https://olympusoem-dev-cp.corp.apple.com:10443/odata/v2/PalletService/DistinctVendor('00029527P')",
                    "uri": "https://olympusoem-dev-cp.corp.apple.com:10443/odata/v2/PalletService/DistinctVendor('00029527P')",
                    "type": "PalletService.DistinctVendor"
                },
                "Vendor": "00029527P"
            },
            {
                "__metadata": {
                    "id": "https://olympusoem-dev-cp.corp.apple.com:10443/odata/v2/PalletService/DistinctVendor('00029539P')",
                    "uri": "https://olympusoem-dev-cp.corp.apple.com:10443/odata/v2/PalletService/DistinctVendor('00029539P')",
                    "type": "PalletService.DistinctVendor"
                },
                "Vendor": "00029539P"
            },
            {
                "__metadata": {
                    "id": "https://olympusoem-dev-cp.corp.apple.com:10443/odata/v2/PalletService/DistinctVendor('00029540P')",
                    "uri": "https://olympusoem-dev-cp.corp.apple.com:10443/odata/v2/PalletService/DistinctVendor('00029540P')",
                    "type": "PalletService.DistinctVendor"
                },
                "Vendor": "00029540P"
            },
            {
                "__metadata": {
                    "id": "https://olympusoem-dev-cp.corp.apple.com:10443/odata/v2/PalletService/DistinctVendor('00029544P')",
                    "uri": "https://olympusoem-dev-cp.corp.apple.com:10443/odata/v2/PalletService/DistinctVendor('00029544P')",
                    "type": "PalletService.DistinctVendor"
                },
                "Vendor": "00029544P"
            },
            {
                "__metadata": {
                    "id": "https://olympusoem-dev-cp.corp.apple.com:10443/odata/v2/PalletService/DistinctVendor('00029550P')",
                    "uri": "https://olympusoem-dev-cp.corp.apple.com:10443/odata/v2/PalletService/DistinctVendor('00029550P')",
                    "type": "PalletService.DistinctVendor"
                },
                "Vendor": "00029550P"
            },
            {
                "__metadata": {
                    "id": "https://olympusoem-dev-cp.corp.apple.com:10443/odata/v2/PalletService/DistinctVendor('00029559P')",
                    "uri": "https://olympusoem-dev-cp.corp.apple.com:10443/odata/v2/PalletService/DistinctVendor('00029559P')",
                    "type": "PalletService.DistinctVendor"
                },
                "Vendor": "00029559P"
            },
            {
                "__metadata": {
                    "id": "https://olympusoem-dev-cp.corp.apple.com:10443/odata/v2/PalletService/DistinctVendor('00029561P')",
                    "uri": "https://olympusoem-dev-cp.corp.apple.com:10443/odata/v2/PalletService/DistinctVendor('00029561P')",
                    "type": "PalletService.DistinctVendor"
                },
                "Vendor": "00029561P"
            },
            {
                "__metadata": {
                    "id": "https://olympusoem-dev-cp.corp.apple.com:10443/odata/v2/PalletService/DistinctVendor('00029563P')",
                    "uri": "https://olympusoem-dev-cp.corp.apple.com:10443/odata/v2/PalletService/DistinctVendor('00029563P')",
                    "type": "PalletService.DistinctVendor"
                },
                "Vendor": "00029563P"
            },
            {
                "__metadata": {
                    "id": "https://olympusoem-dev-cp.corp.apple.com:10443/odata/v2/PalletService/DistinctVendor('00029569P')",
                    "uri": "https://olympusoem-dev-cp.corp.apple.com:10443/odata/v2/PalletService/DistinctVendor('00029569P')",
                    "type": "PalletService.DistinctVendor"
                },
                "Vendor": "00029569P"
            },
            {
                "__metadata": {
                    "id": "https://olympusoem-dev-cp.corp.apple.com:10443/odata/v2/PalletService/DistinctVendor('00029578P')",
                    "uri": "https://olympusoem-dev-cp.corp.apple.com:10443/odata/v2/PalletService/DistinctVendor('00029578P')",
                    "type": "PalletService.DistinctVendor"
                },
                "Vendor": "00029578P"
            },
            {
                "__metadata": {
                    "id": "https://olympusoem-dev-cp.corp.apple.com:10443/odata/v2/PalletService/DistinctVendor('00029582P')",
                    "uri": "https://olympusoem-dev-cp.corp.apple.com:10443/odata/v2/PalletService/DistinctVendor('00029582P')",
                    "type": "PalletService.DistinctVendor"
                },
                "Vendor": "00029582P"
            },
            {
                "__metadata": {
                    "id": "https://olympusoem-dev-cp.corp.apple.com:10443/odata/v2/PalletService/DistinctVendor('00029584P')",
                    "uri": "https://olympusoem-dev-cp.corp.apple.com:10443/odata/v2/PalletService/DistinctVendor('00029584P')",
                    "type": "PalletService.DistinctVendor"
                },
                "Vendor": "00029584P"
            },
            {
                "__metadata": {
                    "id": "https://olympusoem-dev-cp.corp.apple.com:10443/odata/v2/PalletService/DistinctVendor('00029585P')",
                    "uri": "https://olympusoem-dev-cp.corp.apple.com:10443/odata/v2/PalletService/DistinctVendor('00029585P')",
                    "type": "PalletService.DistinctVendor"
                },
                "Vendor": "00029585P"
            },
            {
                "__metadata": {
                    "id": "https://olympusoem-dev-cp.corp.apple.com:10443/odata/v2/PalletService/DistinctVendor('00029593P')",
                    "uri": "https://olympusoem-dev-cp.corp.apple.com:10443/odata/v2/PalletService/DistinctVendor('00029593P')",
                    "type": "PalletService.DistinctVendor"
                },
                "Vendor": "00029593P"
            },
            {
                "__metadata": {
                    "id": "https://olympusoem-dev-cp.corp.apple.com:10443/odata/v2/PalletService/DistinctVendor('00029594P')",
                    "uri": "https://olympusoem-dev-cp.corp.apple.com:10443/odata/v2/PalletService/DistinctVendor('00029594P')",
                    "type": "PalletService.DistinctVendor"
                },
                "Vendor": "00029594P"
            },
            {
                "__metadata": {
                    "id": "https://olympusoem-dev-cp.corp.apple.com:10443/odata/v2/PalletService/DistinctVendor('00029595P')",
                    "uri": "https://olympusoem-dev-cp.corp.apple.com:10443/odata/v2/PalletService/DistinctVendor('00029595P')",
                    "type": "PalletService.DistinctVendor"
                },
                "Vendor": "00029595P"
            },
            {
                "__metadata": {
                    "id": "https://olympusoem-dev-cp.corp.apple.com:10443/odata/v2/PalletService/DistinctVendor('00029596P')",
                    "uri": "https://olympusoem-dev-cp.corp.apple.com:10443/odata/v2/PalletService/DistinctVendor('00029596P')",
                    "type": "PalletService.DistinctVendor"
                },
                "Vendor": "00029596P"
            },
            {
                "__metadata": {
                    "id": "https://olympusoem-dev-cp.corp.apple.com:10443/odata/v2/PalletService/DistinctVendor('00029597P')",
                    "uri": "https://olympusoem-dev-cp.corp.apple.com:10443/odata/v2/PalletService/DistinctVendor('00029597P')",
                    "type": "PalletService.DistinctVendor"
                },
                "Vendor": "00029597P"
            },
            {
                "__metadata": {
                    "id": "https://olympusoem-dev-cp.corp.apple.com:10443/odata/v2/PalletService/DistinctVendor('00029599P')",
                    "uri": "https://olympusoem-dev-cp.corp.apple.com:10443/odata/v2/PalletService/DistinctVendor('00029599P')",
                    "type": "PalletService.DistinctVendor"
                },
                "Vendor": "00029599P"
            },
            {
                "__metadata": {
                    "id": "https://olympusoem-dev-cp.corp.apple.com:10443/odata/v2/PalletService/DistinctVendor('0002959AP')",
                    "uri": "https://olympusoem-dev-cp.corp.apple.com:10443/odata/v2/PalletService/DistinctVendor('0002959AP')",
                    "type": "PalletService.DistinctVendor"
                },
                "Vendor": "0002959AP"
            },
            {
                "__metadata": {
                    "id": "https://olympusoem-dev-cp.corp.apple.com:10443/odata/v2/PalletService/DistinctVendor('0002959LP')",
                    "uri": "https://olympusoem-dev-cp.corp.apple.com:10443/odata/v2/PalletService/DistinctVendor('0002959LP')",
                    "type": "PalletService.DistinctVendor"
                },
                "Vendor": "0002959LP"
            },
            {
                "__metadata": {
                    "id": "https://olympusoem-dev-cp.corp.apple.com:10443/odata/v2/PalletService/DistinctVendor('0002959MP')",
                    "uri": "https://olympusoem-dev-cp.corp.apple.com:10443/odata/v2/PalletService/DistinctVendor('0002959MP')",
                    "type": "PalletService.DistinctVendor"
                },
                "Vendor": "0002959MP"
            },
            {
                "__metadata": {
                    "id": "https://olympusoem-dev-cp.corp.apple.com:10443/odata/v2/PalletService/DistinctVendor('0002959VP')",
                    "uri": "https://olympusoem-dev-cp.corp.apple.com:10443/odata/v2/PalletService/DistinctVendor('0002959VP')",
                    "type": "PalletService.DistinctVendor"
                },
                "Vendor": "0002959VP"
            },
            {
                "__metadata": {
                    "id": "https://olympusoem-dev-cp.corp.apple.com:10443/odata/v2/PalletService/DistinctVendor('000295A3P')",
                    "uri": "https://olympusoem-dev-cp.corp.apple.com:10443/odata/v2/PalletService/DistinctVendor('000295A3P')",
                    "type": "PalletService.DistinctVendor"
                },
                "Vendor": "000295A3P"
            },
            {
                "__metadata": {
                    "id": "https://olympusoem-dev-cp.corp.apple.com:10443/odata/v2/PalletService/DistinctVendor('000295A7P')",
                    "uri": "https://olympusoem-dev-cp.corp.apple.com:10443/odata/v2/PalletService/DistinctVendor('000295A7P')",
                    "type": "PalletService.DistinctVendor"
                },
                "Vendor": "000295A7P"
            },
            {
                "__metadata": {
                    "id": "https://olympusoem-dev-cp.corp.apple.com:10443/odata/v2/PalletService/DistinctVendor('000295ADA')",
                    "uri": "https://olympusoem-dev-cp.corp.apple.com:10443/odata/v2/PalletService/DistinctVendor('000295ADA')",
                    "type": "PalletService.DistinctVendor"
                },
                "Vendor": "000295ADA"
            },
            {
                "__metadata": {
                    "id": "https://olympusoem-dev-cp.corp.apple.com:10443/odata/v2/PalletService/DistinctVendor('000295ADP')",
                    "uri": "https://olympusoem-dev-cp.corp.apple.com:10443/odata/v2/PalletService/DistinctVendor('000295ADP')",
                    "type": "PalletService.DistinctVendor"
                },
                "Vendor": "000295ADP"
            },
            {
                "__metadata": {
                    "id": "https://olympusoem-dev-cp.corp.apple.com:10443/odata/v2/PalletService/DistinctVendor('000295AIP')",
                    "uri": "https://olympusoem-dev-cp.corp.apple.com:10443/odata/v2/PalletService/DistinctVendor('000295AIP')",
                    "type": "PalletService.DistinctVendor"
                },
                "Vendor": "000295AIP"
            },
            {
                "__metadata": {
                    "id": "https://olympusoem-dev-cp.corp.apple.com:10443/odata/v2/PalletService/DistinctVendor('000295AJP')",
                    "uri": "https://olympusoem-dev-cp.corp.apple.com:10443/odata/v2/PalletService/DistinctVendor('000295AJP')",
                    "type": "PalletService.DistinctVendor"
                },
                "Vendor": "000295AJP"
            },
            {
                "__metadata": {
                    "id": "https://olympusoem-dev-cp.corp.apple.com:10443/odata/v2/PalletService/DistinctVendor('000295AKP')",
                    "uri": "https://olympusoem-dev-cp.corp.apple.com:10443/odata/v2/PalletService/DistinctVendor('000295AKP')",
                    "type": "PalletService.DistinctVendor"
                },
                "Vendor": "000295AKP"
            },
            {
                "__metadata": {
                    "id": "https://olympusoem-dev-cp.corp.apple.com:10443/odata/v2/PalletService/DistinctVendor('000295ANP')",
                    "uri": "https://olympusoem-dev-cp.corp.apple.com:10443/odata/v2/PalletService/DistinctVendor('000295ANP')",
                    "type": "PalletService.DistinctVendor"
                },
                "Vendor": "000295ANP"
            },
            {
                "__metadata": {
                    "id": "https://olympusoem-dev-cp.corp.apple.com:10443/odata/v2/PalletService/DistinctVendor('000295AOP')",
                    "uri": "https://olympusoem-dev-cp.corp.apple.com:10443/odata/v2/PalletService/DistinctVendor('000295AOP')",
                    "type": "PalletService.DistinctVendor"
                },
                "Vendor": "000295AOP"
            },
            {
                "__metadata": {
                    "id": "https://olympusoem-dev-cp.corp.apple.com:10443/odata/v2/PalletService/DistinctVendor('000295APP')",
                    "uri": "https://olympusoem-dev-cp.corp.apple.com:10443/odata/v2/PalletService/DistinctVendor('000295APP')",
                    "type": "PalletService.DistinctVendor"
                },
                "Vendor": "000295APP"
            },
            {
                "__metadata": {
                    "id": "https://olympusoem-dev-cp.corp.apple.com:10443/odata/v2/PalletService/DistinctVendor('000295ASP')",
                    "uri": "https://olympusoem-dev-cp.corp.apple.com:10443/odata/v2/PalletService/DistinctVendor('000295ASP')",
                    "type": "PalletService.DistinctVendor"
                },
                "Vendor": "000295ASP"
            },
            {
                "__metadata": {
                    "id": "https://olympusoem-dev-cp.corp.apple.com:10443/odata/v2/PalletService/DistinctVendor('000295AXP')",
                    "uri": "https://olympusoem-dev-cp.corp.apple.com:10443/odata/v2/PalletService/DistinctVendor('000295AXP')",
                    "type": "PalletService.DistinctVendor"
                },
                "Vendor": "000295AXP"
            },
            {
                "__metadata": {
                    "id": "https://olympusoem-dev-cp.corp.apple.com:10443/odata/v2/PalletService/DistinctVendor('000295BOP')",
                    "uri": "https://olympusoem-dev-cp.corp.apple.com:10443/odata/v2/PalletService/DistinctVendor('000295BOP')",
                    "type": "PalletService.DistinctVendor"
                },
                "Vendor": "000295BOP"
            },
            {
                "__metadata": {
                    "id": "https://olympusoem-dev-cp.corp.apple.com:10443/odata/v2/PalletService/DistinctVendor('000295BUP')",
                    "uri": "https://olympusoem-dev-cp.corp.apple.com:10443/odata/v2/PalletService/DistinctVendor('000295BUP')",
                    "type": "PalletService.DistinctVendor"
                },
                "Vendor": "000295BUP"
            },
            {
                "__metadata": {
                    "id": "https://olympusoem-dev-cp.corp.apple.com:10443/odata/v2/PalletService/DistinctVendor('000295CMP')",
                    "uri": "https://olympusoem-dev-cp.corp.apple.com:10443/odata/v2/PalletService/DistinctVendor('000295CMP')",
                    "type": "PalletService.DistinctVendor"
                },
                "Vendor": "000295CMP"
            },
            {
                "__metadata": {
                    "id": "https://olympusoem-dev-cp.corp.apple.com:10443/odata/v2/PalletService/DistinctVendor('000295CQP')",
                    "uri": "https://olympusoem-dev-cp.corp.apple.com:10443/odata/v2/PalletService/DistinctVendor('000295CQP')",
                    "type": "PalletService.DistinctVendor"
                },
                "Vendor": "000295CQP"
            },
            {
                "__metadata": {
                    "id": "https://olympusoem-dev-cp.corp.apple.com:10443/odata/v2/PalletService/DistinctVendor('000295DFP')",
                    "uri": "https://olympusoem-dev-cp.corp.apple.com:10443/odata/v2/PalletService/DistinctVendor('000295DFP')",
                    "type": "PalletService.DistinctVendor"
                },
                "Vendor": "000295DFP"
            },
            {
                "__metadata": {
                    "id": "https://olympusoem-dev-cp.corp.apple.com:10443/odata/v2/PalletService/DistinctVendor('00034221P')",
                    "uri": "https://olympusoem-dev-cp.corp.apple.com:10443/odata/v2/PalletService/DistinctVendor('00034221P')",
                    "type": "PalletService.DistinctVendor"
                },
                "Vendor": "00034221P"
            },
            {
                "__metadata": {
                    "id": "https://olympusoem-dev-cp.corp.apple.com:10443/odata/v2/PalletService/DistinctVendor('00034242P')",
                    "uri": "https://olympusoem-dev-cp.corp.apple.com:10443/odata/v2/PalletService/DistinctVendor('00034242P')",
                    "type": "PalletService.DistinctVendor"
                },
                "Vendor": "00034242P"
            },
            {
                "__metadata": {
                    "id": "https://olympusoem-dev-cp.corp.apple.com:10443/odata/v2/PalletService/DistinctVendor('00034243P')",
                    "uri": "https://olympusoem-dev-cp.corp.apple.com:10443/odata/v2/PalletService/DistinctVendor('00034243P')",
                    "type": "PalletService.DistinctVendor"
                },
                "Vendor": "00034243P"
            },
            {
                "__metadata": {
                    "id": "https://olympusoem-dev-cp.corp.apple.com:10443/odata/v2/PalletService/DistinctVendor('00034244P')",
                    "uri": "https://olympusoem-dev-cp.corp.apple.com:10443/odata/v2/PalletService/DistinctVendor('00034244P')",
                    "type": "PalletService.DistinctVendor"
                },
                "Vendor": "00034244P"
            },
            {
                "__metadata": {
                    "id": "https://olympusoem-dev-cp.corp.apple.com:10443/odata/v2/PalletService/DistinctVendor('00034866P')",
                    "uri": "https://olympusoem-dev-cp.corp.apple.com:10443/odata/v2/PalletService/DistinctVendor('00034866P')",
                    "type": "PalletService.DistinctVendor"
                },
                "Vendor": "00034866P"
            },
            {
                "__metadata": {
                    "id": "https://olympusoem-dev-cp.corp.apple.com:10443/odata/v2/PalletService/DistinctVendor('00038000A')",
                    "uri": "https://olympusoem-dev-cp.corp.apple.com:10443/odata/v2/PalletService/DistinctVendor('00038000A')",
                    "type": "PalletService.DistinctVendor"
                },
                "Vendor": "00038000A"
            },
            {
                "__metadata": {
                    "id": "https://olympusoem-dev-cp.corp.apple.com:10443/odata/v2/PalletService/DistinctVendor('00038201P')",
                    "uri": "https://olympusoem-dev-cp.corp.apple.com:10443/odata/v2/PalletService/DistinctVendor('00038201P')",
                    "type": "PalletService.DistinctVendor"
                },
                "Vendor": "00038201P"
            },
            {
                "__metadata": {
                    "id": "https://olympusoem-dev-cp.corp.apple.com:10443/odata/v2/PalletService/DistinctVendor('00038216P')",
                    "uri": "https://olympusoem-dev-cp.corp.apple.com:10443/odata/v2/PalletService/DistinctVendor('00038216P')",
                    "type": "PalletService.DistinctVendor"
                },
                "Vendor": "00038216P"
            },
            {
                "__metadata": {
                    "id": "https://olympusoem-dev-cp.corp.apple.com:10443/odata/v2/PalletService/DistinctVendor('00038502P')",
                    "uri": "https://olympusoem-dev-cp.corp.apple.com:10443/odata/v2/PalletService/DistinctVendor('00038502P')",
                    "type": "PalletService.DistinctVendor"
                },
                "Vendor": "00038502P"
            },
            {
                "__metadata": {
                    "id": "https://olympusoem-dev-cp.corp.apple.com:10443/odata/v2/PalletService/DistinctVendor('00046504P')",
                    "uri": "https://olympusoem-dev-cp.corp.apple.com:10443/odata/v2/PalletService/DistinctVendor('00046504P')",
                    "type": "PalletService.DistinctVendor"
                },
                "Vendor": "00046504P"
            },
            {
                "__metadata": {
                    "id": "https://olympusoem-dev-cp.corp.apple.com:10443/odata/v2/PalletService/DistinctVendor('00050602P')",
                    "uri": "https://olympusoem-dev-cp.corp.apple.com:10443/odata/v2/PalletService/DistinctVendor('00050602P')",
                    "type": "PalletService.DistinctVendor"
                },
                "Vendor": "00050602P"
            },
            {
                "__metadata": {
                    "id": "https://olympusoem-dev-cp.corp.apple.com:10443/odata/v2/PalletService/DistinctVendor('00050603P')",
                    "uri": "https://olympusoem-dev-cp.corp.apple.com:10443/odata/v2/PalletService/DistinctVendor('00050603P')",
                    "type": "PalletService.DistinctVendor"
                },
                "Vendor": "00050603P"
            },
            {
                "__metadata": {
                    "id": "https://olympusoem-dev-cp.corp.apple.com:10443/odata/v2/PalletService/DistinctVendor('00050604P')",
                    "uri": "https://olympusoem-dev-cp.corp.apple.com:10443/odata/v2/PalletService/DistinctVendor('00050604P')",
                    "type": "PalletService.DistinctVendor"
                },
                "Vendor": "00050604P"
            },
            {
                "__metadata": {
                    "id": "https://olympusoem-dev-cp.corp.apple.com:10443/odata/v2/PalletService/DistinctVendor('00050612P')",
                    "uri": "https://olympusoem-dev-cp.corp.apple.com:10443/odata/v2/PalletService/DistinctVendor('00050612P')",
                    "type": "PalletService.DistinctVendor"
                },
                "Vendor": "00050612P"
            },
            {
                "__metadata": {
                    "id": "https://olympusoem-dev-cp.corp.apple.com:10443/odata/v2/PalletService/DistinctVendor('00050613P')",
                    "uri": "https://olympusoem-dev-cp.corp.apple.com:10443/odata/v2/PalletService/DistinctVendor('00050613P')",
                    "type": "PalletService.DistinctVendor"
                },
                "Vendor": "00050613P"
            },
            {
                "__metadata": {
                    "id": "https://olympusoem-dev-cp.corp.apple.com:10443/odata/v2/PalletService/DistinctVendor('00050615P')",
                    "uri": "https://olympusoem-dev-cp.corp.apple.com:10443/odata/v2/PalletService/DistinctVendor('00050615P')",
                    "type": "PalletService.DistinctVendor"
                },
                "Vendor": "00050615P"
            },
            {
                "__metadata": {
                    "id": "https://olympusoem-dev-cp.corp.apple.com:10443/odata/v2/PalletService/DistinctVendor('00050626P')",
                    "uri": "https://olympusoem-dev-cp.corp.apple.com:10443/odata/v2/PalletService/DistinctVendor('00050626P')",
                    "type": "PalletService.DistinctVendor"
                },
                "Vendor": "00050626P"
            },
            {
                "__metadata": {
                    "id": "https://olympusoem-dev-cp.corp.apple.com:10443/odata/v2/PalletService/DistinctVendor('00050631P')",
                    "uri": "https://olympusoem-dev-cp.corp.apple.com:10443/odata/v2/PalletService/DistinctVendor('00050631P')",
                    "type": "PalletService.DistinctVendor"
                },
                "Vendor": "00050631P"
            },
            {
                "__metadata": {
                    "id": "https://olympusoem-dev-cp.corp.apple.com:10443/odata/v2/PalletService/DistinctVendor('00059306P')",
                    "uri": "https://olympusoem-dev-cp.corp.apple.com:10443/odata/v2/PalletService/DistinctVendor('00059306P')",
                    "type": "PalletService.DistinctVendor"
                },
                "Vendor": "00059306P"
            },
            {
                "__metadata": {
                    "id": "https://olympusoem-dev-cp.corp.apple.com:10443/odata/v2/PalletService/DistinctVendor('00059339F')",
                    "uri": "https://olympusoem-dev-cp.corp.apple.com:10443/odata/v2/PalletService/DistinctVendor('00059339F')",
                    "type": "PalletService.DistinctVendor"
                },
                "Vendor": "00059339F"
            },
            {
                "__metadata": {
                    "id": "https://olympusoem-dev-cp.corp.apple.com:10443/odata/v2/PalletService/DistinctVendor('00061202P')",
                    "uri": "https://olympusoem-dev-cp.corp.apple.com:10443/odata/v2/PalletService/DistinctVendor('00061202P')",
                    "type": "PalletService.DistinctVendor"
                },
                "Vendor": "00061202P"
            },
            {
                "__metadata": {
                    "id": "https://olympusoem-dev-cp.corp.apple.com:10443/odata/v2/PalletService/DistinctVendor('00061205P')",
                    "uri": "https://olympusoem-dev-cp.corp.apple.com:10443/odata/v2/PalletService/DistinctVendor('00061205P')",
                    "type": "PalletService.DistinctVendor"
                },
                "Vendor": "00061205P"
            },
            {
                "__metadata": {
                    "id": "https://olympusoem-dev-cp.corp.apple.com:10443/odata/v2/PalletService/DistinctVendor('00063501P')",
                    "uri": "https://olympusoem-dev-cp.corp.apple.com:10443/odata/v2/PalletService/DistinctVendor('00063501P')",
                    "type": "PalletService.DistinctVendor"
                },
                "Vendor": "00063501P"
            },
            {
                "__metadata": {
                    "id": "https://olympusoem-dev-cp.corp.apple.com:10443/odata/v2/PalletService/DistinctVendor('00069534P')",
                    "uri": "https://olympusoem-dev-cp.corp.apple.com:10443/odata/v2/PalletService/DistinctVendor('00069534P')",
                    "type": "PalletService.DistinctVendor"
                },
                "Vendor": "00069534P"
            },
            {
                "__metadata": {
                    "id": "https://olympusoem-dev-cp.corp.apple.com:10443/odata/v2/PalletService/DistinctVendor('00069561P')",
                    "uri": "https://olympusoem-dev-cp.corp.apple.com:10443/odata/v2/PalletService/DistinctVendor('00069561P')",
                    "type": "PalletService.DistinctVendor"
                },
                "Vendor": "00069561P"
            },
            {
                "__metadata": {
                    "id": "https://olympusoem-dev-cp.corp.apple.com:10443/odata/v2/PalletService/DistinctVendor('00071614P')",
                    "uri": "https://olympusoem-dev-cp.corp.apple.com:10443/odata/v2/PalletService/DistinctVendor('00071614P')",
                    "type": "PalletService.DistinctVendor"
                },
                "Vendor": "00071614P"
            },
            {
                "__metadata": {
                    "id": "https://olympusoem-dev-cp.corp.apple.com:10443/odata/v2/PalletService/DistinctVendor('00073024P')",
                    "uri": "https://olympusoem-dev-cp.corp.apple.com:10443/odata/v2/PalletService/DistinctVendor('00073024P')",
                    "type": "PalletService.DistinctVendor"
                },
                "Vendor": "00073024P"
            },
            {
                "__metadata": {
                    "id": "https://olympusoem-dev-cp.corp.apple.com:10443/odata/v2/PalletService/DistinctVendor('00074414P')",
                    "uri": "https://olympusoem-dev-cp.corp.apple.com:10443/odata/v2/PalletService/DistinctVendor('00074414P')",
                    "type": "PalletService.DistinctVendor"
                },
                "Vendor": "00074414P"
            },
            {
                "__metadata": {
                    "id": "https://olympusoem-dev-cp.corp.apple.com:10443/odata/v2/PalletService/DistinctVendor('00075627P')",
                    "uri": "https://olympusoem-dev-cp.corp.apple.com:10443/odata/v2/PalletService/DistinctVendor('00075627P')",
                    "type": "PalletService.DistinctVendor"
                },
                "Vendor": "00075627P"
            },
            {
                "__metadata": {
                    "id": "https://olympusoem-dev-cp.corp.apple.com:10443/odata/v2/PalletService/DistinctVendor('00075971P')",
                    "uri": "https://olympusoem-dev-cp.corp.apple.com:10443/odata/v2/PalletService/DistinctVendor('00075971P')",
                    "type": "PalletService.DistinctVendor"
                },
                "Vendor": "00075971P"
            },
            {
                "__metadata": {
                    "id": "https://olympusoem-dev-cp.corp.apple.com:10443/odata/v2/PalletService/DistinctVendor('00084162P')",
                    "uri": "https://olympusoem-dev-cp.corp.apple.com:10443/odata/v2/PalletService/DistinctVendor('00084162P')",
                    "type": "PalletService.DistinctVendor"
                },
                "Vendor": "00084162P"
            },
            {
                "__metadata": {
                    "id": "https://olympusoem-dev-cp.corp.apple.com:10443/odata/v2/PalletService/DistinctVendor('00084700A')",
                    "uri": "https://olympusoem-dev-cp.corp.apple.com:10443/odata/v2/PalletService/DistinctVendor('00084700A')",
                    "type": "PalletService.DistinctVendor"
                },
                "Vendor": "00084700A"
            },
            {
                "__metadata": {
                    "id": "https://olympusoem-dev-cp.corp.apple.com:10443/odata/v2/PalletService/DistinctVendor('0009000034')",
                    "uri": "https://olympusoem-dev-cp.corp.apple.com:10443/odata/v2/PalletService/DistinctVendor('0009000034')",
                    "type": "PalletService.DistinctVendor"
                },
                "Vendor": "0009000034"
            },
            {
                "__metadata": {
                    "id": "https://olympusoem-dev-cp.corp.apple.com:10443/odata/v2/PalletService/DistinctVendor('00095402P')",
                    "uri": "https://olympusoem-dev-cp.corp.apple.com:10443/odata/v2/PalletService/DistinctVendor('00095402P')",
                    "type": "PalletService.DistinctVendor"
                },
                "Vendor": "00095402P"
            },
            {
                "__metadata": {
                    "id": "https://olympusoem-dev-cp.corp.apple.com:10443/odata/v2/PalletService/DistinctVendor('00104804P')",
                    "uri": "https://olympusoem-dev-cp.corp.apple.com:10443/odata/v2/PalletService/DistinctVendor('00104804P')",
                    "type": "PalletService.DistinctVendor"
                },
                "Vendor": "00104804P"
            },
            {
                "__metadata": {
                    "id": "https://olympusoem-dev-cp.corp.apple.com:10443/odata/v2/PalletService/DistinctVendor('00104805P')",
                    "uri": "https://olympusoem-dev-cp.corp.apple.com:10443/odata/v2/PalletService/DistinctVendor('00104805P')",
                    "type": "PalletService.DistinctVendor"
                },
                "Vendor": "00104805P"
            },
            {
                "__metadata": {
                    "id": "https://olympusoem-dev-cp.corp.apple.com:10443/odata/v2/PalletService/DistinctVendor('00104806P')",
                    "uri": "https://olympusoem-dev-cp.corp.apple.com:10443/odata/v2/PalletService/DistinctVendor('00104806P')",
                    "type": "PalletService.DistinctVendor"
                },
                "Vendor": "00104806P"
            }
        ]
    }
}