{
    "d": {
        "results": [
            {
                "__metadata": {
                    "id": "https://olympusoem-dev-cp.corp.apple.com:10443/odata/v2/PalletService/GenerateLabel(Material='MD058TA%2FA',Plant='6401')",
                    "uri": "https://olympusoem-dev-cp.corp.apple.com:10443/odata/v2/PalletService/GenerateLabel(Material='MD058TA%2FA',Plant='6401')",
                    "type": "PalletService.GenerateLabel"
                },
                "Material": "MD058TA/A",
                "Plant": "6401",
                "Model_Number": "A2112",
                "Config_Code": "XV7692",
                "Packing_Code": "8600020002",
                "Volume": "49.502",
                "Volume_Unit": "CIQ",
                "Weight": "10.01",
                "Weight_Unit": "LB",
                "COUNTRY_OF_ASSEMBLY": "CHINA",
                "COUNTRY_OF_ORIGIN": "CN",
                "GTIN": "901929981112",
                "Mark_For_Deletion": false
            }
        ]
    }
}