{
    "d": {
        "results": [
            {
                "__metadata": {
                    "id": "https://olympusoem-dev-cp.corp.apple.com:10443/odata/v2/PalletService/PalletGs1label(Creation_Date='20220208',PO_Number='4300308293',Item_Number='00010',Description='IPOD%20TOUCH%2032G%20%284TH%20GEN%29%20WHITE-TWN',Schedule_Line_Number='0001',Order_Quantity=200.000M,Open_Quantity=200,Material='MD058TA%2FA',Plant='6401',Quantity_Input=0.000M,Vendor='0002959VP',Print_Status='PARTIALLY_PRINTED')",
                    "uri": "https://olympusoem-dev-cp.corp.apple.com:10443/odata/v2/PalletService/PalletGs1label(Creation_Date='20220208',PO_Number='4300308293',Item_Number='00010',Description='IPOD%20TOUCH%2032G%20%284TH%20GEN%29%20WHITE-TWN',Schedule_Line_Number='0001',Order_Quantity=200.000M,Open_Quantity=200,Material='MD058TA%2FA',Plant='6401',Quantity_Input=0.000M,Vendor='0002959VP',Print_Status='PARTIALLY_PRINTED')",
                    "type": "PalletService.PalletGs1label"
                },
                "Creation_Date": "20220208",
                "PO_Number": "4300308293",
                "Item_Number": "00010",
                "Description": "IPOD TOUCH 32G (4TH GEN) WHITE-TWN",
                "Schedule_Line_Number": "0001",
                "Order_Quantity": "200.000",
                "Open_Quantity": 200,
                "Material": "MD058TA/A",
                "Plant": "6401",
                "Quantity_Input": "0.000",
                "Vendor": "0002959VP",
                "Print_Status": "PARTIALLY_PRINTED"
            }
        ]
    }
}