{
    "d": {
        "results": [
            {
                "__metadata": {
                    "id": "http://epweb-dev.corp.apple.com/sap/opu/odata/sap/ZOD_DAT_RCA_BY_PROFILE_SRV/PORRegionSet('AMR')",
                    "uri": "http://epweb-dev.corp.apple.com/sap/opu/odata/sap/ZOD_DAT_RCA_BY_PROFILE_SRV/PORRegionSet('AMR')",
                    "type": "ZOD_DAT_RCA_BY_PROFILE_SRV.PORRegion"
                },
                "Region": "AMR"
            },
            {
                "__metadata": {
                    "id": "http://epweb-dev.corp.apple.com/sap/opu/odata/sap/ZOD_DAT_RCA_BY_PROFILE_SRV/PORRegionSet('APAC')",
                    "uri": "http://epweb-dev.corp.apple.com/sap/opu/odata/sap/ZOD_DAT_RCA_BY_PROFILE_SRV/PORRegionSet('APAC')",
                    "type": "ZOD_DAT_RCA_BY_PROFILE_SRV.PORRegion"
                },
                "Region": "APAC"
            },
            {
                "__metadata": {
                    "id": "http://epweb-dev.corp.apple.com/sap/opu/odata/sap/ZOD_DAT_RCA_BY_PROFILE_SRV/PORRegionSet('EMEA_PPN')",
                    "uri": "http://epweb-dev.corp.apple.com/sap/opu/odata/sap/ZOD_DAT_RCA_BY_PROFILE_SRV/PORRegionSet('EMEA_PPN')",
                    "type": "ZOD_DAT_RCA_BY_PROFILE_SRV.PORRegion"
                },
                "Region": "EMEA_PPN"
            },
            {
                "__metadata": {
                    "id": "http://epweb-dev.corp.apple.com/sap/opu/odata/sap/ZOD_DAT_RCA_BY_PROFILE_SRV/PORRegionSet('EMEA_MPN')",
                    "uri": "http://epweb-dev.corp.apple.com/sap/opu/odata/sap/ZOD_DAT_RCA_BY_PROFILE_SRV/PORRegionSet('EMEA_MPN')",
                    "type": "ZOD_DAT_RCA_BY_PROFILE_SRV.PORRegion"
                },
                "Region": "EMEA_MPN"
            }
        ]
    }
}