[
  {
    "ReferenceNumber": "NOCCAC_214_1",
    "FileName": "1000_123_1",
    "UploadedDate": "2021-07-01",
    "UpoadedTime": "2021-07-01",
    "Status": "Success",
    "Icon":"Warning"
    
   
  },
  {
    "ReferenceNumber":"NOCCAC_214_2",
    "FileName": "1000_123_2",
    "UploadedDate": "2021-06-01",
    "UpoadedTime": "2021-04-01",
    "Status":"Success",
 "Icon":"Success"
  
  },
  {
    "ReferenceNumber": "NOCCAC_214_3",
    "FileName": "1000_123_3",
    "UploadedDate": "2021-07-01",
    "UpoadedTime": "2021-07-01",
    "Status":"Success",
 "Icon":"Success"
  
  },
  {
    "ReferenceNumber": "NOCCAC_214_4",
    "FileName": "1000_123_5",
    "UploadedDate": "2021-07-01",
    "UpoadedTime": "2021-07-01",
    "Status": "Error",
   "Icon":"Success"
   
  }
 
]