<edmx:Edmx xmlns:edmx="http://schemas.microsoft.com/ado/2007/06/edmx"
	xmlns:m="http://schemas.microsoft.com/ado/2007/08/dataservices/metadata" xmlns:sap="http://www.sap.com/Protocols/SAPData" Version="1.0">
	<edmx:DataServices m:DataServiceVersion="2.0">
		<Schema xmlns="http://schemas.microsoft.com/ado/2008/09/edm" Namespace="ZTEST_DAT_WAVE_SRV" xml:lang="en" sap:schema-version="1"><Annotation xmlns="http://docs.oasis-open.org/odata/ns/edm" Term="Core.SchemaVersion" String="1.0.0"/>
			<EntityType Name="DatTab" sap:content-version="1">
				<Key><PropertyRef Name="GENERATED_ID"/></Key><Property Name="Mpn" Type="Edm.String" Nullable="false" sap:unicode="false" sap:creatable="false" sap:updatable="false" sap:sortable="false"/><Property Name="SalesOrg" Type="Edm.String" Nullable="false" sap:unicode="false" sap:creatable="false" sap:updatable="false"
					sap:sortable="false"/><Property Name="DistChannel" Type="Edm.String" Nullable="false" sap:unicode="false" sap:creatable="false" sap:updatable="false"
					sap:sortable="false"/><Property Name="SoldTo" Type="Edm.String" Nullable="false" sap:unicode="false" sap:creatable="false" sap:updatable="false"
					sap:sortable="false" sap:filterable="false"/><Property Name="ShipTo" Type="Edm.String" Nullable="false" sap:unicode="false" sap:creatable="false" sap:updatable="false"
					sap:sortable="false" sap:filterable="false"/><Property Name="SatAlloc" Type="Edm.Int16" Nullable="false" sap:unicode="false" sap:label="Signed INT2 / int16" sap:creatable="false"
					sap:updatable="false" sap:sortable="false" sap:filterable="false"/><Property Name="GATPAlloc" Type="Edm.Int16" Nullable="false" sap:unicode="false" sap:label="Signed INT2 / int16" sap:creatable="false"
					sap:updatable="false" sap:sortable="false" sap:filterable="false"/><Property Name="DATAlloc" Type="Edm.Int16" Nullable="false" sap:unicode="false" sap:label="Signed INT2 / int16" sap:creatable="false"
					sap:updatable="false" sap:sortable="false" sap:filterable="false"/><Property Name="GATPRel" Type="Edm.Int16" Nullable="false" sap:unicode="false" sap:label="Signed INT2 / int16" sap:creatable="false"
					sap:updatable="false" sap:sortable="false" sap:filterable="false"/><Property Name="LeftRel" Type="Edm.Int16" Nullable="false" sap:unicode="false" sap:label="Signed INT2 / int16" sap:creatable="false"
					sap:updatable="false" sap:sortable="false" sap:filterable="false"/><Property Name="Cons" Type="Edm.Int16" Nullable="false" sap:unicode="false" sap:label="Signed INT2 / int16" sap:creatable="false"
					sap:updatable="false" sap:sortable="false" sap:filterable="false"/><Property Name="OpenCSL" Type="Edm.Int16" Nullable="false" sap:unicode="false" sap:label="Signed INT2 / int16" sap:creatable="false"
					sap:updatable="false" sap:sortable="false" sap:filterable="false"/><Property Name="ShipPlan" Type="Edm.Int16" Nullable="false" sap:unicode="false" sap:label="Signed INT2 / int16" sap:creatable="false"
					sap:updatable="false" sap:sortable="false" sap:filterable="false"/><Property Name="ShipPlanCW1" Type="Edm.Int16" Nullable="false" sap:unicode="false" sap:label="Signed INT2 / int16" sap:creatable="false"
					sap:updatable="false" sap:sortable="false" sap:filterable="false"/><Property Name="ShipPlanCW2" Type="Edm.Int16" Nullable="false" sap:unicode="false" sap:label="Signed INT2 / int16" sap:creatable="false"
					sap:updatable="false" sap:sortable="false" sap:filterable="false"/><Property Name="ShipPlanCW3" Type="Edm.Int16" Nullable="false" sap:unicode="false" sap:label="Signed INT2 / int16" sap:creatable="false"
					sap:updatable="false" sap:sortable="false" sap:filterable="false"/><Property Name="GENERATED_ID" Type="Edm.String" Nullable="false" sap:unicode="false" sap:creatable="false" sap:updatable="false"
					sap:sortable="false" sap:filterable="false"/></EntityType>
			<EntityContainer Name="ZTEST_DAT_WAVE_SRV_Entities" m:IsDefaultEntityContainer="true" sap:supported-formats="atom json xlsx"><EntitySet Name="DatTabSet" EntityType="ZTEST_DAT_WAVE_SRV.DatTab" sap:creatable="false" sap:updatable="false" sap:deletable="false"
				sap:pageable="false" sap:addressable="false" sap:content-version="1"/></EntityContainer><atom:link xmlns:atom="http://www.w3.org/2005/Atom" rel="self" href="./sap/ZTEST_DAT_WAVE_SRV/$metadata"/><atom:link xmlns:atom="http://www.w3.org/2005/Atom" rel="latest-version" href="./sap/ZTEST_DAT_WAVE_SRV/$metadata"/></Schema>
	</edmx:DataServices>
</edmx:Edmx>