{
    "xsappname": "acitc_ui",
    "tenant-mode": "dedicated",
    "description": "Security profile of called application",
    "scopes": [
        {
            "name": "$XSAPPNAME.Reports",
            "description": "AC ITC Reports"
        },
        {
            "name": "$XSAPPNAME.ACITCUser",
            "description": "AC ITC User"
        }
    ],
    "attributes": [
          {
              "name": "UserType",
              "description": "UserType",
              "valueType": "string"
          }
      ],
    "role-templates": [
        {
            "name": "AC_ITC_USER",
            "description": "AC ITC User",
            "scope-references": [
                "$XSAPPNAME.ACITCUser"
            ],
            "attribute-references": [
              "UserType"
            ]
        },
        {
            "name": "AC_ITC_REPORTS",
            "description": "AC ITC Reports User",
            "scope-references": [
                "$XSAPPNAME.Reports"
            ],
            "attribute-references": [
              "UserType"
            ]
        }
    ],
    "oauth2-configuration": {
        "redirect-uris": [
            "https://acitc-dev-cp.corp.apple.com/**",
            "https://acitc-it-cp.corp.apple.com/**",
            "https://acitc-uat-cp.corp.apple.com/**",
            "https://acitc-cp.corp.apple.com/**"
        ],
        "allowedproviders": [
            "corp-apps"
        ]
    }
}
