{
    "DisplayMode": true,
    "editSaveTrigger": false,
    "createAccess": false,
    "editAccess": false,
    "displayAccess": false,
    "SelectedTabConfig": {
        "keyCV": {
            "ServiceEntitySet": "ConfigValues",
            "i18nHeaderProperty": "cvHeader",
            "FilterID": "container-com.apple.scp.shipmentmaint---ShippingMaintenance--cvFragment--idsmartFilterBar",
            "TableID": "container-com.apple.scp.shipmentmaint---ShippingMaintenance--cvFragment--idsmartTable"
        },
        "keyNR": {
            "ServiceEntitySet": "NumberRanges",
            "i18nHeaderProperty": "nrHeader",
            "FilterID": "container-com.apple.scp.shipmentmaint---ShippingMaintenance--nrFragment--idsmartFilterBar",
            "TableID": "container-com.apple.scp.shipmentmaint---ShippingMaintenance--nrFragment--idsmartTable"
        }
    },

    "createFragment":{
        "keyCV":[
            {
                "ServiceEntitySet": "ConfigValues",
                "i18Var" : "lblName"
            },
            {
                "ServiceEntitySet": "ConfigValues",
                "i18Var" : "lblValue"
            }
        ],
        "keyNR":[
            {
                "ServiceEntitySet": "NumberRanges",
                "i18Var" : "lblName"
            },
            {
                "ServiceEntitySet": "NumberRanges",
                "i18Var" : "lblVendor"
            },
            {
                "ServiceEntitySet": "NumberRanges",
                "i18Var" : "lblStartNum"
            },
            {
                "ServiceEntitySet": "NumberRanges",
                "i18Var" : "lblMaxNum"
            },
            {
                "ServiceEntitySet": "NumberRanges",
                "i18Var" : "lblCurrNum"
            }
        ]
    }
}