{
    "authenticationMethod": "route",
    "routes": [
        {
            "source": "/DisplayService/(.*)",
            "destination": "srv-api",
            "csrfProtection": false,
            "authenticationType": "xsuaa"
        },
        {
            "source": "^/user-api(.*)",
            "target": "$1",
            "service": "sap-approuter-userapi"
        },
        {
            "source": "/(.*)",
            "localDir": ".",
            "authenticationType": "xsuaa"
        }
    ]
}