<core:FragmentDefinition xmlns="sap.m"
    xmlns:core="sap.ui.core"
    xmlns:forms="sap.ui.layout.form">
    <Dialog id="labelCreationFragId" title="{i18n>palleteLabelFragTitle}" class="sapUiSizeCompact" contentWidth="70rem">
        <customHeader>
            <Bar>
                <contentLeft>
                    <Text text="{i18n>palleteLabelFragTitle}" class="zFragHeader-Cls"/>
                </contentLeft>
                <contentMiddle>
                </contentMiddle>
                <contentRight>
                    <Button icon="sap-icon://decline" press="closeFragmentLabelGen" tooltip="{i18n>button.Close}"/>
                </contentRight>
            </Bar>
        </customHeader>
        <content>
            <Wizard id="labelWizard" class="sapUiResponsivePadding--header sapUiResponsivePadding--content zWizard-Cls" complete="wizardCompletedHandler" showNextButton="false" renderMode="Page">
                <WizardStep id="labelDataInputStep" title="{i18n>wizardBarCodeGen}" validated="true">
                    <FlexBox>
                        <forms:SimpleForm class="sapUxAPObjectPageSubSectionAlignContent zHiddenForm-Cls" layout="ColumnLayout" columnsM="1" columnsL="1" columnsXL="1">
                            <core:Title text="" />
                            <Label text="{i18n>frag.CSASC}" class="sapUiTinyMarginTop"/>
                            <Input value="{CarrierModel>/CARRIER_SCAC}"></Input>
                            <Label text="{i18n>frag.DEPCODE}" class="sapUiTinyMarginTop"/>
                            <ComboBox selectedKey="{CarrierModel>/DEP_AP_CODE}" items="{
                                                path: 'DepArrCode>/'
                                            }">
                                <core:Item key="{DepArrCode>code}" text="{DepArrCode>code}" />
                            </ComboBox>
                            <Label text="{i18n>frag.DESCODE}" class="sapUiTinyMarginTop"/>
                            <ComboBox selectedKey="{CarrierModel>/DEST_AP_CODE}" items="{
                                                path: 'DepArrCode>/'
                                            }">
                                <core:Item key="{DepArrCode>code}" text="{DepArrCode>code}" />
                            </ComboBox>
                            <Label text="{i18n>frag.SHIPDATE}" class="sapUiTinyMarginTop"/>
                            <DatePicker value="{CarrierModel>/SHIP_DATE}" valueFormat="MM-dd-yyyy"/>
                            <Label text="{i18n>frag.HAWBNO}" class="sapUiTinyMarginTop"/>
                            <Input value="{CarrierModel>/HAWB_NUMBER}"></Input>
                            <Label text="{i18n>frag.SHIPID}" class="sapUiTinyMarginTop"/>
                            <Input value="{CarrierModel>/SHIP_ID}"></Input>
                            <Label text="{i18n>frag.PO}" class="sapUiTinyMarginTop"/>
                            <Input value="{CarrierModel>/PO_NUMBER}" enabled="false"></Input>
                            <Label text="{i18n>frag.SSCC18}" class="sapUiTinyMarginTop"/>
                            <Input value="{CarrierModel>/SSCC128}" maxLength="18" change="validateCarSSCC18Quantity"></Input>
                            <Label text="{i18n>frag.CCOUNT}" class="sapUiTinyMarginTop"/>
                            <Input value="{CarrierModel>/CARTON_COUNT}" liveChange="typeNumIntegerOnly" maxLength="4"></Input>
                        </forms:SimpleForm>
                        <VBox>
                            <FlexBox>
                                <VBox>
                                    <Label text="{i18n>frag.SHITPTOADD}" class="sapUiTinyMargin"/>
                                </VBox>
                                <VBox class="zBorder">
                                    <Label text="{shipAddModel>/results/0/Name1}" class="sapUiTinyMarginBegin sapUiTinyMarginTop"/>
                                    <Label text="{shipAddModel>/results/0/Name2}" class="sapUiTinyMarginBegin sapUiTinyMarginTop"/>
                                    <Label text="{shipAddModel>/results/0/Street_House_NO}" class="sapUiTinyMarginBegin sapUiTinyMarginTop"/>
                                    <Label text="{shipAddModel>/results/0/City}, {shipAddModel>/results/0/Postal_Code}" class="sapUiTinyMarginBegin sapUiTinyMarginTop"/>
                                    <Label text="{shipAddModel>/results/0/Region}, {shipAddModel>/results/0/Country}" class="sapUiTinyMarginBegin sapUiTinyMarginTop"/>
                                    <Label text="{i18n>frag.PHONE}{shipAddModel>/results/0/Telephone}" class="sapUiTinyMarginBegin sapUiTinyMarginTop"/>
                                </VBox>
                            </FlexBox>
                            <FlexBox class="sapUiSmallMarginTop">
                                <VBox>
                                    <Label text="{i18n>frag.RETADD}" class="sapUiTinyMargin"/>
                                </VBox>
                                <VBox class="zBorder">
                                    <Label text="{returnAddModel>/results/0/Name1}" class="sapUiTinyMarginBegin sapUiTinyMarginTop"/>
                                    <Label text="{returnAddModel>/results/0/Name2}" class="sapUiTinyMarginBegin sapUiTinyMarginTop"/>
                                    <Label text="{returnAddModel>/results/0/Street_House_NO}" class="sapUiTinyMarginBegin sapUiTinyMarginTop"/>
                                    <Label text="{returnAddModel>/results/0/City}, {returnAddModel>/results/0/Postal_Code}" class="sapUiTinyMarginBegin sapUiTinyMarginTop"/>
                                    <Label text="{returnAddModel>/results/0/Region}, {returnAddModel>/results/0/Country}" class="sapUiTinyMarginBegin sapUiTinyMarginTop"/>
                                    <Label text="{i18n>frag.PHONE}{returnAddModel>/results/0/Telephone}" class="sapUiTinyMarginBegin sapUiTinyMarginTop"/>
                                </VBox>
                            </FlexBox>
                        </VBox>
                    </FlexBox>

                </WizardStep>
                <WizardStep id="ProductInfoStep" validated="false" title="{i18n>wizardPrintLabel}" activate="additionalInfoValidation">
                    <FlexBox justifyContent="Center">
                        <items>
                            <FlexBox class="zFlex-cls">
                                <PDFViewer source="{pdfModel>/data}" title="{/Title}" height="425px" showDownloadButton="true">
                                    <layoutData>
                                        <FlexItemData growFactor="1" />
                                    </layoutData>
                                </PDFViewer>
                            </FlexBox>
                        </items>
                    </FlexBox>
                </WizardStep>
            </Wizard>
        </content>
        <buttons>
            <Button id="glCancel" text="{i18n>button.Cancel}" press="closeFragmentLabelGen" class="zclearButton" visible="{wizardVisibilityModel>/stepVisibility}"/>
            <Button id="glNext" text="{i18n>button.Next}" press="onDialogNextButton" class="zsearchButton" type="Emphasized" visible="{wizardVisibilityModel>/stepVisibility}"/>
            <Button id="glBack" text="{i18n>button.Back}" press="onDialogBackButton" class="zclearButton" visible="{= !${wizardVisibilityModel>/stepVisibility}}"/>
            <Button id="glSaveToPDF" text="{i18n>button.SaveToPDF}" press="savePDFData" class="zsearchButton" type="Emphasized" visible="{= !${wizardVisibilityModel>/stepVisibility}}"/>
        </buttons>
    </Dialog>
</core:FragmentDefinition>