<core:FragmentDefinition xmlns="sap.m" xmlns:core="sap.ui.core" xmlns:l="sap.ui.layout">
	<Dialog contentWidth="720px" contentHeight="auto" class="sapUiSizeCompact" title="{i18n>addNewConfValeDlgTtl}">
    <beginButton>
			<Button text="{i18n>ftrBtnSave}" press="onNewConfigValSave" class="sapUiTinyMarginEnd zsearchButton zSapPrimBtn"></Button>
		</beginButton>
        <endButton>
			<Button text="{i18n>ftrBtnCancel}" press="onNewConfigValCancel" class="sapUiTinyMarginEnd zclearButton zSapSecBtn"></Button>
		</endButton>
    <Table sticky="HeaderToolbar,ColumnHeaders" items="{oAdminModel>/aNewConfigVals}"  showNoData="true">
				<columns >
					<Column minScreenWidth="Tablet" demandPopin="true" hAlign="Center">
						<Label text="{i18n>lblName}" wrapping="true" design="Bold" class="tabLabel"/>
					</Column>
					<Column minScreenWidth="Tablet" demandPopin="true" hAlign="Center">
						<Label text="{i18n>lblVal}" wrapping="true" design="Bold" class="tabLabel"/>
					</Column>
				</columns>
				<items>
					<ColumnListItem>
						<cells>
							<Input value="{oAdminModel>Name}"></Input>
							<Input value="{oAdminModel>Value}"/>
						</cells>
					</ColumnListItem>
				</items>
			</Table>
    	</Dialog>
</core:FragmentDefinition>