<core:FragmentDefinition xmlns="sap.m" xmlns:core="sap.ui.core" xmlns:l="sap.ui.layout">
	<Dialog contentWidth="720px" contentHeight="auto" class="sapUiSizeCompact" title="{i18n>addNumRangeDlgTtl}">
    <beginButton>
			<Button text="{i18n>ftrBtnSave}" press="onNewNumRangeSave" class="sapUiTinyMarginEnd zsearchButton zSapPrimBtn"/>
		</beginButton>
        <endButton>
			<Button text="{i18n>ftrBtnCancel}" press="onNewNumRangeCancel" class="sapUiTinyMarginEnd zclearButton zSapSecBtn"/>
		</endButton>
    <Table sticky="HeaderToolbar,ColumnHeaders" items="{oAdminModel>/aNewNumberRange}" showNoData="true">
 				<columns>
					<Column minScreenWidth="Tablet" demandPopin="true" hAlign="Center">
						<Label text="{i18n>plantLbl}" wrapping="true" design="Bold" class="tabLabel"/>
					</Column>
					<Column minScreenWidth="Tablet" demandPopin="true" hAlign="Center">
						<Label text="{i18n>lblType}" wrapping="true" design="Bold" class="tabLabel"/>
					</Column>
                    <Column minScreenWidth="Tablet" demandPopin="true" hAlign="Center">
						<Label text="{i18n>lblStartNum}" wrapping="true" design="Bold" class="tabLabel"/>
					</Column>
                    <Column minScreenWidth="Tablet" demandPopin="true" hAlign="Center">
						<Label text="{i18n>lblMaxNum}" wrapping="true" design="Bold" class="tabLabel"/>
					</Column>
					<Column minScreenWidth="Tablet" demandPopin="true" hAlign="Center">
						<Label text="{i18n>lblCurrNum}" wrapping="true" design="Bold" class="tabLabel"/>
					</Column>
				</columns>
				<items>
					<ColumnListItem>
						<cells>
							<Input value="{oAdminModel>Plant}"/>
                            <Select id="idNumberRangeTypes" forceSelection="true" items="{path: 'oGlobalModel>/aNumberRangesTypes'}" selectedKey="{oGlobalModel>/sNumberRangeType}"
                            change="onEntitySetChange">
                            <core:Item key="{oGlobalModel>type}" text="{oGlobalModel>type}" />
							</Select>        
                            <Input value="{oAdminModel>StartingNumber}"/>
                            <Input value="{oAdminModel>MaxNumber}"/>
							<Input value="{oAdminModel>CurrentNumber}"/>
						</cells>
					</ColumnListItem>
				</items>
			</Table>
    	</Dialog>
</core:FragmentDefinition>