<core:FragmentDefinition xmlns="sap.m" xmlns:core="sap.ui.core" xmlns:l="sap.ui.layout">
	<Dialog contentWidth="720px" contentHeight="auto" class="sapUiSizeCompact" title="Update Configuration Value(s)">
    <beginButton>
			<Button text="{i18n>ftrBtnSave}" press="onConfigValsUpdate" class="sapUiTinyMarginEnd zsearchButton zSapPrimBtn"></Button>
		</beginButton>
        <endButton>
			<Button text="{i18n>ftrBtnCancel}" press="onConfigValsUpdateCancel" class="sapUiTinyMarginEnd zclearButton zSapSecBtn"></Button>
		</endButton>
    <Table sticky="ColumnHeaders" items="{oAdminModel>/aUpdateConfigVals}"  showNoData="true">
                
				<columns >
					<Column minScreenWidth="Tablet" demandPopin="true" hAlign="Center">
						<Label text="{i18n>lblName}" wrapping="true" design="Bold" class="tabLabel"/>
					</Column>
					<Column minScreenWidth="Tablet" demandPopin="true" hAlign="Center">
						<Label text="{i18n>lblVal}" wrapping="true" design="Bold" class="tabLabel"/>
					</Column>
                    
				</columns>
				<items>
					<ColumnListItem>
						<cells>
							<Input value="{oAdminModel>Name}" editable="false"></Input>
							<Input value="{oAdminModel>Value}"/>
                            
						</cells>
					</ColumnListItem>
				</items>
			</Table>
    	</Dialog>
</core:FragmentDefinition>