<core:FragmentDefinition xmlns="sap.m" xmlns:core="sap.ui.core" xmlns:l="sap.ui.layout">
	<Dialog contentWidth="720px" contentHeight="auto" class="sapUiSizeCompact" title="Update Number Range(s)">
    <beginButton>
			<Button text="{i18n>ftrBtnSave}" press="onNumRangeUpdate" class="sapUiTinyMarginEnd zsearchButton zSapPrimBtn"></Button>
		</beginButton>
        <endButton>
			<Button text="{i18n>ftrBtnCancel}" press="onNumRangeUpdateCancel" class="sapUiTinyMarginEnd zclearButton zSapSecBtn"></Button>
		</endButton>
    <Table sticky="ColumnHeaders" items="{oAdminModel>/aUpdateNumberRange}"  showNoData="true">
                
				<columns >
					<Column minScreenWidth="Tablet" demandPopin="true" hAlign="Center">
						<Label text="{i18n>plantLbl}" wrapping="true" design="Bold" class="tabLabel"/>
					</Column>
					<Column minScreenWidth="Tablet" demandPopin="true" hAlign="Center">
						<Label text="{i18n>lblType}" wrapping="true" design="Bold" class="tabLabel"/>
					</Column>
                    <Column minScreenWidth="Tablet" demandPopin="true" hAlign="Center">
						<Label text="{i18n>lblStartNum}" wrapping="true" design="Bold" class="tabLabel"/>
					</Column>
                    <Column minScreenWidth="Tablet" demandPopin="true" hAlign="Center">
						<Label text="{i18n>lblMaxNum}" wrapping="true" design="Bold" class="tabLabel"/>
					</Column>
					<Column minScreenWidth="Tablet" demandPopin="true" hAlign="Center">
						<Label text="{i18n>lblCurrNum}" wrapping="true" design="Bold" class="tabLabel"/>
					</Column>
				</columns>
				<items>
					<ColumnListItem>
						<cells>
							<Input value="{oAdminModel>Plant}" editable="false"></Input>
							<Input value="{oAdminModel>Type}" editable="false"/>
                            <Input value="{oAdminModel>StartingNumber}"/>
                            <Input value="{oAdminModel>MaxNumber}"/>
							<Input value="{oAdminModel>CurrentNumber}"/>
						</cells>
					</ColumnListItem>
				</items>
			</Table>
    	</Dialog>
</core:FragmentDefinition>