{
    "d": {
        "results": [
            {
                "__metadata": {
                    "id": "http://epweb-dev.corp.apple.com/sap/opu/odata/sap/ZSRV_VARIANT_DETAILS_SRV/LayoutSet('ZUI_DAT_RCA')",
                    "uri": "http://epweb-dev.corp.apple.com/sap/opu/odata/sap/ZSRV_VARIANT_DETAILS_SRV/LayoutSet('ZUI_DAT_RCA')",
                    "type": "ZSRV_VARIANT_DETAILS_SRV.Layout"
                },
                "AppName": "ZUI_DAT_RCA",
                "TableName": "AG_GRID",
                "Variant": "ProductView",
                "Default": "",
                "Global": "X"
            },
            {
                "__metadata": {
                    "id": "http://epweb-dev.corp.apple.com/sap/opu/odata/sap/ZSRV_VARIANT_DETAILS_SRV/LayoutSet('ZUI_DAT_RCA')",
                    "uri": "http://epweb-dev.corp.apple.com/sap/opu/odata/sap/ZSRV_VARIANT_DETAILS_SRV/LayoutSet('ZUI_DAT_RCA')",
                    "type": "ZSRV_VARIANT_DETAILS_SRV.Layout"
                },
                "AppName": "ZUI_DAT_RCA",
                "TableName": "AG_GRID",
                "Variant": "HideFewCols",
                "Default": "",
                "Global": "X"
            },
            {
                "__metadata": {
                    "id": "http://epweb-dev.corp.apple.com/sap/opu/odata/sap/ZSRV_VARIANT_DETAILS_SRV/LayoutSet('ZUI_DAT_RCA')",
                    "uri": "http://epweb-dev.corp.apple.com/sap/opu/odata/sap/ZSRV_VARIANT_DETAILS_SRV/LayoutSet('ZUI_DAT_RCA')",
                    "type": "ZSRV_VARIANT_DETAILS_SRV.Layout"
                },
                "AppName": "ZUI_DAT_RCA",
                "TableName": "AG_GRID",
                "Variant": "SoldtoView",
                "Default": "",
                "Global": "X"
            },
            {
                "__metadata": {
                    "id": "http://epweb-dev.corp.apple.com/sap/opu/odata/sap/ZSRV_VARIANT_DETAILS_SRV/LayoutSet('ZUI_DAT_RCA')",
                    "uri": "http://epweb-dev.corp.apple.com/sap/opu/odata/sap/ZSRV_VARIANT_DETAILS_SRV/LayoutSet('ZUI_DAT_RCA')",
                    "type": "ZSRV_VARIANT_DETAILS_SRV.Layout"
                },
                "AppName": "ZUI_DAT_RCA",
                "TableName": "AG_GRID_PROF",
                "Variant": "PinStyle",
                "Default": "",
                "Global": "X"
            },
            {
                "__metadata": {
                    "id": "http://epweb-dev.corp.apple.com/sap/opu/odata/sap/ZSRV_VARIANT_DETAILS_SRV/LayoutSet('ZUI_DAT_RCA')",
                    "uri": "http://epweb-dev.corp.apple.com/sap/opu/odata/sap/ZSRV_VARIANT_DETAILS_SRV/LayoutSet('ZUI_DAT_RCA')",
                    "type": "ZSRV_VARIANT_DETAILS_SRV.Layout"
                },
                "AppName": "ZUI_DAT_RCA",
                "TableName": "AG_GRID_PROF",
                "Variant": "Backlog1",
                "Default": "",
                "Global": "X"
            },
            {
                "__metadata": {
                    "id": "http://epweb-dev.corp.apple.com/sap/opu/odata/sap/ZSRV_VARIANT_DETAILS_SRV/LayoutSet('ZUI_DAT_RCA')",
                    "uri": "http://epweb-dev.corp.apple.com/sap/opu/odata/sap/ZSRV_VARIANT_DETAILS_SRV/LayoutSet('ZUI_DAT_RCA')",
                    "type": "ZSRV_VARIANT_DETAILS_SRV.Layout"
                },
                "AppName": "ZUI_DAT_RCA",
                "TableName": "AG_GRID_PROF",
                "Variant": "Backlog2",
                "Default": "",
                "Global": "X"
            },
            {
                "__metadata": {
                    "id": "http://epweb-dev.corp.apple.com/sap/opu/odata/sap/ZSRV_VARIANT_DETAILS_SRV/LayoutSet('ZUI_DAT_RCA')",
                    "uri": "http://epweb-dev.corp.apple.com/sap/opu/odata/sap/ZSRV_VARIANT_DETAILS_SRV/LayoutSet('ZUI_DAT_RCA')",
                    "type": "ZSRV_VARIANT_DETAILS_SRV.Layout"
                },
                "AppName": "ZUI_DAT_RCA",
                "TableName": "AG_GRID_PROF",
                "Variant": "Waves1",
                "Default": "",
                "Global": "X"
            },
            {
                "__metadata": {
                    "id": "http://epweb-dev.corp.apple.com/sap/opu/odata/sap/ZSRV_VARIANT_DETAILS_SRV/LayoutSet('ZUI_DAT_RCA')",
                    "uri": "http://epweb-dev.corp.apple.com/sap/opu/odata/sap/ZSRV_VARIANT_DETAILS_SRV/LayoutSet('ZUI_DAT_RCA')",
                    "type": "ZSRV_VARIANT_DETAILS_SRV.Layout"
                },
                "AppName": "ZUI_DAT_RCA",
                "TableName": "AG_GRID_PROF",
                "Variant": "test14",
                "Default": "",
                "Global": "X"
            },
            {
                "__metadata": {
                    "id": "http://epweb-dev.corp.apple.com/sap/opu/odata/sap/ZSRV_VARIANT_DETAILS_SRV/LayoutSet('ZUI_DAT_RCA')",
                    "uri": "http://epweb-dev.corp.apple.com/sap/opu/odata/sap/ZSRV_VARIANT_DETAILS_SRV/LayoutSet('ZUI_DAT_RCA')",
                    "type": "ZSRV_VARIANT_DETAILS_SRV.Layout"
                },
                "AppName": "ZUI_DAT_RCA",
                "TableName": "AG_GRID_PROF",
                "Variant": "test_supp22",
                "Default": "",
                "Global": "X"
            },
            {
                "__metadata": {
                    "id": "http://epweb-dev.corp.apple.com/sap/opu/odata/sap/ZSRV_VARIANT_DETAILS_SRV/LayoutSet('ZUI_DAT_RCA')",
                    "uri": "http://epweb-dev.corp.apple.com/sap/opu/odata/sap/ZSRV_VARIANT_DETAILS_SRV/LayoutSet('ZUI_DAT_RCA')",
                    "type": "ZSRV_VARIANT_DETAILS_SRV.Layout"
                },
                "AppName": "ZUI_DAT_RCA",
                "TableName": "AG_GRID_WAVE",
                "Variant": "Siva Test BW",
                "Default": "",
                "Global": "X"
            }
        ]
    }
}