<?xml version="1.0" encoding="utf-8"?>
<edmx:Edmx Version="1.0" xmlns:edmx="http://schemas.microsoft.com/ado/2007/06/edmx"
	xmlns:m="http://schemas.microsoft.com/ado/2007/08/dataservices/metadata" xmlns:sap="http://www.sap.com/Protocols/SAPData">
	<edmx:DataServices m:DataServiceVersion="2.0">
		<Schema Namespace="ZOD_LAZARUS_CVM_VALUES_SRV" xml:lang="en" sap:schema-version="1" xmlns="http://schemas.microsoft.com/ado/2008/09/edm">
			<EntityType Name="Search" sap:content-version="1">
				<Key><PropertyRef Name="Type"/></Key><Property Name="Type" Type="Edm.String" Nullable="false" sap:unicode="false" sap:label="Selection Type" sap:creatable="false"
					sap:updatable="false" sap:sortable="false" sap:filterable="false"/><Property Name="RcCode" Type="Edm.String" Nullable="false" sap:unicode="false" sap:label="RC Code" sap:creatable="false"
					sap:updatable="false" sap:sortable="false" sap:filterable="false"/><Property Name="PartNumber" Type="Edm.String" Nullable="false" sap:unicode="false" sap:label="Part Number" sap:creatable="false"
					sap:updatable="false" sap:sortable="false" sap:filterable="false"/><Property Name="SourceCountry" Type="Edm.String" Nullable="false" sap:unicode="false" sap:label="Source Country" sap:creatable="false"
					sap:updatable="false" sap:sortable="false" sap:filterable="false"/><Property Name="DestinationCountry" Type="Edm.String" Nullable="false" sap:unicode="false" sap:label="Destination Country"
					sap:creatable="false" sap:updatable="false" sap:sortable="false" sap:filterable="false"/><Property Name="ConditionType" Type="Edm.String" Nullable="false" sap:unicode="false" sap:label="Condition Type" sap:creatable="false"
					sap:updatable="false" sap:sortable="false" sap:filterable="false"/><Property Name="BatchNumber" Type="Edm.String" Nullable="false" sap:unicode="false" sap:label="Batch Number" sap:creatable="false"
					sap:updatable="false" sap:sortable="false" sap:filterable="false"/><Property Name="FromDate" Type="Edm.String" Nullable="false" sap:unicode="false" sap:label="From Date" sap:creatable="false"
					sap:updatable="false" sap:sortable="false" sap:filterable="false"/><Property Name="ToDate" Type="Edm.String" Nullable="false" sap:unicode="false" sap:label="To Date" sap:creatable="false"
					sap:updatable="false" sap:sortable="false" sap:filterable="false"/><Property Name="MaxRows" Type="Edm.String" Nullable="false" sap:unicode="false" sap:label="Maximum Rows" sap:creatable="false"
					sap:updatable="false" sap:sortable="false" sap:filterable="false"/><NavigationProperty Name="ToCounts" Relationship="ZOD_LAZARUS_CVM_VALUES_SRV.AssociationSearchToCount"
					FromRole="FromRole_AssociationSearchToCount" ToRole="ToRole_AssociationSearchToCount"/><NavigationProperty Name="ToCVMValues" Relationship="ZOD_LAZARUS_CVM_VALUES_SRV.AssociationSearchToCVMValues"
					FromRole="FromRole_AssociationSearchToCVMValues" ToRole="ToRole_AssociationSearchToCVMValues"/></EntityType>
			<EntityType Name="CVMValues" sap:content-version="1">
				<Key><PropertyRef Name="MaterialNumber"/><PropertyRef Name="Type"/></Key><Property Name="MaterialNumber" Type="Edm.String" Nullable="false" sap:unicode="false" sap:label="Material Number" sap:creatable="false"
					sap:updatable="false" sap:sortable="false" sap:filterable="false"/><Property Name="MaterialDescription" Type="Edm.String" Nullable="false" sap:unicode="false" sap:label="Material Description"
					sap:creatable="false" sap:updatable="false" sap:sortable="false" sap:filterable="false"/><Property Name="SourceCountry" Type="Edm.String" Nullable="false" sap:unicode="false" sap:label="Source Country" sap:creatable="false"
					sap:updatable="false" sap:sortable="false" sap:filterable="false"/><Property Name="DestinationCountry" Type="Edm.String" Nullable="false" sap:unicode="false" sap:label="Destination Country"
					sap:creatable="false" sap:updatable="false" sap:sortable="false" sap:filterable="false"/><Property Name="Value" Type="Edm.String" Nullable="false" sap:unicode="false" sap:label="Value" sap:creatable="false" sap:updatable="false"
					sap:sortable="false" sap:filterable="false"/><Property Name="Currency" Type="Edm.String" Nullable="false" sap:unicode="false" sap:label="Currency" sap:creatable="false"
					sap:updatable="false" sap:sortable="false" sap:filterable="false"/><Property Name="Unit" Type="Edm.String" Nullable="false" sap:unicode="false" sap:label="Unit" sap:creatable="false" sap:updatable="false"
					sap:sortable="false" sap:filterable="false"/><Property Name="Date" Type="Edm.String" Nullable="false" sap:unicode="false" sap:label="Date" sap:creatable="false" sap:updatable="false"
					sap:sortable="false" sap:filterable="false"/><Property Name="Time" Type="Edm.String" Nullable="false" sap:unicode="false" sap:label="Time" sap:creatable="false" sap:updatable="false"
					sap:sortable="false" sap:filterable="false"/><Property Name="PriceStatus" Type="Edm.String" Nullable="false" sap:unicode="false" sap:label="Price Status" sap:creatable="false"
					sap:updatable="false" sap:sortable="false" sap:filterable="false"/><Property Name="Type" Type="Edm.String" Nullable="false" sap:unicode="false" sap:label="Selection Type" sap:creatable="false"
					sap:updatable="false" sap:sortable="false" sap:filterable="false"/></EntityType>
			<EntityType Name="Count" sap:content-version="1">
				<Key><PropertyRef Name="Type"/></Key><Property Name="Type" Type="Edm.String" Nullable="false" sap:unicode="false" sap:label="Selection Type" sap:creatable="false"
					sap:updatable="false" sap:sortable="false" sap:filterable="false"/><Property Name="CVMValuesCount" Type="Edm.String" Nullable="false" sap:unicode="false" sap:label="CVM Values Count" sap:creatable="false"
					sap:updatable="false" sap:sortable="false" sap:filterable="false"/></EntityType>
			<EntityType Name="User" sap:content-version="1">
				<Key><PropertyRef Name="UserName"/></Key><Property Name="UserName" Type="Edm.String" Nullable="false" sap:unicode="false" sap:label="User Name" sap:creatable="false"
					sap:updatable="false" sap:sortable="false" sap:filterable="false"/><Property Name="UserType" Type="Edm.String" Nullable="false" sap:unicode="false" sap:label="User Type" sap:creatable="false"
					sap:updatable="false" sap:sortable="false" sap:filterable="false"/></EntityType>
			<EntityType Name="RcCode" sap:content-version="1">
				<Key><PropertyRef Name="Key"/></Key><Property Name="Key" Type="Edm.String" Nullable="false" sap:unicode="false" sap:label="RC Code" sap:creatable="false" sap:updatable="false"
					sap:sortable="false" sap:filterable="false"/><Property Name="ShortDescription" Type="Edm.String" Nullable="false" sap:unicode="false" sap:label="Short Description" sap:creatable="false"
					sap:updatable="false" sap:sortable="false" sap:filterable="false"/></EntityType>
			<Association Name="AssociationSearchToCVMValues" sap:content-version="1"><End Type="ZOD_LAZARUS_CVM_VALUES_SRV.Search" Multiplicity="1" Role="FromRole_AssociationSearchToCVMValues"/><End Type="ZOD_LAZARUS_CVM_VALUES_SRV.CVMValues" Multiplicity="*" Role="ToRole_AssociationSearchToCVMValues"/>
				<ReferentialConstraint>
					<Principal Role="FromRole_AssociationSearchToCVMValues"><PropertyRef Name="Type"/></Principal>
					<Dependent Role="ToRole_AssociationSearchToCVMValues"><PropertyRef Name="Type"/></Dependent>
				</ReferentialConstraint>
			</Association>
			<Association Name="AssociationSearchToCount" sap:content-version="1"><End Type="ZOD_LAZARUS_CVM_VALUES_SRV.Search" Multiplicity="1" Role="FromRole_AssociationSearchToCount"/><End Type="ZOD_LAZARUS_CVM_VALUES_SRV.Count" Multiplicity="*" Role="ToRole_AssociationSearchToCount"/>
				<ReferentialConstraint>
					<Principal Role="FromRole_AssociationSearchToCount"><PropertyRef Name="Type"/></Principal>
					<Dependent Role="ToRole_AssociationSearchToCount"><PropertyRef Name="Type"/></Dependent>
				</ReferentialConstraint>
			</Association>
			<EntityContainer Name="ZOD_LAZARUS_CVM_VALUES_SRV_Entities" m:IsDefaultEntityContainer="true" sap:supported-formats="atom json xlsx"><EntitySet Name="SearchSet" EntityType="ZOD_LAZARUS_CVM_VALUES_SRV.Search" sap:creatable="false" sap:updatable="false" sap:deletable="false"
				sap:pageable="false" sap:content-version="1"/><EntitySet Name="CVMValuesSet" EntityType="ZOD_LAZARUS_CVM_VALUES_SRV.CVMValues" sap:creatable="false" sap:updatable="false"
				sap:deletable="false" sap:pageable="false" sap:content-version="1"/><EntitySet Name="CountSet" EntityType="ZOD_LAZARUS_CVM_VALUES_SRV.Count" sap:creatable="false" sap:updatable="false" sap:deletable="false"
				sap:pageable="false" sap:addressable="false" sap:content-version="1"/><EntitySet Name="UserSet" EntityType="ZOD_LAZARUS_CVM_VALUES_SRV.User" sap:creatable="false" sap:updatable="false" sap:deletable="false"
				sap:pageable="false" sap:addressable="false" sap:content-version="1"/><EntitySet Name="RcCodeSet" EntityType="ZOD_LAZARUS_CVM_VALUES_SRV.RcCode" sap:creatable="false" sap:updatable="false" sap:deletable="false"
				sap:pageable="false" sap:addressable="false" sap:content-version="1"/>
				<AssociationSet Name="AssociationSearchToCVMValuesSet" Association="ZOD_LAZARUS_CVM_VALUES_SRV.AssociationSearchToCVMValues"
					sap:creatable="false" sap:updatable="false" sap:deletable="false" sap:content-version="1"><End EntitySet="SearchSet" Role="FromRole_AssociationSearchToCVMValues"/><End EntitySet="CVMValuesSet" Role="ToRole_AssociationSearchToCVMValues"/></AssociationSet>
				<AssociationSet Name="AssociationSearchToCountSet" Association="ZOD_LAZARUS_CVM_VALUES_SRV.AssociationSearchToCount" sap:creatable="false"
					sap:updatable="false" sap:deletable="false" sap:content-version="1"><End EntitySet="SearchSet" Role="FromRole_AssociationSearchToCount"/><End EntitySet="CountSet" Role="ToRole_AssociationSearchToCount"/></AssociationSet>
			</EntityContainer><atom:link rel="self"
				href="https://webidecp-h2bvhq7pbr.dispatcher.us2.hana.ondemand.com/destinations/dv5neo/sap/opu/odata/sap/ZOD_LAZARUS_CVM_VALUES_SRV/$metadata"
				xmlns:atom="http://www.w3.org/2005/Atom"/><atom:link rel="latest-version"
				href="https://webidecp-h2bvhq7pbr.dispatcher.us2.hana.ondemand.com/destinations/dv5neo/sap/opu/odata/sap/ZOD_LAZARUS_CVM_VALUES_SRV/$metadata"
				xmlns:atom="http://www.w3.org/2005/Atom"/></Schema>
	</edmx:DataServices>
</edmx:Edmx>