<core:FragmentDefinition xmlns="sap.m" xmlns:core="sap.ui.core">
	<Dialog
       contentWidth = "400px" contentHeight = "300px">
      <customHeader height="auto">
			<Bar>
				<contentRight >
				<core:Icon
			src="sap-icon://decline"
			press="onCloseAddpart">
			<core:layoutData>
				<FlexItemData growFactor="1" />
			</core:layoutData>
		</core:Icon>
					</contentRight>
				<contentLeft>
					<Title text=" Add Part No"
						class=""/>
				</contentLeft>

			</Bar>
		</customHeader>

      <Label text = "" width = "10px"></Label>
      <Label text="Part No" labelFor="idPartNo" />
		<Input
			id="idAddPartNo"
			placeholder="Enter Part No"
			showSuggestion="false"
			showValueHelp="false"
		>
			
		</Input>
        <buttons>

      <Button id="btnDone" text="Done" press="onAddPartNo" type="Emphasized"/>
  </buttons>
   </Dialog>
</core:FragmentDefinition>