<core:FragmentDefinition xmlns="sap.m" xmlns:core="sap.ui.core" xmlns:l="sap.ui.layout" xmlns:f="sap.ui.layout.form">
<VBox>
<items>
<IconTabBar
		id="idCreatePalletSub" class="selTabIconCls itbDisableTabCls zMITPIconPadding zITBSep zIconTab bgColor pnlBg zMITBText itbBottom itbFiltersGap disabledMITB disabledMITB"
		expanded="true" stretchContentHeight="true" tabDensityMode="Compact" select="onCreatePalletSubTabSel" backgroundDesign="Translucent" selectedKey="{oGlobalModel>/palletSubTabSelKey}" expandable="false">
		<items>
			<IconTabFilter design="Horizontal" icon="sap-icon://create-form" text="{i18n>genPalIDITB}" key="genPalletId" enabled="{=${oGlobalModel>/palletSubTabSelKey} === 'genPalletId'}">
				<content>
        <VBox alignItems="Center" class="myBackgroundStyle sapUiMediumMarginTop">
                    <items>
                    <VBox class="vboxCls3 pnlBg sfpAlignment selOptCls selOptArw" justifyContent="Center">
                    <items>
    <HBox justifyContent="Center" alignItems="Center" class="sapUiTinyMarginBottom">
    <items>
    <Label text="{i18n>plantLbl}" class="sapUiSmallMarginEnd lblClas txtAlign" width="7rem"/>
				<Select forceSelection="false" selectedKey="{oGlobalModel>/sCreatePalletPlantSelKey}" items="{path: 'oGenPalletIdModel>/aCreatePalletPlant'}" 
                change="onPalletPlantChange" width="12rem" enabled="{=!${oGlobalModel>/bSubs}}">
						<core:Item key="{oGenPalletIdModel>Plant}" text="{oGenPalletIdModel>Plant}"/>
					</Select>
    </items>
    </HBox>
    <HBox justifyContent="Center" alignItems="Center" class="sapUiTinyMarginBottom">
    <items>
    <Label text="{i18n>storLocLbl}" class="sapUiSmallMarginEnd lblClas txtAlign" width="7rem"/>
				<Select forceSelection="false" selectedKey="{oGlobalModel>/sCreatePalletStorageLocSelKey}" items="{oGenPalletIdModel>/aCreatePalletStorageLocs}" 
                editable="{=${oGenPalletIdModel>/aCreatePalletStorageLocs}.length > 1}"
						change="onStorageLocChange" width="12rem">
						<core:Item key="{oGenPalletIdModel>StorageLocation}" text="{oGenPalletIdModel>StorageLocation}"/>
					</Select>
    </items>
    </HBox>
    <HBox justifyContent="Center" alignItems="Center" visible="{oGlobalModel>/bSubs}">
    <items>
    <Label text="{i18n>custLbl}" class="sapUiSmallMarginEnd lblClas txtAlign" width="7rem"/>
				<Select forceSelection="false" id="palletCust" selectedKey="{oGlobalModel>/sCreatePalletCustomerSelKey}" items="{oGenPalletIdModel>/aCreatePalletCustomer}" 
						 width="12rem" showSecondaryValues="false">
						<core:ListItem key="{oGenPalletIdModel>CustomerId}" text="{oGenPalletIdModel>CustomerId} - {oGenPalletIdModel>CustomerName}" additionalText="{oGenPalletIdModel>CustomerName}"/>
					</Select>
    </items>
    </HBox>
    </items>
    </VBox>
    </items>
    </VBox>
                </content>
			</IconTabFilter>
            <IconTabSeparator icon="sap-icon://arrow-right"/>
			<IconTabFilter design="Horizontal" icon="sap-icon://bar-code" text="{i18n>scanBoxIdITB}" key="scanPalletBoxID" enabled="{=${oGlobalModel>/palletSubTabSelKey} === 'scanPalletBoxID'}">
			<content>
            <VBox class="myBackgroundStyle">
            <Panel expanded="true" expandable="false" class="labelAlign pnlBottom pnlBg hBoxMidAln panelPaddingCls">
                    <Toolbar>
                    <ToolbarSpacer/>
                    <HBox alignItems="Center" class="zTBLbls zTBLblTxt">
                    <items>
                        <Label text="{i18n>packagingTypeLbl}" class="sapUiTinyMarginEnd"></Label>
                        <Text text="{oGlobalModel>/sPackagingKey}" class="sapUiLargeMarginEnd"></Text>
                        <Label text="{i18n>palletIdLbl}:" class="sapUiTinyMarginEnd"></Label>
                        <Text text="{oGlobalModel>/sCreatePalletId}" class="sapUiLargeMarginEnd"></Text>
                        <Label text="{i18n>plantLbl}:" class="sapUiTinyMarginEnd"></Label>
                        <Text text="{oGlobalModel>/sCreatePalletPlantSelKey}" class="sapUiLargeMarginEnd"></Text>
                        <Label text="{i18n>storLocLbl}:" class="sapUiTinyMarginEnd"></Label>
                        <Text text="{oGlobalModel>/sCreatePalletStorageLocSelKey}" class="sapUiLargeMarginEnd"></Text>
                    </items>
                    </HBox>
                    <ToolbarSpacer/>
                    </Toolbar>
                </Panel>
                <VBox alignItems="Center" justifyContent="Center">
                <items>
                <Panel width="100%" class="zpanelTableBoderCls">
                <Table showNoData="false" width="26rem" class="zTableColLblCls vhDPCls">
				<columns >
					<Column minScreenWidth="Tablet" demandPopin="true" hAlign="Left" width="2rem">
						<Label text="{i18n>palletSeqLbl}" wrapping="true" class="tabLabel"/>
					</Column>
					<Column minScreenWidth="Tablet" demandPopin="true" hAlign="Left" width="6rem">
						<Label text="{i18n>boxID}" wrapping="true" class="tabLabel"/>
					</Column>
				</columns>
			</Table>
    <ScrollContainer height="{= ${oSerialNosModel>/aCreatePalletBoxIds}.length > 10 ? '28rem' : 'auto'}" vertical="true" width="26rem">
     <Table id="createBoxIDs_Tbl" items="{oSerialNosModel>/aCreatePalletBoxIds}" sticky="ColumnHeaders" showNoData="true" width="25.2rem" class="zTableColLblCls vhDPCls" keyboardMode="Edit">
				<columns >
					<Column minScreenWidth="Tablet" demandPopin="true" hAlign="Left" width="2rem">
					</Column>
					<Column minScreenWidth="Tablet" demandPopin="true" hAlign="Left" width="6rem">
					</Column>
				</columns>
				<items>
					<ColumnListItem>
						<cells>
							<Text text="{oSerialNosModel>palletSequence}"></Text>
							<Input value="{oSerialNosModel>BoxID}"/>
						</cells>
					</ColumnListItem>
				</items>
			</Table>
            </ScrollContainer>
            </Panel>
            </items>
     </VBox>
     </VBox>
            </content>
			</IconTabFilter>
            <IconTabSeparator icon="sap-icon://arrow-right"/>
            <IconTabFilter design="Horizontal" icon="sap-icon://print" text="{i18n>validNPrintITB}" key="valdAndPrint" enabled="{=${oGlobalModel>/palletSubTabSelKey} === 'valdAndPrint'}">
			<content>
            <VBox class="myBackgroundStyle">
            <Panel expanded="true" expandable="false" class="labelAlign pnlBottom pnlBg hBoxMidAln panelPaddingCls">
                    <Toolbar>
                    <ToolbarSpacer/>
                    <HBox alignItems="Center" class="zTBLbls zTBLblTxt">
                    <items>
                        <Label text="{i18n>packagingTypeLbl}" class="sapUiTinyMarginEnd"></Label>
                        <Text text="{oGlobalModel>/sPackagingKey}" class="sapUiLargeMarginEnd"></Text>
                        <Label text="{i18n>palletIdLbl}:" class="sapUiTinyMarginEnd"></Label>
                        <Text text="{oGlobalModel>/sCreatePalletId}" class="sapUiLargeMarginEnd"></Text>
                        <Label text="{i18n>plantLbl}:" class="sapUiTinyMarginEnd"></Label>
                        <Text text="{oGlobalModel>/sCreatePalletPlantSelKey}" class="sapUiLargeMarginEnd"></Text>
                        <Label text="{i18n>storLocLbl}:" class="sapUiTinyMarginEnd"></Label>
                        <Text text="{oGlobalModel>/sCreatePalletStorageLocSelKey}" class="sapUiLargeMarginEnd"></Text>
                    </items>
                    </HBox>
                    <ToolbarSpacer/>
                    </Toolbar>
                </Panel>
                <VBox alignItems="Center" alignContent="Center" class="pnlBg">
                <items>
                <Panel width="100%" class="zpanelTableBoderCls">
                <Table showNoData="false" width="60rem" class="zTableColLblCls">
				<columns >
					<Column minScreenWidth="Tablet" demandPopin="true" hAlign="Left">
						<Label text="{i18n>palletSeqLbl}" wrapping="true" />
					</Column>
					<Column minScreenWidth="Tablet" demandPopin="true" hAlign="Left">
						<Label text="{i18n>boxID}" wrapping="true"/>
					</Column>
                    <Column minScreenWidth="Tablet" demandPopin="true" hAlign="Left" visible="{=!${oGlobalModel>/bSubs}}">
						<Label text="{i18n>acrfbpnLbl}" wrapping="true"/>
					</Column>
                    <Column minScreenWidth="Tablet" demandPopin="true" hAlign="Left" visible="{=!${oGlobalModel>/bSubs}}">
						<Label text="{i18n>fgpinLbl}" wrapping="true"/>
					</Column>
                    <Column minScreenWidth="Tablet" demandPopin="true" hAlign="Left">
						<Label text="{i18n>boxQtyLbl}" wrapping="true"/>
					</Column>
					
				</columns>
			</Table>
                <ScrollContainer height="{=${oValidAndPrintModel>/aCPValidAndPrint}.length > 10 ? '28rem' : 'auto'}" vertical="true" width="60rem">
                <Table items="{oValidAndPrintModel>/aCPValidAndPrint}" sticky="ColumnHeaders" showNoData="true" width="{=${oValidAndPrintModel>/aCPValidAndPrint}.length > 10 ? '59.2rem' : '60rem'}" class="zTableColLblCls">
				<columns >
					<Column minScreenWidth="Tablet" demandPopin="true" hAlign="Left">
					</Column>
					<Column minScreenWidth="Tablet" demandPopin="true" hAlign="Left">
					</Column>
                    <Column minScreenWidth="Tablet" demandPopin="true" hAlign="Left" visible="{=!${oGlobalModel>/bSubs}}">
					</Column>
                    <Column minScreenWidth="Tablet" demandPopin="true" hAlign="Left" visible="{=!${oGlobalModel>/bSubs}}">
					</Column>
                    <Column minScreenWidth="Tablet" demandPopin="true" hAlign="Left">
					</Column>
				</columns>
				<items>
					<ColumnListItem>
						<cells>
							<Text text="{oValidAndPrintModel>PalletSequence}"></Text>
							<Text text="{oValidAndPrintModel>BoxID_BoxID}"/>
                            <Text text="{oValidAndPrintModel>AsIsPartNumber}" visible="{=!${oGlobalModel>/bSubs}}"></Text>
							<Text text="{oValidAndPrintModel>FinishedGoodsMPN}" visible="{=!${oGlobalModel>/bSubs}}"/>
                            <Text text="{oValidAndPrintModel>Quantity}"/>
						</cells>
					</ColumnListItem>
				</items>
			</Table>
            </ScrollContainer>
            </Panel>
                </items>
     </VBox>
     </VBox>
            </content>
			</IconTabFilter>
			
		</items>
	</IconTabBar>
    </items>
</VBox>
	
</core:FragmentDefinition>