<core:FragmentDefinition
	xmlns="sap.m"
	xmlns:core="sap.ui.core">
    <Dialog contentWidth="auto" contentHeight="auto" title="{i18n>ttlDlg}">
    <beginButton>
			<Button text="{i18n>okBtn}" press="onDestSel" class="sapUiTinyMarginEnd"></Button>
		</beginButton>
        <VBox alignItems="Center">
        <items>
        
        <Select id="destDlgPallet" forceSelection="true" items="{oPalletDestModel>/aPalletDestData}" selectedKey="{oGlobalModel>/sPalletDestSelKey}" class="sapUiMediumMargin" showSecondaryValues="false">
                            <core:ListItem key="{oPalletDestModel>packTypeKey}" text="{oPalletDestModel>packTypeVal}" />
                            </Select>
                            </items>
        </VBox>
	
		
    </Dialog>
</core:FragmentDefinition>