<core:FragmentDefinition xmlns="sap.m" xmlns:core="sap.ui.core" xmlns:l="sap.ui.layout" xmlns:f="sap.ui.layout.form">
<VBox>
<items>
<IconTabBar
		id="idModifyPalletSub" class="selTabIconCls itbDisableTabCls zMITPIconPadding zITBSep zIconTab bgColor pnlBg zMITBText itbBottom itbFiltersGap disabledMITB disabledMITB"
		expanded="true" stretchContentHeight="true" tabDensityMode="Compact" backgroundDesign="Translucent" selectedKey="{oGlobalModel>/palletModSubSelKey}" expandable="false">
		<items>
			<IconTabFilter design="Horizontal" icon="sap-icon://bar-code" text="{i18n>scanPalletIdITB}" key="scanPalletId" enabled="{=${oGlobalModel>/palletModSubSelKey} === 'scanPalletId'}">
				<content>
                    
    <VBox alignItems="Center" class="myBackgroundStyle sapUiMediumMarginTop">
                    <items>
                    <VBox class="vboxCls3" justifyContent="Center">
                    <items>
    <HBox justifyContent="Center" alignItems="Center" class="vhDPCls">
    <items>
    <Label text="{i18n>palletIdLbl}" class="sapUiSmallMarginEnd lblClas"/>
				<Input value="{oGlobalModel>/sPalletIdMod}" width="12rem"/>
    </items>
    </HBox>
    </items>
    </VBox>
    </items>
    </VBox>
                </content>
			</IconTabFilter>
            <IconTabSeparator icon="sap-icon://arrow-right"/>
			<IconTabFilter design="Horizontal" icon="sap-icon://bar-code" text="{i18n>scanBoxIdITB}" key="scanPalletBoxID" enabled="{=${oGlobalModel>/palletModSubSelKey} === 'scanPalletBoxID'}">
			<content>
            <VBox class="myBackgroundStyle">
            <Panel expanded="true" expandable="false" class="labelAlign pnlBottom pnlBg hBoxMidAln panelPaddingCls">
                    <Toolbar>
                    <ToolbarSpacer/>
                    <HBox alignItems="Center" class="zTBLbls zTBLblTxt">
                    <items>
                        <Label text="{i18n>packagingTypeLbl}:" class="sapUiTinyMarginEnd"></Label>
                        <Text text="{oGlobalModel>/sPackagingKey}" class="sapUiLargeMarginEnd"></Text>
                        <Label text="{i18n>palletIdLbl}:" class="sapUiTinyMarginEnd"></Label>
                        <Text text="{oGlobalModel>/sPalletIdMod}" class="sapUiLargeMarginEnd"></Text>
                        <Label text="{i18n>plantLbl}:" class="sapUiTinyMarginEnd"></Label>
                        <Text text="{oGlobalModel>/sModPalletPlant}" class="sapUiLargeMarginEnd"></Text>
                        <Label text="{i18n>storLocLbl}:" class="sapUiTinyMarginEnd"></Label>
                        <Text text="{oGlobalModel>/sModPalletStorageLoc}" class="sapUiLargeMarginEnd"></Text>
                    </items>
                    </HBox>
                    <ToolbarSpacer/>
                    </Toolbar>
                </Panel>
                <VBox alignItems="Center">
                <items>
                <HBox>
                <Panel width="100%" class="zpanelTableBoderCls" visible="{oGlobalModel>/bPalletModEdit}">
                <Table showNoData="false"
				width="26rem"  class="zTableColLblCls" >
				<columns >
					<Column minScreenWidth="Tablet" demandPopin="true" hAlign="Left" width="4rem">
						<Label text="{i18n>palletSeqLbl}" wrapping="true"/>
					</Column>
					<Column minScreenWidth="Tablet" demandPopin="true" hAlign="Left" width="8rem">
						<Label text="{i18n>boxID}" wrapping="true"/>
					</Column>
				</columns>
			</Table>
            <ScrollContainer height="{= ${oSerialNosModel>/aModPalletBoxIds}.length > 10 ? '28rem' : 'auto'}" vertical="true" width="100%" horizontal="false">
            <Table items="{oSerialNosModel>/aModPalletBoxIds}" sticky="ColumnHeaders" showNoData="true"
				width="25.2rem"  class="zTableColLblCls" >
				<columns >
					<Column minScreenWidth="Tablet" demandPopin="true" hAlign="Left" width="4rem">
					</Column>
					<Column minScreenWidth="Tablet" demandPopin="true" hAlign="Left" width="8rem">
					</Column>
				</columns>
				<items>
					<ColumnListItem>
						<cells>
							<Text text="{oSerialNosModel>PalletSequence}"></Text>
							<Text text="{oSerialNosModel>BoxID_BoxID}"/>
						</cells>
					</ColumnListItem>
				</items>
			</Table>
            </ScrollContainer>
            </Panel>
            <Button icon="sap-icon://edit" press="onEditBoxID" visible="{oGlobalModel>/bPalletModEdit}" class="sapUiSmallMarginBegin editDelBtnCls editBtnHoverCls"></Button>
            <Panel width="100%" class="zpanelTableBoderCls" visible="{=!${oGlobalModel>/bPalletModEdit}}">
            <Table showNoData="false"
				width="26rem"  class="vhDPCls zTableColLblCls">
				<columns >
					<Column minScreenWidth="Tablet" demandPopin="true" hAlign="Left" width="5rem">
						<Label text="{i18n>palletSeqLbl}" wrapping="true"/>
					</Column>
					<Column minScreenWidth="Tablet" demandPopin="true" hAlign="Left"  width="12rem">
						<Label text="{i18n>boxID}" wrapping="true"/>
					</Column>
					<Column minScreenWidth="Tablet" demandPopin="true" hAlign="Center" width="3.5rem">
						<Label text=""/>
					</Column>
				</columns>
			</Table>
    <ScrollContainer height="{= ${oSerialNosModel>/aModPalletBoxIds}.length > 10 ? '28rem' : 'auto'}" vertical="true" width="100%" horizontal="false">
     <Table id="modBoxIDs_Tbl" items="{oSerialNosModel>/aModPalletBoxIds}" sticky="ColumnHeaders" showNoData="true"
				width="25.2rem"  class="vhDPCls zTableColLblCls" keyboardMode="Edit">
				<columns >
					<Column minScreenWidth="Tablet" demandPopin="true" hAlign="Left" width="5rem">
					</Column>
					<Column minScreenWidth="Tablet" demandPopin="true" hAlign="Left"  width="12rem">
					</Column>
					<Column minScreenWidth="Tablet" demandPopin="true" hAlign="Center" width="3.5rem">
					</Column>
				</columns>
				<items>
					<ColumnListItem>
						<cells>
							<Text text="{oSerialNosModel>PalletSequence}"></Text>
							<Input value="{oSerialNosModel>BoxID_BoxID}" liveChange="onBoxIdLiveChange"/>
							<Button icon="sap-icon://delete" type="Reject" press="onPalletModBoxIdDelete" class="editDelBtnCls delBtnHoverCls"></Button>
						</cells>
					</ColumnListItem>
				</items>
			</Table>
            </ScrollContainer>
            </Panel>
            </HBox>
            </items>
            </VBox>
                </VBox>
            </content>
			</IconTabFilter>
            <IconTabSeparator icon="sap-icon://arrow-right"/>
            <IconTabFilter design="Horizontal" icon="sap-icon://print" text="{i18n>validNPrintITB}" key="valdAndPrint" enabled="{=${oGlobalModel>/palletModSubSelKey} === 'valdAndPrint'}">
			<content>
            <VBox class="myBackgroundStyle">
            <Panel expanded="true" expandable="false" class="labelAlign pnlBottom pnlBg hBoxMidAln panelPaddingCls">
                    <Toolbar>
                    <ToolbarSpacer/>
                    <HBox alignItems="Center" class="zTBLbls zTBLblTxt">
                    <items>
                        <Label text="{i18n>packagingTypeLbl}:" class="sapUiTinyMarginEnd"></Label>
                        <Text text="{oGlobalModel>/sPackagingKey}" class="sapUiLargeMarginEnd"></Text>
                        <Label text="{i18n>palletIdLbl}:" class="sapUiTinyMarginEnd"></Label>
                        <Text text="{oGlobalModel>/sPalletIdMod}" class="sapUiLargeMarginEnd"></Text>
                        <Label text="{i18n>plantLbl}:" class="sapUiTinyMarginEnd"></Label>
                        <Text text="{oGlobalModel>/sModPalletPlant}" class="sapUiLargeMarginEnd"></Text>
                        <Label text="{i18n>storLocLbl}:" class="sapUiTinyMarginEnd"></Label>
                        <Text text="{oGlobalModel>/sModPalletStorageLoc}" class="sapUiLargeMarginEnd"></Text>
                    </items>
                    </HBox>
                    <ToolbarSpacer/>
                    </Toolbar>
                </Panel>
                <VBox alignItems="Center">
                <Panel width="100%" class="zpanelTableBoderCls">
                <Table showNoData="false"
				width="60rem" class="zTableColLblCls">
				<columns >
					<Column minScreenWidth="Tablet" demandPopin="true" hAlign="Left">
						<Label text="{i18n>palletSeqLbl}" wrapping="true"/>
					</Column>
					<Column minScreenWidth="Tablet" demandPopin="true" hAlign="Left">
						<Label text="{i18n>boxID}" wrapping="true"/>
					</Column>
                    <Column minScreenWidth="Tablet" demandPopin="true" hAlign="Left"  visible="{=!${oGlobalModel>/bSubs}}">
						<Label text="{i18n>acrfbpnLbl}" wrapping="true"/>
					</Column>
                    <Column minScreenWidth="Tablet" demandPopin="true" hAlign="Left"  visible="{=!${oGlobalModel>/bSubs}}">
						<Label text="{i18n>fgpinLbl}" wrapping="true"/>
					</Column>
                    <Column minScreenWidth="Tablet" demandPopin="true" hAlign="Left">
						<Label text="{i18n>boxQtyLbl}" wrapping="true"/>
					</Column>
				</columns>
			</Table>
    <ScrollContainer height="{= ${oValidAndPrintModel>/aMPValidAndPrint}.length > 10 ? '28rem' : 'auto'}" vertical="true" width="100%" horizontal="false">
     <Table items="{oValidAndPrintModel>/aMPValidAndPrint}"  showNoData="true"
				width="60rem" sticky="ColumnHeaders" class="zTableColLblCls">
				<columns >
					<Column minScreenWidth="Tablet" demandPopin="true" hAlign="Left">
					</Column>
					<Column minScreenWidth="Tablet" demandPopin="true" hAlign="Left">
					</Column>
                    <Column minScreenWidth="Tablet" demandPopin="true" hAlign="Left"  visible="{=!${oGlobalModel>/bSubs}}">
					</Column>
                    <Column minScreenWidth="Tablet" demandPopin="true" hAlign="Left"  visible="{=!${oGlobalModel>/bSubs}}">
					</Column>
                    <Column minScreenWidth="Tablet" demandPopin="true" hAlign="Left">
					</Column>
				</columns>
				<items>
					<ColumnListItem>
						<cells>
                            <Text text="{oValidAndPrintModel>PalletSequence}"/>
							<Text text="{oValidAndPrintModel>BoxID_BoxID}"></Text>
                            <Text text="{oValidAndPrintModel>AsIsPartNumber}"  visible="{=!${oGlobalModel>/bSubs}}"></Text>
							<Text text="{oValidAndPrintModel>FinishedGoodsMPN}"  visible="{=!${oGlobalModel>/bSubs}}"/>
							<Text text="{oValidAndPrintModel>Quantity}"/>
						</cells>
					</ColumnListItem>
				</items>
			</Table>
            </ScrollContainer>
            </Panel>
     </VBox>
     </VBox>
            </content>
			</IconTabFilter>
			
		</items>
	</IconTabBar>
    </items>
</VBox>
	
</core:FragmentDefinition>