{
  "xsappname": "cede",
  "tenant-mode": "dedicated",
  "description": "Security profile of CEDE applications",
  "scopes": [
    {
        "name": "$XSAPPNAME.MMPU_VIEW",
        "description": "Material Master and Program upload_View"
    },
    {
        "name": "$XSAPPNAME.MMPU_UPDATE",
        "description": "Material Master and Program upload_Update"
    },
    {
        "name": "$XSAPPNAME.PCS_VIEW",
        "description": "Program and Critical site_View"
    },
    {
        "name": "$XSAPPNAME.PCS_UPDATE",
        "description": "Program and Critical site_Update"
    },
    {
        "name": "$XSAPPNAME.SPSU_VIEW",
        "description": "Site and Plant set up_View"
    },
    {
        "name": "$XSAPPNAME.SPSU_UPDATE",
        "description": "Site and Plant set up_Update"
    },
    {
        "name": "$XSAPPNAME.CM_VIEW",
        "description": "Customer Master_View"
    },
    {
        "name": "$XSAPPNAME.STG_VIEW",
        "description": "Sold to Group mapping_View"
    },
    {
        "name": "$XSAPPNAME.STG_UPDATE",
        "description": "Sold to Group mapping_Update"
    },
    {
        "name": "$XSAPPNAME.CCM_VIEW",
        "description": "Customer Channel mapping_View"
    },
    {
        "name": "$XSAPPNAME.CCM_UPDATE",
        "description": "Customer Channel mapping_Update"
    },
    {
        "name": "$XSAPPNAME.OSC_VIEW",
        "description": "OEM shutdown calendar_View"
    },
    {
        "name": "$XSAPPNAME.OSC_UPDATE",
        "description": "OEM shutdown calendar_Update"
    },
    {
        "name": "$XSAPPNAME.O9CO_VIEW",
        "description": "OEM 940 cut off_View"
    },
    {
        "name": "$XSAPPNAME.O9CO_UPDATE",
        "description": "OEM 940 cut off_Update"
    },
    {
        "name": "$XSAPPNAME.ULDT_VIEW",
        "description": "ULD threshold_View"
    },
    {
        "name": "$XSAPPNAME.ULDT_UPDATE",
        "description": "ULD threshold_Update"
    },
    {
        "name": "$XSAPPNAME.DNZCE_VIEW",
        "description": "DNZC exception_View"
    },
    {
        "name": "$XSAPPNAME.DNZCE_UPDATE",
        "description": "DNZC exception_Update"
    },
    {
        "name": "$XSAPPNAME.EP_VIEW",
        "description": "Engine Parameter_View"
    },
    {
        "name": "$XSAPPNAME.EP_UPDATE",
        "description": "Engine Parameter_Update"
    },
    {
        "name": "$XSAPPNAME.SP_VIEW",
        "description": "Shipping Priority_View"
    },
    {
        "name": "$XSAPPNAME.SP_UPDATE",
        "description": "Shipping Priority_Update"
    },
    {
        "name": "$XSAPPNAME.PFE_VIEW",
        "description": "Plant Flip exception_View"
    },
    {
        "name": "$XSAPPNAME.PFE_UPDATE",
        "description": "Plant Flip exception_Update"
    },
    {
        "name": "$XSAPPNAME.SPMPE_VIEW",
        "description": "SPMP exception_View"
    },
    {
        "name": "$XSAPPNAME.SPMPE_UPDATE",
        "description": "SPMP exception_Update"
    },
    {
        "name": "$XSAPPNAME.SMS_VIEW",
        "description": "Scenario Management and Scheduling_View"
    },
    {
        "name": "$XSAPPNAME.SMS_UPDATE",
        "description": "Scenario Management and Scheduling_Update"
    },
    {
        "name": "$XSAPPNAME.RS_VIEW",
        "description": "Run Scenario_View"
    },
    {
        "name": "$XSAPPNAME.RS_UPDATE",
        "description": "Run Scenario_Update"
    },
    {
        "name": "$XSAPPNAME.DREW_VIEW",
        "description": "Disposition Report and download for ExWB_View"
    },
    {
        "name": "$XSAPPNAME.DREW_UPDATE",
        "description": "Disposition Report and download for ExWB_Update"
    },
    {
        "name": "$XSAPPNAME.EOO_VIEW",
        "description": "Engine Output for OEM_VIEW"
    },
    {
        "name": "$XSAPPNAME.ODD_VIEW",
        "description": "OEM Data Dashboard"
    },
    {
        "name": "$XSAPPNAME.HOMEPAGE",
        "description": "HOME_PAGE"
    },
    {
        "name": "$XSAPPNAME.PLP",
        "description": "Partner Landing Page"
    },
    {
        "name": "$XSAPPNAME.SLP",
        "description": "SDM Landing Page"
    },
    {
        "name": "$XSAPPNAME.PVP",
        "description": "Process Visibility Page"
    },
    {
        "name": "$XSAPPNAME.UAP_VIEW",
        "description": "User Authorisation Provisioning_View"
    },
    {
        "name": "$XSAPPNAME.UAP_UPDATE",
        "description": "User Authorisation Provisioning_Update"
    },
     {
        "name": "$XSAPPNAME.CVPO",
        "description": "Open PO View"
    },
 {
        "name": "$XSAPPNAME.CVDN",
        "description": "Open DN View"
    },
 {
        "name": "$XSAPPNAME.CVIV",
        "description": "Inventory View"
    }
],
   "attributes":[
     
      {
          "name": "Geo",
          "description": "Geo",
          "valueType": "string"
      },
       {
          "name": "Site",
          "description": "Site",
          "valueType": "string"
      }
  ],
  "role-templates": [
{
    "name": "CEDE_OEM_SITE_T",
    "description": "CEDE OEM Access",
    "scope-references": [ 
                          "$XSAPPNAME.ODD_VIEW",
                          "$XSAPPNAME.PLP",
                          "$XSAPPNAME.EOO_VIEW"
                         ],
     "attribute-references": [
         "Site"
        
      ]
},
{
    "name": "CEDE_BADMIN_T",
    "description": "CEDE Biz Admin Access",
    "scope-references": [
        "$XSAPPNAME.UAP_UPDATE"
    ]
},

{
    "name": "CEDE_DISPLAY_T",
    "description": "IS&T support View Access",
    "scope-references": [
        "$XSAPPNAME.MMPU_VIEW",
        "$XSAPPNAME.CVPO",
        "$XSAPPNAME.CVDN",
        "$XSAPPNAME.CVIV",
        "$XSAPPNAME.PCS_VIEW",
        "$XSAPPNAME.SPSU_VIEW",
        "$XSAPPNAME.CM_VIEW",
        "$XSAPPNAME.STG_VIEW",
        "$XSAPPNAME.CCM_VIEW",
        "$XSAPPNAME.OSC_VIEW",
        "$XSAPPNAME.O9CO_VIEW",
        "$XSAPPNAME.ULDT_VIEW",
        "$XSAPPNAME.DNZCE_VIEW",
        "$XSAPPNAME.EP_VIEW",
        "$XSAPPNAME.PFE_VIEW",
        "$XSAPPNAME.SPMPE_VIEW",
        "$XSAPPNAME.SMS_VIEW",
        "$XSAPPNAME.RS_VIEW",
        "$XSAPPNAME.DREW_VIEW",
        "$XSAPPNAME.ODD_VIEW",
        "$XSAPPNAME.HOMEPAGE",
        "$XSAPPNAME.EOO_VIEW",
        "$XSAPPNAME.SLP",
        "$XSAPPNAME.PVP",
        "$XSAPPNAME.UAP_VIEW"
    ],
      "attribute-references": [
                "Geo",
                "Site"
            ]
},

{
    "name": "CEDE_WW_AEP_T",
    "description": "World Wide AEP Access",
    "scope-references": [
        "$XSAPPNAME.MMPU_VIEW",
        "$XSAPPNAME.CVPO",
        "$XSAPPNAME.CVDN",
        "$XSAPPNAME.CVIV",
        "$XSAPPNAME.MMPU_UPDATE",
         "$XSAPPNAME.EOO_VIEW",
        "$XSAPPNAME.PCS_VIEW",
        "$XSAPPNAME.PCS_UPDATE",
        "$XSAPPNAME.SPSU_VIEW",
        "$XSAPPNAME.SPSU_UPDATE",
        "$XSAPPNAME.CM_VIEW",
        "$XSAPPNAME.STG_VIEW",
        "$XSAPPNAME.STG_UPDATE",
        "$XSAPPNAME.CCM_VIEW",
        "$XSAPPNAME.CCM_UPDATE",
        "$XSAPPNAME.OSC_VIEW",
        "$XSAPPNAME.OSC_UPDATE",
        "$XSAPPNAME.O9CO_VIEW",
        "$XSAPPNAME.O9CO_UPDATE",
        "$XSAPPNAME.ULDT_VIEW",
        "$XSAPPNAME.ULDT_UPDATE",
        "$XSAPPNAME.DNZCE_VIEW",
        "$XSAPPNAME.DNZCE_UPDATE",
        "$XSAPPNAME.EP_VIEW",
        "$XSAPPNAME.EP_UPDATE",
        "$XSAPPNAME.SP_UPDATE",
        "$XSAPPNAME.PFE_VIEW",
        "$XSAPPNAME.PFE_UPDATE",
        "$XSAPPNAME.SPMPE_VIEW",
        "$XSAPPNAME.SPMPE_UPDATE",
        "$XSAPPNAME.SMS_VIEW",
        "$XSAPPNAME.SMS_UPDATE",
        "$XSAPPNAME.RS_VIEW",
        "$XSAPPNAME.RS_UPDATE",
        "$XSAPPNAME.DREW_VIEW",
        "$XSAPPNAME.DREW_UPDATE",
        "$XSAPPNAME.ODD_VIEW",
        "$XSAPPNAME.HOMEPAGE",
        "$XSAPPNAME.SLP",
        "$XSAPPNAME.PVP"
    ],
    "attribute-references": [
        "Geo"
    ]
},
{
    "name": "CEDE_WW_AES_T",
    "description": "World Wide AES Access",
    "scope-references": [
        "$XSAPPNAME.MMPU_VIEW",
        "$XSAPPNAME.CVPO",
        "$XSAPPNAME.CVDN",
        "$XSAPPNAME.CVIV",
        "$XSAPPNAME.PCS_VIEW",
         "$XSAPPNAME.EOO_VIEW",
        "$XSAPPNAME.SPSU_VIEW",
        "$XSAPPNAME.CM_VIEW",
        "$XSAPPNAME.STG_VIEW",
        "$XSAPPNAME.CCM_VIEW",
        "$XSAPPNAME.OSC_VIEW",
        "$XSAPPNAME.O9CO_VIEW",
        "$XSAPPNAME.ULDT_VIEW",
        "$XSAPPNAME.DNZCE_VIEW",
        "$XSAPPNAME.EP_VIEW",
        "$XSAPPNAME.PFE_VIEW",
        "$XSAPPNAME.SPMPE_VIEW",
        "$XSAPPNAME.SMS_VIEW",
        "$XSAPPNAME.RS_VIEW",
        "$XSAPPNAME.DREW_VIEW",
        "$XSAPPNAME.ODD_VIEW",
        "$XSAPPNAME.HOMEPAGE",
        "$XSAPPNAME.SLP",
        "$XSAPPNAME.PVP"
    ],
    "attribute-references": [
        "Geo"
    ]
},
{
    "name": "CEDE_GEO_AES_T",
    "description": "Regional AES Access",
    "scope-references": [
        "$XSAPPNAME.MMPU_VIEW",
        "$XSAPPNAME.PCS_VIEW",
        "$XSAPPNAME.CVPO",
        "$XSAPPNAME.CVDN",
        "$XSAPPNAME.CVIV",
        "$XSAPPNAME.SPSU_VIEW",
         "$XSAPPNAME.EOO_VIEW",
        "$XSAPPNAME.CM_VIEW",
        "$XSAPPNAME.STG_VIEW",
        "$XSAPPNAME.CCM_VIEW",
        "$XSAPPNAME.OSC_VIEW",
        "$XSAPPNAME.O9CO_VIEW",
        "$XSAPPNAME.ULDT_VIEW",
        "$XSAPPNAME.DNZCE_VIEW",
        "$XSAPPNAME.EP_VIEW",
        "$XSAPPNAME.PFE_VIEW",
        "$XSAPPNAME.SPMPE_VIEW",
        "$XSAPPNAME.SMS_VIEW",
        "$XSAPPNAME.RS_VIEW",
        "$XSAPPNAME.DREW_VIEW",
        "$XSAPPNAME.ODD_VIEW",
        "$XSAPPNAME.HOMEPAGE",
        "$XSAPPNAME.SLP",
        "$XSAPPNAME.PVP"
    ],
    "attribute-references": [
        "Geo"
    ]
},
{
    "name": "CEDE_GEO_AEP_T",
    "description": "Regional AEP Access",
    "scope-references": [
        "$XSAPPNAME.MMPU_VIEW",
        "$XSAPPNAME.MMPU_UPDATE",
        "$XSAPPNAME.CVPO",
        "$XSAPPNAME.CVDN",
        "$XSAPPNAME.CVIV",
         "$XSAPPNAME.EOO_VIEW",
        "$XSAPPNAME.PCS_VIEW",
        "$XSAPPNAME.PCS_UPDATE",
        "$XSAPPNAME.SPSU_VIEW",
        "$XSAPPNAME.SPSU_UPDATE",
        "$XSAPPNAME.CM_VIEW",
        "$XSAPPNAME.STG_VIEW",
        "$XSAPPNAME.STG_UPDATE",
        "$XSAPPNAME.CCM_VIEW",
        "$XSAPPNAME.CCM_UPDATE",
        "$XSAPPNAME.OSC_VIEW",
        "$XSAPPNAME.OSC_UPDATE",
        "$XSAPPNAME.O9CO_VIEW",
        "$XSAPPNAME.O9CO_UPDATE",
        "$XSAPPNAME.ULDT_VIEW",
        "$XSAPPNAME.ULDT_UPDATE",
        "$XSAPPNAME.DNZCE_VIEW",
        "$XSAPPNAME.DNZCE_UPDATE",
        "$XSAPPNAME.EP_VIEW",
        "$XSAPPNAME.EP_UPDATE",
        "$XSAPPNAME.SP_UPDATE",
        "$XSAPPNAME.PFE_VIEW",
        "$XSAPPNAME.PFE_UPDATE",
        "$XSAPPNAME.SPMPE_VIEW",
        "$XSAPPNAME.SPMPE_UPDATE",
        "$XSAPPNAME.SMS_VIEW",
        "$XSAPPNAME.SMS_UPDATE",
        "$XSAPPNAME.RS_VIEW",
        "$XSAPPNAME.RS_UPDATE",
        "$XSAPPNAME.DREW_VIEW",
        "$XSAPPNAME.DREW_UPDATE",
        "$XSAPPNAME.ODD_VIEW",
        "$XSAPPNAME.HOMEPAGE",
        "$XSAPPNAME.SLP",
        "$XSAPPNAME.PVP"
    ],
    "attribute-references": [
        "Geo"
    ]
}
    
  ], 
"oauth2-configuration": {
"redirect-uris": ["https://cede-dev-cp.corp.apple.com/**","https://cede-uat-cp.corp.apple.com/**","https://cede-cp.corp.apple.com/**"],
"allowedproviders": ["corp-apps"]
}
}
