<core:FragmentDefinition xmlns="sap.m"
    xmlns:core="sap.ui.core"
    xmlns:forms="sap.ui.layout.form">
    <Dialog id="labelCreationFragId" title="{i18n>title}" class="sapUiSizeCompact" contentHeight="47rem" contentWidth="65rem">
        <customHeader>
            <Bar>
                <contentLeft>
                    <Text text="{i18n>title}" class="zFragHeader-Cls"/>
                </contentLeft>
                <contentMiddle>
                </contentMiddle>
                <contentRight>
                    <Button icon="sap-icon://decline" press="closeFragmentLabelGen" tooltip="{i18n>button.Close}"/>
                </contentRight>
            </Bar>
        </customHeader>
        <content>
            <FlexBox class="sapUiSmallMargin" direction="Column" renderType="Div">
                <FlexBox direction="Row" fitContainer="true" renderType="Div">
                    <PDFViewer class="sapUiSmallMarginBegin sapUiSmallMarginEnd" id="idPdfViewer" title="{pdfModel>/Title}" source="{pdfModel>/data}" width="475px" height="700px" showDownloadButton="false">
                        <layoutData>
                            <FlexItemData growFactor="1"/>
                        </layoutData>
                    </PDFViewer>
                    <PDFViewer class="sapUiSmallMarginEnd" id="idPdfViewerCarrier" title="{pdfModelCarrier>/Title1}" source="{pdfModelCarrier>/data}" width="475px" height="700px" showDownloadButton="false">
                        <layoutData>
                            <FlexItemData growFactor="1"/>
                        </layoutData>
                    </PDFViewer>
                </FlexBox>
            </FlexBox>
        </content>
        <buttons>
            <Button id="idPalletCarrierCancel" text="{i18n>button.Cancel}" press="closeFragmentLabelGen" class="zclearButton"/>
            <Button id="idPalletCarrierDownloadPDF" text="{i18n>downloadBtn}" press="downloadPDF" class="zsearchButton" type="Emphasized"/>
            <Button id="idPalletCarrierSaveToPDF" text="{i18n>button.SaveToPDF}" press="savePalletPDFData" class="zsearchButton" type="Emphasized"/>
        </buttons>
    </Dialog>
</core:FragmentDefinition>