{
    "d": {
        "results": [
            {
                "__metadata": {
                    "id": "https://olympusoem-dev-cp.corp.apple.com:10443/odata/v2/MasterDataService/MasterdataList('MA591G%2FC')",
                    "uri": "https://olympusoem-dev-cp.corp.apple.com:10443/odata/v2/MasterDataService/MasterdataList('MA591G%2FC')",
                    "type": "MasterDataService.MasterdataList"
                },
                "Material": "MA591G/C",
                "Description": "30-PIN TO USB CABLE-GEN"
            },
            {
                "__metadata": {
                    "id": "https://olympusoem-dev-cp.corp.apple.com:10443/odata/v2/MasterDataService/MasterdataList('MC270ZP%2FA')",
                    "uri": "https://olympusoem-dev-cp.corp.apple.com:10443/odata/v2/MasterDataService/MasterdataList('MC270ZP%2FA')",
                    "type": "MasterDataService.MasterdataList"
                },
                "Material": "MC270ZP/A",
                "Description": "MAC MINI 2.4/2X1G/320/SD/AP/BT-ITP"
            },
            {
                "__metadata": {
                    "id": "https://olympusoem-dev-cp.corp.apple.com:10443/odata/v2/MasterDataService/MasterdataList('MC413BZ%2FA')",
                    "uri": "https://olympusoem-dev-cp.corp.apple.com:10443/odata/v2/MasterDataService/MasterdataList('MC413BZ%2FA')",
                    "type": "MasterDataService.MasterdataList"
                },
                "Material": "MC413BZ/A",
                "Description": "IMAC 21.5\"/3.06/2X2GB/1TB/4670-256MB-BRA"
            },
            {
                "__metadata": {
                    "id": "https://olympusoem-dev-cp.corp.apple.com:10443/odata/v2/MasterDataService/MasterdataList('MC413BZ%2FA')",
                    "uri": "https://olympusoem-dev-cp.corp.apple.com:10443/odata/v2/MasterDataService/MasterdataList('MC413BZ%2FA')",
                    "type": "MasterDataService.MasterdataList"
                },
                "Material": "MC413BZ/A",
                "Description": "IMAC 21.5\"/3.06/2X2GB/1TB/4670-256MB-BRA"
            },
            {
                "__metadata": {
                    "id": "https://olympusoem-dev-cp.corp.apple.com:10443/odata/v2/MasterDataService/MasterdataList('MD101LL%2FA')",
                    "uri": "https://olympusoem-dev-cp.corp.apple.com:10443/odata/v2/MasterDataService/MasterdataList('MD101LL%2FA')",
                    "type": "MasterDataService.MasterdataList"
                },
                "Material": "MD101LL/A",
                "Description": "MBP 13.3/2.5/2X2GB/500/SD-USA..1234"
            },
            {
                "__metadata": {
                    "id": "https://olympusoem-dev-cp.corp.apple.com:10443/odata/v2/MasterDataService/MasterdataList('MG472LL%2FA')",
                    "uri": "https://olympusoem-dev-cp.corp.apple.com:10443/odata/v2/MasterDataService/MasterdataList('MG472LL%2FA')",
                    "type": "MasterDataService.MasterdataList"
                },
                "Material": "MG472LL/A",
                "Description": "IPHONE 6 SPACE GRAY 16GB-USA"
            },
            {
                "__metadata": {
                    "id": "https://olympusoem-dev-cp.corp.apple.com:10443/odata/v2/MasterDataService/MasterdataList('MGKM2HC%2FA')",
                    "uri": "https://olympusoem-dev-cp.corp.apple.com:10443/odata/v2/MasterDataService/MasterdataList('MGKM2HC%2FA')",
                    "type": "MasterDataService.MasterdataList"
                },
                "Material": "MGKM2HC/A",
                "Description": "IPAD WI-FI 64GB SILVER-HCZ"
            },
            {
                "__metadata": {
                    "id": "https://olympusoem-dev-cp.corp.apple.com:10443/odata/v2/MasterDataService/MasterdataList('MH0W2HN%2FA')",
                    "uri": "https://olympusoem-dev-cp.corp.apple.com:10443/odata/v2/MasterDataService/MasterdataList('MH0W2HN%2FA')",
                    "type": "MasterDataService.MasterdataList"
                },
                "Material": "MH0W2HN/A",
                "Description": "IPAD AIR 2 WI-FI 16GB GOLD-HIN_1"
            },
            {
                "__metadata": {
                    "id": "https://olympusoem-dev-cp.corp.apple.com:10443/odata/v2/MasterDataService/MasterdataList('MN8Y2B%2FA')",
                    "uri": "https://olympusoem-dev-cp.corp.apple.com:10443/odata/v2/MasterDataService/MasterdataList('MN8Y2B%2FA')",
                    "type": "MasterDataService.MasterdataList"
                },
                "Material": "MN8Y2B/A",
                "Description": "1PHONE 7 SILVER 32GB-GBR."
            },
            {
                "__metadata": {
                    "id": "https://olympusoem-dev-cp.corp.apple.com:10443/odata/v2/MasterDataService/MasterdataList('MNQN2PM%2FA')",
                    "uri": "https://olympusoem-dev-cp.corp.apple.com:10443/odata/v2/MasterDataService/MasterdataList('MNQN2PM%2FA')",
                    "type": "MasterDataService.MasterdataList"
                },
                "Material": "MNQN2PM/A",
                "Description": "IPHONE 7 PLUS SILVER 32GB-AMP"
            },
            {
                "__metadata": {
                    "id": "https://olympusoem-dev-cp.corp.apple.com:10443/odata/v2/MasterDataService/MasterdataList('MNQN2RM%2FA')",
                    "uri": "https://olympusoem-dev-cp.corp.apple.com:10443/odata/v2/MasterDataService/MasterdataList('MNQN2RM%2FA')",
                    "type": "MasterDataService.MasterdataList"
                },
                "Material": "MNQN2RM/A",
                "Description": "IPHONE 7 PLUS SILVER 32GB-RRK"
            },
            {
                "__metadata": {
                    "id": "https://olympusoem-dev-cp.corp.apple.com:10443/odata/v2/MasterDataService/MasterdataList('MYDM2AE%2FA')",
                    "uri": "https://olympusoem-dev-cp.corp.apple.com:10443/odata/v2/MasterDataService/MasterdataList('MYDM2AE%2FA')",
                    "type": "MasterDataService.MasterdataList"
                },
                "Material": "MYDM2AE/A",
                "Description": "APPLE WATCH SE 40 SIL AL WT SP GPS-AMU"
            }
        ]
    }
}