{
  "xsappname": "acpackaging_ui",
  "tenant-mode": "dedicated",
  "description": "Security profile for ACSC Packaging",
  "authorities":["$ACCEPT_GRANTED_AUTHORITIES"],
  "scopes": [
    {
      "name": "$XSAPPNAME.DisplayOnly",
      "description": "ACSC Packaging Display Only User"
    },
    {
      "name": "$XSAPPNAME.Admin",
      "description": "ACSC Packaging Full Admin User"
    },             
    {
      "name": "$XSAPPNAME.PackagingUser",
      "description": "ACSC Packaging User"
    }    
  ],
  "attributes": [
        {
            "name": "Plant",
            "description": "Plant's user has access to",
            "valueType": "string"
        }
    ],
  "role-templates": [
    {
      "name": "AC_PACKAGING_ADMIN",
      "description": "ACSC Packaging Full Admin User",
      "scope-references": [
        "$XSAPPNAME.Admin"
      ],
      "attribute-references": [
        "Plant"
      ]
    },
    {
      "name": "AC_PACKAGING_DISPLAY",
      "description": "ACSC Packaging Display Only User",
      "scope-references": [
        "$XSAPPNAME.DisplayOnly"
      ],
      "attribute-references": [
        "Plant"
      ]
    },
    {
      "name": "AC_PACKAGING_USER",
      "description": "ACSC Packaging User",
      "scope-references": [
        "$XSAPPNAME.PackagingUser"
      ],
      "attribute-references": [
        "Plant"
      ]
    }
  ],
  "oauth2-configuration": {
    "redirect-uris": [
        "https://acsc-dev-cp.corp.apple.com/**",
        "https://acsc-uat-cp.corp.apple.com/**",
        "https://acsc-it-cp.corp.apple.com/**",
        "https://acsc-cp.corp.apple.com/**",
        "https://*.us10.hana.ondemand.com/**",
        "https://*.applicationstudio.cloud.sap/**",
        "https://oauth.pstmn.io/v1/**"
    ],
    "allowedproviders": ["corp-apps"]
  }
}