<core:FragmentDefinition xmlns="sap.m" xmlns:core="sap.ui.core" xmlns:ui="sap.ui.table" xmlns:l="sap.ui.layout" xmlns:f="sap.ui.layout.form">
	<Dialog contentWidth="auto" contentHeight="auto" title="" showHeader="false" class="barHgtCls">
		<endButton>
			<Button text="{i18n>closeBtnTxt}" press="onTMSViewDialogClose" class="sapUiTinyMarginEnd sapUiTinyMarginTopBottom zsearchButton zSapPrimBtn"></Button>
		</endButton>
		<l:HorizontalLayout class="sapUiMediumMarginBottom sapUiSmallMarginTop">
			<l:content>
				<f:SimpleForm id="SimpleFormDisplayColumn_oneGroup" editable="false" layout="ColumnLayout"
					title="{i18n>sfTtl} - {oShipmentModel>/sShipmentNo}">
					<f:content>
						<Label text="{i18n>carrierIdLbl}"/>
						<Text text="{oTMSDataModel>/CarrierID}"/>
						<Label text="{i18n>portOfEntryKeyLbl}"/>
						<Text id="nameText" text="{oTMSDataModel>/PortOfEntryKey}"/>
						<Label text="{i18n>clearingCountryLbl}"/>
						<Text text="{oTMSDataModel>/ClearingCountry}"/>
						<Label text="{i18n>serviceLvlLbl}"/>
						<Text text="{oTMSDataModel>/ServiceLevel}"/>
						<Label text="{i18n>serviceIndLbl}"/>
						<Text text="{oTMSDataModel>/ServiceInd}"/>
						<Label text="{i18n>parcelActLbl}"/>
						<Text text="{oTMSDataModel>/ParcelAccount}"/>
						<Label text="{i18n>frgtOrderLbl}"/>
						<Text text="{oTMSDataModel>/FreightOrder}"/>
						<Label text="{i18n>frgtOrderLbl}"/>
						<Text text="{oTMSDataModel>/CarrierName}"/>
						<Label text="{i18n>shipKeyLbl}"/>
						<Text text="{oTMSDataModel>/ShipType}"/>
						<Label text="{i18n>shipQueueLbl}"/>
						<Text text="{oTMSDataModel>/ShipQueue}"/>
						<Label text="{i18n>truckLaneLbl}"/>
						<Text text="{oTMSDataModel>/TruckLane}"/>
						<Label text="{i18n>truckSort}"/>
						<Text text="{oTMSDataModel>/TruckSort}"/>
						<Label text="{i18n>carSrtCutTimLbl}"/>
						<Text text="{oTMSDataModel>/CarrierTime}"/>
					</f:content>
				</f:SimpleForm>
			</l:content>
		</l:HorizontalLayout>
	</Dialog>
</core:FragmentDefinition>