<core:FragmentDefinition xmlns="sap.m" xmlns:core="sap.ui.core" xmlns:ui="sap.ui.table" xmlns:l="sap.ui.layout">
	<Dialog contentWidth="auto" contentHeight="auto" title="" showHeader="false" class="barHgtCls zReqTtlCls">
		<Bar class="sapUiSmallMarginTop barHgtCls">
			<contentLeft>
				<Title text="{i18n>wtDimOverrideDlgTtl}" class="sapUiSmallMarginBegin"/>
			</contentLeft>
			<contentRight>
				<core:Icon src="sap-icon://decline" color="black" width="1rem" press="onWtDimClose" class="sapUiSmallMarginEnd"/>
			</contentRight>
		</Bar>
		<endButton>
			<Button text="{i18n>submitBtnTxt}" press="onWtDimOverrideSubmit"
				class="sapUiTinyMarginEnd sapUiTinyMarginTopBottom zsearchButton zSapPrimBtn"></Button>
		</endButton>
		<Panel width="auto" class="zpanelHeaderItemTable sapUiTinyMargin">
			<Table sticky="ColumnHeaders,HeaderToolbar" showNoData="true" class="vboxCls zTabTtl zTableColLblCls" items="{oWtDimOverrideModel>/}">
				<columns >
					<Column minScreenWidth="Tablet" demandPopin="true" hAlign="Left">
						<Label text="{i18n>shipmentNumLbl}" wrapping="true"/>
					</Column>
					<Column minScreenWidth="Tablet" demandPopin="true" hAlign="Left">
						<Label text="{i18n>packetIdLbl}" wrapping="true"/>
					</Column>
					<Column minScreenWidth="Tablet" demandPopin="true" hAlign="Left">
						<Label text="{i18n>newWgtLbl}" wrapping="true"/>
					</Column>
					<Column minScreenWidth="Tablet" demandPopin="true" hAlign="Left">
						<Label text="{i18n>newWidthLbl}" wrapping="true"/>
					</Column>
					<Column minScreenWidth="Tablet" demandPopin="true" hAlign="Left">
						<Label text="{i18n>newLengthLbl}" wrapping="true"/>
					</Column>
					<Column minScreenWidth="Tablet" demandPopin="true" hAlign="Center">
						<Label text="{i18n>newHgtLbl}" wrapping="true"/>
					</Column>
				</columns>
				<items>
					<ColumnListItem>
						<cells>
							<Text text="{oWtDimOverrideModel>ShipmentNumber}"></Text>
							<Text text="{oWtDimOverrideModel>PackID}"></Text>
							<Input value="{oWtDimOverrideModel>NewWeight}" liveChange="handleDimensions"></Input>
							<Input value="{oWtDimOverrideModel>NewWidth}" liveChange="handleDimensions"></Input>
							<Input value="{oWtDimOverrideModel>NewLength}" liveChange="handleDimensions"></Input>
							<Input value="{oWtDimOverrideModel>NewHeight}" liveChange="handleDimensions"></Input>
						</cells>
					</ColumnListItem>
				</items>
			</Table>
		</Panel>
	</Dialog>
</core:FragmentDefinition>