<?xml version="1.0" encoding="UTF-8"?>
<edmx:Edmx xmlns:edmx="http://schemas.microsoft.com/ado/2007/06/edmx" xmlns:m="http://schemas.microsoft.com/ado/2007/08/dataservices/metadata" xmlns:sap="http://www.sap.com/Protocols/SAPData" Version="1.0">
   <edmx:Reference xmlns:edmx="http://docs.oasis-open.org/odata/ns/edmx" Uri="https://dv5devcert:8437/sap/opu/odata/iwfnd/catalogservice;v=2/Vocabularies(TechnicalName='%2FIWBEP%2FVOC_COMMON',Version='0001',SAP__Origin='APPLE_ECC')/$value">
      <edmx:Include Namespace="com.sap.vocabularies.Common.v1" Alias="Common" />
   </edmx:Reference>
   <edmx:DataServices m:DataServiceVersion="2.0">
      <Schema xmlns="http://schemas.microsoft.com/ado/2008/09/edm" Namespace="ZOD_AC_ITC_SRV" xml:lang="en" sap:schema-version="1">
         <Annotation xmlns="http://docs.oasis-open.org/odata/ns/edm" Term="Core.SchemaVersion" String="1.0.0" />
         <EntityType Name="ITCUploadFile" m:HasStream="true" sap:content-version="1">
            <Key>
               <PropertyRef Name="GUID" />
            </Key>
            <Property Name="GUID" Type="Edm.String" Nullable="false" sap:unicode="false" sap:creatable="false" sap:updatable="false" sap:sortable="false" sap:filterable="false" />
            <Property Name="FileName" Type="Edm.String" Nullable="false" sap:unicode="false" sap:creatable="false" sap:updatable="false" sap:sortable="false" sap:filterable="false" />
            <Property Name="MimeType" Type="Edm.String" Nullable="false" sap:unicode="false" sap:creatable="false" sap:updatable="false" sap:sortable="false" sap:filterable="false" />
         </EntityType>
         <EntityType Name="ITCTemplateFile" m:HasStream="true" sap:content-version="1">
            <Key>
               <PropertyRef Name="Plant" />
               <PropertyRef Name="PlannerCode" />
               <PropertyRef Name="BuyerCode" />
               <PropertyRef Name="SPCC" />
               <PropertyRef Name="ProgramID" />
            </Key>
            <Property Name="Plant" Type="Edm.String" Nullable="false" sap:unicode="false" sap:creatable="false" sap:updatable="false" sap:sortable="false" sap:filterable="false" />
            <Property Name="PlannerCode" Type="Edm.String" Nullable="false" sap:unicode="false" sap:creatable="false" sap:updatable="false" sap:sortable="false" sap:filterable="false" />
            <Property Name="BuyerCode" Type="Edm.String" Nullable="false" sap:unicode="false" sap:creatable="false" sap:updatable="false" sap:sortable="false" sap:filterable="false" />
            <Property Name="SPCC" Type="Edm.String" Nullable="false" sap:unicode="false" sap:creatable="false" sap:updatable="false" sap:sortable="false" sap:filterable="false" />
            <Property Name="ProgramID" Type="Edm.String" Nullable="false" sap:unicode="false" sap:creatable="false" sap:updatable="false" sap:sortable="false" sap:filterable="false" />
         </EntityType>
         <EntityType Name="PrimaryPart" sap:content-version="1">
            <Key>
               <PropertyRef Name="PrimaryPartNumber" />
               <PropertyRef Name="Plant" />
            </Key>
            <Property Name="PrimaryPartNumber" Type="Edm.String" Nullable="false" sap:unicode="false" sap:creatable="false" sap:updatable="false" sap:sortable="false" sap:filterable="false" />
            <Property Name="Plant" Type="Edm.String" Nullable="false" sap:unicode="false" sap:creatable="false" sap:updatable="false" sap:sortable="false" sap:filterable="false" />
            <Property Name="BuyerCode" Type="Edm.String" Nullable="false" sap:unicode="false" sap:creatable="false" sap:updatable="false" sap:sortable="false" sap:filterable="false" />
            <Property Name="PlannerCode" Type="Edm.String" Nullable="false" sap:unicode="false" sap:creatable="false" sap:updatable="false" sap:sortable="false" sap:filterable="false" />
            <Property Name="SPCC" Type="Edm.String" Nullable="false" sap:unicode="false" sap:creatable="false" sap:updatable="false" sap:sortable="false" sap:filterable="false" />
            <Property Name="ProgramID" Type="Edm.String" Nullable="false" sap:unicode="false" sap:creatable="false" sap:updatable="false" sap:sortable="false" sap:filterable="false" />
            <Property Name="PrimaryPartNumberDesc" Type="Edm.String" Nullable="false" sap:unicode="false" sap:creatable="false" sap:updatable="false" sap:sortable="false" sap:filterable="false" />
            <Property Name="CountryOfOrigin" Type="Edm.String" Nullable="false" sap:unicode="false" sap:creatable="false" sap:updatable="false" sap:sortable="false" sap:filterable="false" />
            <Property Name="Priority" Type="Edm.String" Nullable="false" sap:unicode="false" sap:creatable="false" sap:updatable="false" sap:sortable="false" sap:filterable="false" />
            <NavigationProperty Name="ITCPart" Relationship="ZOD_AC_ITC_SRV.PrimaryPart_ITCPart" FromRole="FromRole_PrimaryPart_ITCPart" ToRole="ToRole_PrimaryPart_ITCPart" />
         </EntityType>
         <EntityType Name="ITCPart" sap:content-version="1">
            <Key>
               <PropertyRef Name="PrimaryPartNumber" />
               <PropertyRef Name="Plant" />
            </Key>
            <Property Name="PrimaryPartNumber" Type="Edm.String" Nullable="false" sap:unicode="false" sap:creatable="false" sap:updatable="false" sap:sortable="false" sap:filterable="false" />
            <Property Name="Plant" Type="Edm.String" Nullable="false" sap:unicode="false" sap:creatable="false" sap:updatable="false" sap:sortable="false" sap:filterable="false" />
            <Property Name="CountryOfOrigin" Type="Edm.String" Nullable="false" sap:unicode="false" sap:creatable="false" sap:updatable="false" sap:sortable="false" sap:filterable="false" />
            <Property Name="Priority" Type="Edm.String" Nullable="false" sap:unicode="false" sap:creatable="false" sap:updatable="false" sap:sortable="false" sap:filterable="false" />
            <Property Name="ITCPartNumber" Type="Edm.String" Nullable="false" sap:unicode="false" sap:creatable="false" sap:updatable="false" sap:sortable="false" sap:filterable="false" />
            <Property Name="ITCPartNumberDescription" Type="Edm.String" Nullable="false" sap:unicode="false" sap:creatable="false" sap:updatable="false" sap:sortable="false" sap:filterable="false" />
            <Property Name="DeletionIndicator" Type="Edm.String" Nullable="false" sap:unicode="false" sap:creatable="false" sap:updatable="false" sap:sortable="false" sap:filterable="false" />
         </EntityType>
         <EntityType Name="GetPlantPartOutput" m:HasStream="true" sap:content-version="1">
            <Key>
               <PropertyRef Name="RequestId" />
            </Key>
            <Property Name="RequestId" Type="Edm.Guid" Nullable="false" sap:unicode="false" sap:label="UUID" sap:creatable="false" sap:updatable="false" sap:sortable="false" sap:filterable="false" />
         </EntityType>
         <EntityType Name="ITCPlantReport" sap:content-version="1">
            <Key>
               <PropertyRef Name="Region" />
               <PropertyRef Name="Plant" />
               <PropertyRef Name="PrimaryPartNumber" />
               <PropertyRef Name="ITCPartNumber" />
            </Key>
            <Property Name="Region" Type="Edm.String" Nullable="false" sap:unicode="false" sap:creatable="false" sap:updatable="false" />
            <Property Name="Plant" Type="Edm.String" Nullable="false" sap:unicode="false" sap:creatable="false" sap:updatable="false" />
            <Property Name="PrimaryPartNumber" Type="Edm.String" Nullable="false" sap:unicode="false" sap:creatable="false" sap:updatable="false" />
            <Property Name="ITCPartNumber" Type="Edm.String" Nullable="false" sap:unicode="false" sap:creatable="false" sap:updatable="false" />
            <Property Name="BuyerCode" Type="Edm.String" Nullable="false" sap:unicode="false" sap:creatable="false" sap:updatable="false" />
            <Property Name="PlannerCode" Type="Edm.String" Nullable="false" sap:unicode="false" sap:creatable="false" sap:updatable="false" />
            <Property Name="SPCC" Type="Edm.String" Nullable="false" sap:unicode="false" sap:creatable="false" sap:updatable="false" />
            <Property Name="ProgramID" Type="Edm.String" Nullable="false" sap:unicode="false" sap:creatable="false" sap:updatable="false" />
            <Property Name="CountryOfOrigin" Type="Edm.String" Nullable="false" sap:unicode="false" sap:creatable="false" sap:updatable="false" />
            <Property Name="Priority" Type="Edm.String" Nullable="false" sap:unicode="false" sap:creatable="false" sap:updatable="false" />
            <Property Name="Status" Type="Edm.String" Nullable="false" sap:unicode="false" sap:creatable="false" sap:updatable="false" />
            <Property Name="ITCPartNumberDescription" Type="Edm.String" Nullable="false" sap:unicode="false" sap:creatable="false" sap:updatable="false" />
            <Property Name="DeletionIndicator" Type="Edm.String" Nullable="false" sap:unicode="false" sap:creatable="false" sap:updatable="false" />
         </EntityType>
         <EntityType Name="ITCSalesOrgReport" sap:content-version="1">
            <Key>
               <PropertyRef Name="Region" />
               <PropertyRef Name="SalesOrg" />
               <PropertyRef Name="PrimaryPartNumber" />
               <PropertyRef Name="ITCPartNumber" />
            </Key>
            <Property Name="Region" Type="Edm.String" Nullable="false" sap:unicode="false" sap:creatable="false" sap:updatable="false" sap:sortable="false" sap:filterable="false" />
            <Property Name="SalesOrg" Type="Edm.String" Nullable="false" sap:unicode="false" sap:creatable="false" sap:updatable="false" sap:sortable="false" sap:filterable="false" />
            <Property Name="PrimaryPartNumber" Type="Edm.String" Nullable="false" sap:unicode="false" sap:creatable="false" sap:updatable="false" sap:sortable="false" sap:filterable="false" />
            <Property Name="ITCPartNumber" Type="Edm.String" Nullable="false" sap:unicode="false" sap:creatable="false" sap:updatable="false" sap:sortable="false" sap:filterable="false" />
            <Property Name="PlannerCode" Type="Edm.String" Nullable="false" sap:unicode="false" sap:creatable="false" sap:updatable="false" sap:sortable="false" sap:filterable="false" />
            <Property Name="ProgramID" Type="Edm.String" Nullable="false" sap:unicode="false" sap:creatable="false" sap:updatable="false" sap:sortable="false" sap:filterable="false" />
            <Property Name="CountryOfOrigin" Type="Edm.String" Nullable="false" sap:unicode="false" sap:creatable="false" sap:updatable="false" sap:sortable="false" sap:filterable="false" />
            <Property Name="Priority" Type="Edm.String" Nullable="false" sap:unicode="false" sap:creatable="false" sap:updatable="false" sap:sortable="false" sap:filterable="false" />
            <Property Name="ConfigCode" Type="Edm.String" Nullable="false" sap:unicode="false" sap:creatable="false" sap:updatable="false" sap:sortable="false" sap:filterable="false" />
            <Property Name="ITCPartNumberDescription" Type="Edm.String" Nullable="false" sap:unicode="false" sap:creatable="false" sap:updatable="false" sap:sortable="false" sap:filterable="false" />
            <Property Name="DeletionIndicator" Type="Edm.String" Nullable="false" sap:unicode="false" sap:creatable="false" sap:updatable="false" sap:sortable="false" sap:filterable="false" />
         </EntityType>
         <EntityType Name="ZC_ACITCBuyerCodesType" sap:label="List of Buyer Codes" sap:content-version="1">
            <Key>
               <PropertyRef Name="Buyercode" />
            </Key>
            <Property Name="Buyercode" Type="Edm.String" Nullable="false" MaxLength="3" sap:display-format="UpperCase" sap:label="Purchasing Group" />
         </EntityType>
         <EntityType Name="ZC_ACITCSlsOrgsType" sap:label="List Of Sales Organizations" sap:content-version="1">
            <Key>
               <PropertyRef Name="Salesorg" />
            </Key>
            <Property Name="Salesorg" Type="Edm.String" Nullable="false" MaxLength="4" sap:display-format="UpperCase" sap:label="Sales Organization" />
         </EntityType>
         <EntityType Name="GetITCErrorLog" sap:label="Consumption Errorlog" sap:content-version="1">
            <Key>
               <PropertyRef Name="ErrorId" />
            </Key>
            <Property Name="ErrorId" Type="Edm.Guid" Nullable="false" sap:display-format="UpperCase" sap:label="UUID" />
            <Property Name="RequestId" Type="Edm.Guid" sap:label="UUID" />
            <Property Name="Plant" Type="Edm.String" MaxLength="4" sap:display-format="UpperCase" sap:label="Plant" />
            <Property Name="PrimaryPart" Type="Edm.String" MaxLength="18" sap:display-format="UpperCase" sap:label="Material" />
            <Property Name="ItcPart" Type="Edm.String" MaxLength="18" sap:display-format="UpperCase" sap:label="Material" />
            <Property Name="Status" Type="Edm.String" MaxLength="1" sap:display-format="UpperCase" sap:label="Status" />
            <Property Name="Priority" Type="Edm.String" MaxLength="6" sap:display-format="UpperCase" sap:label="Ranking" />
            <Property Name="ErrorMessage" Type="Edm.String" MaxLength="220" sap:display-format="UpperCase" sap:label="Message text" />
            <Property Name="Erdat" Type="Edm.DateTime" Precision="0" sap:display-format="Date" sap:label="Created On" />
            <Property Name="Erzet" Type="Edm.Time" Precision="0" sap:label="Time" />
            <Property Name="Ernam" Type="Edm.String" MaxLength="12" sap:display-format="UpperCase" sap:label="Created By" />
         </EntityType>
         <EntityType Name="GetITCUploadFile" sap:label="AC ITC File upload Consumption" sap:content-version="1">
            <Key>
               <PropertyRef Name="RequestId" />
            </Key>
            <Property Name="RequestId" Type="Edm.Guid" Nullable="false" sap:label="UUID" />
            <Property Name="FileName" Type="Edm.String" sap:label="String" />
            <Property Name="Status" Type="Edm.String" MaxLength="1" sap:display-format="UpperCase" sap:label="Status" />
            <Property Name="StatusDescription" Type="Edm.String" MaxLength="20" sap:display-format="UpperCase" />
            <Property Name="Erdat" Type="Edm.DateTime" Precision="0" sap:display-format="Date" sap:label="Created On" />
            <Property Name="Erzet" Type="Edm.Time" Precision="0" sap:label="Time" />
            <Property Name="Ernam" Type="Edm.String" MaxLength="12" sap:display-format="UpperCase" sap:label="Created By" />
            <NavigationProperty Name="to_ITCErrLog" Relationship="ZOD_AC_ITC_SRV.assoc_AE886E8D0A5FCD0CAC6D367F0F30FB16" FromRole="FromRole_assoc_AE886E8D0A5FCD0CAC6D367F0F30FB16" ToRole="ToRole_assoc_AE886E8D0A5FCD0CAC6D367F0F30FB16" />
         </EntityType>
         <EntityType Name="ZC_ITCErrorReportType" sap:label="Consumption For ITC SalesOrgs Errors" sap:content-version="1">
            <Key>
               <PropertyRef Name="RequestId" />
            </Key>
            <Property Name="RequestId" Type="Edm.Guid" Nullable="false" sap:display-format="UpperCase" sap:label="UUID" />
            <Property Name="ArchivId" Type="Edm.String" MaxLength="2" sap:display-format="UpperCase" sap:label="Content Rep. ID" />
            <Property Name="ArcDocId" Type="Edm.String" MaxLength="40" sap:label="Document ID" />
            <Property Name="DocumentType" Type="Edm.String" MaxLength="10" sap:display-format="UpperCase" sap:label="Document type" />
            <Property Name="FileName" Type="Edm.String" MaxLength="128" sap:label="File Name" />
            <Property Name="CreatedBy" Type="Edm.String" MaxLength="12" sap:display-format="UpperCase" sap:label="Created By" />
            <Property Name="CreatedDate" Type="Edm.DateTime" Precision="0" sap:display-format="Date" sap:label="Created On" />
            <Property Name="CreatedTime" Type="Edm.Time" Precision="0" sap:label="Created at" />
         </EntityType>
         <EntityType Name="ZC_ACITCPlannerCodesType" sap:label="Consumption for List Of Planner Codes" sap:content-version="1">
            <Key>
               <PropertyRef Name="PlannerCode" />
            </Key>
            <Property Name="PlannerCode" Type="Edm.String" Nullable="false" MaxLength="3" sap:display-format="UpperCase" sap:label="MRP Controller" />
         </EntityType>
         <EntityType Name="ZC_ACITCPlantsType" sap:label="List of Plants" sap:content-version="1">
            <Key>
               <PropertyRef Name="Plant" />
            </Key>
            <Property Name="Plant" Type="Edm.String" Nullable="false" MaxLength="4" sap:display-format="UpperCase" sap:label="Plant" />
         </EntityType>
         <EntityType Name="ZC_ACITCProgramIdsType" sap:label="List of Program Id''s" sap:content-version="1">
            <Key>
               <PropertyRef Name="ProgramId" />
            </Key>
            <Property Name="ProgramId" Type="Edm.String" Nullable="false" MaxLength="10" sap:display-format="UpperCase" sap:label="Project Code" />
         </EntityType>
         <Association Name="assoc_AE886E8D0A5FCD0CAC6D367F0F30FB16" sap:content-version="1">
            <End Type="ZOD_AC_ITC_SRV.GetITCUploadFile" Multiplicity="1" Role="FromRole_assoc_AE886E8D0A5FCD0CAC6D367F0F30FB16" />
            <End Type="ZOD_AC_ITC_SRV.GetITCErrorLog" Multiplicity="*" Role="ToRole_assoc_AE886E8D0A5FCD0CAC6D367F0F30FB16" />
         </Association>
         <Association Name="PrimaryPart_ITCPart" sap:content-version="1">
            <End Type="ZOD_AC_ITC_SRV.PrimaryPart" Multiplicity="1" Role="FromRole_PrimaryPart_ITCPart" />
            <End Type="ZOD_AC_ITC_SRV.ITCPart" Multiplicity="*" Role="ToRole_PrimaryPart_ITCPart" />
            <ReferentialConstraint>
               <Principal Role="FromRole_PrimaryPart_ITCPart">
                  <PropertyRef Name="Plant" />
                  <PropertyRef Name="PrimaryPartNumber" />
               </Principal>
               <Dependent Role="ToRole_PrimaryPart_ITCPart">
                  <PropertyRef Name="Plant" />
                  <PropertyRef Name="PrimaryPartNumber" />
               </Dependent>
            </ReferentialConstraint>
         </Association>
         <EntityContainer Name="ZOD_AC_ITC_SRV_Entities" m:IsDefaultEntityContainer="true" sap:supported-formats="atom json xlsx">
            <EntitySet Name="ZC_ACITCBuyerCodes" EntityType="ZOD_AC_ITC_SRV.ZC_ACITCBuyerCodesType" sap:creatable="false" sap:updatable="false" sap:deletable="false" sap:content-version="1" />
            <EntitySet Name="GetITCUploadFileSet" EntityType="ZOD_AC_ITC_SRV.GetITCUploadFile" sap:creatable="false" sap:updatable="false" sap:deletable="false" sap:content-version="1" />
            <EntitySet Name="ZC_ACITCPlannerCodes" EntityType="ZOD_AC_ITC_SRV.ZC_ACITCPlannerCodesType" sap:creatable="false" sap:updatable="false" sap:deletable="false" sap:content-version="1" />
            <EntitySet Name="ZC_ACITCPlants" EntityType="ZOD_AC_ITC_SRV.ZC_ACITCPlantsType" sap:creatable="false" sap:updatable="false" sap:deletable="false" sap:content-version="1" />
            <EntitySet Name="ZC_ACITCProgramIds" EntityType="ZOD_AC_ITC_SRV.ZC_ACITCProgramIdsType" sap:creatable="false" sap:updatable="false" sap:deletable="false" sap:content-version="1" />
            <AssociationSet Name="assoc_AE886E8D0A5FCD0CAC6D367F0F30FB16" Association="ZOD_AC_ITC_SRV.assoc_AE886E8D0A5FCD0CAC6D367F0F30FB16" sap:creatable="false" sap:updatable="false" sap:deletable="false" sap:content-version="1">
               <End EntitySet="GetITCUploadFileSet" Role="FromRole_assoc_AE886E8D0A5FCD0CAC6D367F0F30FB16" />
               <End EntitySet="GetITCErrorLogSet" Role="ToRole_assoc_AE886E8D0A5FCD0CAC6D367F0F30FB16" />
            </AssociationSet>
            <AssociationSet Name="PrimaryPart_ITCPartSet" Association="ZOD_AC_ITC_SRV.PrimaryPart_ITCPart" sap:creatable="false" sap:updatable="false" sap:deletable="false" sap:content-version="1">
               <End EntitySet="PrimaryPartSet" Role="FromRole_PrimaryPart_ITCPart" />
               <End EntitySet="ITCPartSet" Role="ToRole_PrimaryPart_ITCPart" />
            </AssociationSet>
            <FunctionImport Name="GetITCPartNoDetails" ReturnType="ZOD_AC_ITC_SRV.ITCPart" EntitySet="ITCPartSet" m:HttpMethod="GET">
               <Parameter Name="ITCPartNumber" Type="Edm.String" Mode="In" />
            </FunctionImport>
         </EntityContainer>
         <atom:link xmlns:atom="http://www.w3.org/2005/Atom" rel="self" href="https://dv5devcert:8437/sap/opu/odata/sap/zod_ac_itc_srv/$metadata" />
         <atom:link xmlns:atom="http://www.w3.org/2005/Atom" rel="latest-version" href="https://dv5devcert:8437/sap/opu/odata/sap/zod_ac_itc_srv/$metadata" />
      </Schema>
   </edmx:DataServices>
</edmx:Edmx>