<core:FragmentDefinition xmlns="sap.m"
    xmlns:core="sap.ui.core"
	xmlns:mvc="sap.ui.core.mvc"
	xmlns:smartFilterBar="sap.ui.comp.smartfilterbar"
	xmlns:smartTable="sap.ui.comp.smarttable"
	xmlns:html="http://www.w3.org/1999/xhtml"
	xmlns:app="http://schemas.sap.com/sapui5/extension/sap.ui.core.CustomData/1">

	<VBox>
			<smartFilterBar:SmartFilterBar id="smartFilterBar">
            <smartFilterBar:layoutData>
					<FlexItemData shrinkFactor="0"/>
				</smartFilterBar:layoutData>
			</smartFilterBar:SmartFilterBar>
			<smartTable:SmartTable id="smartTab" smartFilterId="smartFilterBar" tableType="ResponsiveTable" useExportToExcel="true" beforeExport="onBeforeExport" 
            useVariantManagement="false" useTablePersonalisation="true" showRowCount="true" enableAutoBinding="true" class="sapUiResponsiveContentPadding" 
             app:useSmartToggle="true" placeToolbarInTable="true">
				<Table sticky="ColumnHeaders,HeaderToolbar" />
			</smartTable:SmartTable>
		</VBox>
</core:FragmentDefinition>