{
  "xsappname": "massupload",
  "tenant-mode": "dedicated",
  "description": "Security profile of called application",
  "scopes": [
    {
      "name": "uaa.user",
      "description": "UAA"
    },
    {
      "name": "$XSAPPNAME.W_OWW_MASS",
      "description": "Business User Access"
    },
 {
      "name": "$XSAPPNAME.U_IGB_HIST",
      "description": "IS&T User Access"
    }
  ],
  "role-templates": [
    {
      "name": "Token_Exchange",
      "description": "UAA",
      "scope-references": [
        "uaa.user"
      ]
    },
    {
      "name": "W_OWW_MASS",
      "description": "Business User Access",
      "scope-references": [
        "$XSAPPNAME.W_OWW_MASS"
      ]
    },
    {
      "name": "U_IGB_HIST",
      "description": "IS&T User Access",
      "scope-references": [
        "$XSAPPNAME.U_IGB_HIST"
      ]
    }
  ],
  "oauth2-configuration": {
    "redirect-uris": ["https://massuploadcloud-dev-cp.corp.apple.com/**","https://massuploadcloud-uat-cp.corp.apple.com/**","https://massuploadcloud-cp.corp.apple.com/**"],
    "allowedproviders": ["corp-apps"]
  }
}
