<edmx:Edmx xmlns:edmx="http://schemas.microsoft.com/ado/2007/06/edmx"
	xmlns:m="http://schemas.microsoft.com/ado/2007/08/dataservices/metadata" xmlns:sap="http://www.sap.com/Protocols/SAPData" Version="1.0">
	<edmx:DataServices m:DataServiceVersion="2.0">
		<Schema xmlns="http://schemas.microsoft.com/ado/2008/09/edm" Namespace="ZOD_LAZARUS_DCSHIPMENTS_SRV" xml:lang="en" sap:schema-version="1">
			<EntityType Name="SearchResultCounts" sap:content-version="1">
				<Key><PropertyRef Name="PartsPendingCnt"/><PropertyRef Name="CarrierDetCnt"/><PropertyRef Name="ReadyForShipCnt"/><PropertyRef Name="ErrorCnt"/></Key><Property Name="PartsPendingCnt" Type="Edm.String" Nullable="false" MaxLength="11" sap:unicode="false" sap:creatable="false"
					sap:updatable="false" sap:sortable="false" sap:filterable="false"/><Property Name="CarrierDetCnt" Type="Edm.String" Nullable="false" MaxLength="11" sap:unicode="false" sap:creatable="false"
					sap:updatable="false" sap:sortable="false" sap:filterable="false"/><Property Name="ReadyForShipCnt" Type="Edm.String" Nullable="false" MaxLength="11" sap:unicode="false" sap:creatable="false"
					sap:updatable="false" sap:sortable="false" sap:filterable="false"/><Property Name="ErrorCnt" Type="Edm.String" Nullable="false" MaxLength="11" sap:unicode="false" sap:creatable="false" sap:updatable="false"
					sap:sortable="false" sap:filterable="false"/><NavigationProperty Name="SearchResCntToPartsPending" Relationship="ZOD_LAZARUS_DCSHIPMENTS_SRV.AssocSearchResCntToPartsPending"
					FromRole="FromRole_AssocSearchResCntToPartsPending" ToRole="ToRole_AssocSearchResCntToPartsPending"/></EntityType>
			<EntityType Name="PartsPending" sap:content-version="1">
				<Key><PropertyRef Name="Zzkatr7"/></Key><Property Name="Zzkatr7" Type="Edm.String" Nullable="false" MaxLength="3" sap:unicode="false" sap:label="ZZKATR7" sap:creatable="false"
					sap:updatable="false" sap:sortable="false" sap:filterable="false"/><Property Name="Ztref" Type="Edm.String" Nullable="false" MaxLength="10" sap:unicode="false" sap:label="Reference Number"
					sap:creatable="false" sap:updatable="false" sap:sortable="false" sap:filterable="false"/><Property Name="Freight" Type="Edm.String" Nullable="false" MaxLength="10" sap:unicode="false" sap:label="FREIGHT" sap:creatable="false"
					sap:updatable="false" sap:sortable="false" sap:filterable="false"/><Property Name="Prdha" Type="Edm.String" Nullable="false" MaxLength="18" sap:unicode="false" sap:label="PRDHA" sap:creatable="false"
					sap:updatable="false" sap:sortable="false" sap:filterable="false"/><Property Name="Carrier" Type="Edm.String" Nullable="false" MaxLength="10" sap:unicode="false" sap:label="CARRIER" sap:creatable="false"
					sap:updatable="false" sap:sortable="false" sap:filterable="false"/><Property Name="LoadRequest" Type="Edm.String" Nullable="false" MaxLength="22" sap:unicode="false" sap:label="945 Unique Trans.Ref"
					sap:creatable="false" sap:updatable="false" sap:sortable="false" sap:filterable="false"/><Property Name="Zwrncov" Type="Edm.String" Nullable="false" sap:unicode="false" sap:label="ZWRNCOV" sap:creatable="false"
					sap:updatable="false" sap:sortable="false" sap:filterable="false"/><Property Name="Zvantref" Type="Edm.String" Nullable="false" MaxLength="15" sap:unicode="false" sap:label="Dispatch ID"
					sap:creatable="false" sap:updatable="false" sap:sortable="false" sap:filterable="false"/><Property Name="Zvaspdrc" Type="Edm.String" Nullable="false" sap:unicode="false" sap:label="ZVASPDRC" sap:creatable="false"
					sap:updatable="false" sap:sortable="false" sap:filterable="false"/><Property Name="Zstatus" Type="Edm.String" Nullable="false" MaxLength="2" sap:unicode="false" sap:label="STATUS" sap:creatable="false"
					sap:updatable="false" sap:sortable="false" sap:filterable="false"/><Property Name="Tooltip" Type="Edm.String" Nullable="false" sap:unicode="false" sap:label="TOOLTIP" sap:creatable="false"
					sap:updatable="false" sap:sortable="false" sap:filterable="false"/><Property Name="Ctn" Type="Edm.String" Nullable="false" MaxLength="30" sap:unicode="false" sap:label="CTN" sap:creatable="false"
					sap:updatable="false" sap:sortable="false" sap:filterable="false"/><Property Name="Parnr" Type="Edm.String" Nullable="false" MaxLength="10" sap:unicode="false" sap:label="PARNR" sap:creatable="false"
					sap:updatable="false" sap:sortable="false" sap:filterable="false"/><Property Name="Proforma" Type="Edm.String" Nullable="false" MaxLength="10" sap:unicode="false" sap:label="Sales Document"
					sap:creatable="false" sap:updatable="false" sap:sortable="false" sap:filterable="false"/><Property Name="Invoice" Type="Edm.String" Nullable="false" sap:unicode="false" sap:label="INVOICE" sap:creatable="false"
					sap:updatable="false" sap:sortable="false" sap:filterable="false"/><Property Name="Proformaitm" Type="Edm.String" Nullable="false" MaxLength="6" sap:unicode="false" sap:label="Item" sap:creatable="false"
					sap:updatable="false" sap:sortable="false" sap:filterable="false"/><Property Name="InvoiceImg" Type="Edm.String" Nullable="false" sap:unicode="false" sap:label="INVOICE_IMG" sap:creatable="false"
					sap:updatable="false" sap:sortable="false" sap:filterable="false"/><Property Name="ResBusProcess" Type="Edm.String" Nullable="false" MaxLength="70" sap:unicode="false" sap:label="RES_BUS_PROCESS"
					sap:creatable="false" sap:updatable="false" sap:sortable="false" sap:filterable="false"/><Property Name="Packing" Type="Edm.String" Nullable="false" sap:unicode="false" sap:label="PACKING" sap:creatable="false"
					sap:updatable="false" sap:sortable="false" sap:filterable="false"/><Property Name="ResGrpEmail" Type="Edm.String" Nullable="false" MaxLength="241" sap:unicode="false" sap:label="E-Mail Address"
					sap:creatable="false" sap:updatable="false" sap:sortable="false" sap:filterable="false"/><Property Name="PackingImg" Type="Edm.String" Nullable="false" sap:unicode="false" sap:label="PACKING_IMG" sap:creatable="false"
					sap:updatable="false" sap:sortable="false" sap:filterable="false"/><Property Name="ResPersonResp" Type="Edm.String" Nullable="false" MaxLength="80" sap:unicode="false" sap:label="RES_PERSON_RESP"
					sap:creatable="false" sap:updatable="false" sap:sortable="false" sap:filterable="false"/><Property Name="PurContract" Type="Edm.String" Nullable="false" sap:unicode="false" sap:label="PUR_CONTRACT" sap:creatable="false"
					sap:updatable="false" sap:sortable="false" sap:filterable="false"/><Property Name="ResContactNum" Type="Edm.String" Nullable="false" MaxLength="30" sap:unicode="false" sap:label="RES_CONTACT_NUM"
					sap:creatable="false" sap:updatable="false" sap:sortable="false" sap:filterable="false"/><Property Name="ResErrDesc" Type="Edm.String" Nullable="false" MaxLength="100" sap:unicode="false" sap:label="RES_ERR_DESC"
					sap:creatable="false" sap:updatable="false" sap:sortable="false" sap:filterable="false"/><Property Name="PurContractImg" Type="Edm.String" Nullable="false" sap:unicode="false" sap:label="PUR_CONTRACT_IMG" sap:creatable="false"
					sap:updatable="false" sap:sortable="false" sap:filterable="false"/><Property Name="Qmnum" Type="Edm.String" Nullable="false" MaxLength="12" sap:unicode="false" sap:label="QMNUM" sap:creatable="false"
					sap:updatable="false" sap:sortable="false" sap:filterable="false"/><Property Name="Ernam" Type="Edm.String" Nullable="false" MaxLength="12" sap:unicode="false" sap:label="Created By" sap:creatable="false"
					sap:updatable="false" sap:sortable="false" sap:filterable="false"/><Property Name="Vbeln" Type="Edm.String" Nullable="false" MaxLength="10" sap:unicode="false" sap:label="Sales Document"
					sap:creatable="false" sap:updatable="false" sap:sortable="false" sap:filterable="false"/><Property Name="Erdat" Type="Edm.DateTime" Nullable="false" Precision="7" sap:unicode="false" sap:label="Created On" sap:creatable="false"
					sap:updatable="false" sap:sortable="false" sap:filterable="false"/><Property Name="Erzeit" Type="Edm.Time" Nullable="false" Precision="0" sap:unicode="false" sap:label="Time" sap:creatable="false"
					sap:updatable="false" sap:sortable="false" sap:filterable="false"/><Property Name="Posnr" Type="Edm.String" Nullable="false" MaxLength="6" sap:unicode="false" sap:label="Item" sap:creatable="false"
					sap:updatable="false" sap:sortable="false" sap:filterable="false"/><Property Name="Aenam" Type="Edm.String" Nullable="false" MaxLength="12" sap:unicode="false" sap:label="Changed by" sap:creatable="false"
					sap:updatable="false" sap:sortable="false" sap:filterable="false"/><Property Name="Bautl" Type="Edm.String" Nullable="false" MaxLength="18" sap:unicode="false" sap:label="BAUTL" sap:creatable="false"
					sap:updatable="false" sap:sortable="false" sap:filterable="false"/><Property Name="Maktx" Type="Edm.String" Nullable="false" MaxLength="40" sap:unicode="false" sap:label="MAKTX" sap:creatable="false"
					sap:updatable="false" sap:sortable="false" sap:filterable="false"/><Property Name="Aedat" Type="Edm.DateTime" Nullable="false" Precision="7" sap:unicode="false" sap:label="Changed On" sap:creatable="false"
					sap:updatable="false" sap:sortable="false" sap:filterable="false"/><Property Name="Zhazmat" Type="Edm.String" Nullable="false" MaxLength="18" sap:unicode="false" sap:label="ZHAZMAT" sap:creatable="false"
					sap:updatable="false" sap:sortable="false" sap:filterable="false"/><Property Name="Aezeit" Type="Edm.Time" Nullable="false" Precision="0" sap:unicode="false" sap:label="Time" sap:creatable="false"
					sap:updatable="false" sap:sortable="false" sap:filterable="false"/><Property Name="Zbatnetweight" Type="Edm.String" Nullable="false" MaxLength="16" sap:unicode="false" sap:label="Battery Net Weight"
					sap:creatable="false" sap:updatable="false" sap:sortable="false" sap:filterable="false"/><Property Name="GrStatus" Type="Edm.String" Nullable="false" MaxLength="2" sap:unicode="false" sap:label="GR Status" sap:creatable="false"
					sap:updatable="false" sap:sortable="false" sap:filterable="false"/><Property Name="Charg" Type="Edm.String" Nullable="false" MaxLength="10" sap:unicode="false" sap:label="Batch" sap:creatable="false"
					sap:updatable="false" sap:sortable="false" sap:filterable="false"/><Property Name="Trkno" Type="Edm.String" Nullable="false" MaxLength="35" sap:unicode="false" sap:label="TRKNO" sap:creatable="false"
					sap:updatable="false" sap:sortable="false" sap:filterable="false"/><Property Name="Zgrctn" Type="Edm.String" Nullable="false" MaxLength="30" sap:unicode="false" sap:label="ZGRCTN" sap:creatable="false"
					sap:updatable="false" sap:sortable="false" sap:filterable="false"/><Property Name="Qmart" Type="Edm.String" Nullable="false" MaxLength="2" sap:unicode="false" sap:label="QMART" sap:creatable="false"
					sap:updatable="false" sap:sortable="false" sap:filterable="false"/><Property Name="Zgrcarrier" Type="Edm.String" Nullable="false" MaxLength="10" sap:unicode="false" sap:label="ZGRCARRIER"
					sap:creatable="false" sap:updatable="false" sap:sortable="false" sap:filterable="false"/><Property Name="Priok" Type="Edm.String" Nullable="false" MaxLength="1" sap:unicode="false" sap:label="PRIOK" sap:creatable="false"
					sap:updatable="false" sap:sortable="false" sap:filterable="false"/><Property Name="Zgrzeit" Type="Edm.Time" Nullable="false" Precision="0" sap:unicode="false" sap:label="ZGRZEIT" sap:creatable="false"
					sap:updatable="false" sap:sortable="false" sap:filterable="false"/><Property Name="Serialnr" Type="Edm.String" Nullable="false" MaxLength="18" sap:unicode="false" sap:label="SERIALNR" sap:creatable="false"
					sap:updatable="false" sap:sortable="false" sap:filterable="false"/><Property Name="Werks" Type="Edm.String" Nullable="false" MaxLength="4" sap:unicode="false" sap:label="Plant" sap:creatable="false"
					sap:updatable="false" sap:sortable="false" sap:filterable="false"/><Property Name="Zgrzone" Type="Edm.String" Nullable="false" MaxLength="6" sap:unicode="false" sap:label="ZGRZONE" sap:creatable="false"
					sap:updatable="false" sap:sortable="false" sap:filterable="false"/><Property Name="Vstel" Type="Edm.String" Nullable="false" MaxLength="4" sap:unicode="false" sap:label="VSTEL" sap:creatable="false"
					sap:updatable="false" sap:sortable="false" sap:filterable="false"/><Property Name="ZhazmatStatus" Type="Edm.String" Nullable="false" MaxLength="2" sap:unicode="false" sap:label="Battery Status"
					sap:creatable="false" sap:updatable="false" sap:sortable="false" sap:filterable="false"/><Property Name="Zshipper" Type="Edm.String" Nullable="false" MaxLength="10" sap:unicode="false" sap:label="ZSHIPPER" sap:creatable="false"
					sap:updatable="false" sap:sortable="false" sap:filterable="false"/><Property Name="Bstnk" Type="Edm.String" Nullable="false" MaxLength="20" sap:unicode="false" sap:label="BSTNK" sap:creatable="false"
					sap:updatable="false" sap:sortable="false" sap:filterable="false"/><Property Name="Edatu" Type="Edm.DateTime" Nullable="false" Precision="7" sap:unicode="false" sap:label="Date" sap:creatable="false"
					sap:updatable="false" sap:sortable="false" sap:filterable="false"/><Property Name="Quantity" Type="Edm.String" Nullable="false" MaxLength="17" sap:unicode="false" sap:label="QUANTITY" sap:creatable="false"
					sap:updatable="false" sap:sortable="false" sap:filterable="false"/><Property Name="Commcd" Type="Edm.String" Nullable="false" MaxLength="30" sap:unicode="false" sap:label="COMMCD" sap:creatable="false"
					sap:updatable="false" sap:sortable="false" sap:filterable="false"/><Property Name="Urcod" Type="Edm.String" Nullable="false" MaxLength="4" sap:unicode="false" sap:label="URCOD" sap:creatable="false"
					sap:updatable="false" sap:sortable="false" sap:filterable="false"/></EntityType>
			<Association Name="AssocSearchResCntToPartsPending" sap:content-version="1"><End Type="ZOD_LAZARUS_DCSHIPMENTS_SRV.SearchResultCounts" Multiplicity="1" Role="FromRole_AssocSearchResCntToPartsPending"/><End Type="ZOD_LAZARUS_DCSHIPMENTS_SRV.PartsPending" Multiplicity="*" Role="ToRole_AssocSearchResCntToPartsPending"/>
				<ReferentialConstraint>
					<Principal Role="FromRole_AssocSearchResCntToPartsPending"><PropertyRef Name="CarrierDetCnt"/><PropertyRef Name="ReadyForShipCnt"/><PropertyRef Name="ErrorCnt"/><PropertyRef Name="PartsPendingCnt"/></Principal>
					<Dependent Role="ToRole_AssocSearchResCntToPartsPending"><PropertyRef Name="Trkno"/><PropertyRef Name="ZhazmatStatus"/><PropertyRef Name="Zgrcarrier"/><PropertyRef Name="Zgrctn"/></Dependent>
				</ReferentialConstraint>
			</Association>
			<EntityContainer Name="ZOD_LAZARUS_DCSHIPMENTS_SRV_Entities" m:IsDefaultEntityContainer="true" sap:supported-formats="atom json xlsx"><EntitySet Name="SearchResultCountsSet" EntityType="ZOD_LAZARUS_DCSHIPMENTS_SRV.SearchResultCounts" sap:creatable="false"
				sap:updatable="false" sap:deletable="false" sap:pageable="false" sap:addressable="false" sap:content-version="1"/><EntitySet Name="PartsPendingSet" EntityType="ZOD_LAZARUS_DCSHIPMENTS_SRV.PartsPending" sap:creatable="false" sap:updatable="false"
				sap:deletable="false" sap:pageable="false" sap:addressable="false" sap:content-version="1"/>
				<AssociationSet Name="AssocSearchResCntToPartsPendingSet" Association="ZOD_LAZARUS_DCSHIPMENTS_SRV.AssocSearchResCntToPartsPending"
					sap:creatable="false" sap:updatable="false" sap:deletable="false" sap:content-version="1"><End EntitySet="SearchResultCountsSet" Role="FromRole_AssocSearchResCntToPartsPending"/><End EntitySet="PartsPendingSet" Role="ToRole_AssocSearchResCntToPartsPending"/></AssociationSet>
				<FunctionImport Name="Search" ReturnType="Collection(ZOD_LAZARUS_DCSHIPMENTS_SRV.SearchResultCounts)" EntitySet="SearchResultCountsSet"
					m:HttpMethod="GET" sap:action-for="ZOD_LAZARUS_DCSHIPMENTS_SRV.SearchResultCounts"><Parameter Name="TAB" Type="Edm.String" Mode="In"/></FunctionImport>
			</EntityContainer><atom:link xmlns:atom="http://www.w3.org/2005/Atom" rel="self" href="./sap/ZOD_LAZARUS_DCSHIPMENTS_SRV/$metadata"/><atom:link xmlns:atom="http://www.w3.org/2005/Atom" rel="latest-version" href="./sap/ZOD_LAZARUS_DCSHIPMENTS_SRV/$metadata"/></Schema>
	</edmx:DataServices>
</edmx:Edmx>