{
  "welcomeFile": "/index.html",
  "authenticationMethod": "route",
  "routes": [{
     "source": "^/OLYMPUS_APIM/(.*)$",
     "target": "$1",
    "authenticationType": "xsuaa",
     "destination": "OLYMPUS_APIM",
      "csrfProtection": false
   },
{
     "source": "^/test/(.*)$",
     "target": "$1",
     "authenticationType": "xsuaa",
     "destination": "test",
      "csrfProtection": false
   },
    {
      "source": "^(.*)$",
      "target": "$1",
      "service": "html5-apps-repo-rt",
      "authenticationType": "xsuaa"
    }
  ]
}
