<core:FragmentDefinition xmlns="sap.m" xmlns:l="sap.ui.layout" xmlns:f="sap.ui.layout.form" xmlns:core="sap.ui.core">
	<Dialog title="Edit User" id="idUploadFileDialog" contentHeight="570px" contentWidth="450px">
		<content>
			<VBox class="sapUiSmallMargin">
				<f:SimpleForm id="idEdidUserSimpleForm" editable="true" layout="ResponsiveGridLayout" labelSpanXL="3" labelSpanL="3" labelSpanM="3"
					labelSpanS="12" adjustLabelSpan="false" emptySpanXL="4" emptySpanL="4" emptySpanM="4" emptySpanS="0" columnsXL="1" columnsL="1" columnsM="1"
					singleContainerFullSize="false">
					<f:content>
						<Label text="User Name"/>
						<Input id="name" value="{UserDetailsModel>/Uname}"/>
						<Label text="DSID"/>
						<Input value="{UserDetailsModel>/PersonDsid}" editable="false"></Input>
						<Label text="Email ID"/>
						<Input value="{UserDetailsModel>/EmailId}" editable="false"/>
						<Label text="Contact"/>
						<Input value="{UserDetailsModel>/ContactDetails}"/>
						<Label text="Effective Date"/>
						<!--<DatePicker value="{ path: 'UserDetailsModel>/UserStartDate', type: 'sap.ui.model.odata.type.DateTime', constraints: { displayFormat: 'MM.dd.yyyy' } }"/>-->
						<DatePicker id="idUserStartDate" displayFormat="MM.dd.yyyy" valueFormat="yyyyMMdd"/>
						<Label text="Effective End Date"/>
						<DatePicker id="idEndDate" displayFormat="MM.dd.yyyy" valueFormat="yyyyMMdd"/>
						<Label text="Access Type"/>
						<Select id="idAccessType" selectedKey="{UserDetailsModel>/AccessType}" items="{AccessTypeModel>/results}">
							<items>
								<core:ListItem key="{AccessTypeModel>Key}" text="{AccessTypeModel>Text} - {AccessTypeModel>Key}"/>
							</items>
						</Select>
					</f:content>
				</f:SimpleForm>
			</VBox>
		</content>
		<beginButton>
			<Button text="Cancel" press="onEditCancelBtnPress" class="zPrimaryButton sapUiTinyMarginBegin sapUiTinyMarginTop sapUiTinyMarginBottom"/>
		</beginButton>
		<endButton>
			<Button text="Submit" press="onEditSubmitBtnPress" class="zSecondaryButton sapUiTinyMarginBegin sapUiTinyMarginTop sapUiTinyMarginBottom"/>
		</endButton>
	</Dialog>
</core:FragmentDefinition>