{
    "d": {
        "results": [
            {
                "__metadata": {
                    "id": "http://epweb-dev.corp.apple.com/sap/opu/odata/sap/ZOD_DAT_CVC_WAVE_SRV/SysConfigSet('E0658289')",
                    "uri": "http://epweb-dev.corp.apple.com/sap/opu/odata/sap/ZOD_DAT_CVC_WAVE_SRV/SysConfigSet('E0658289')",
                    "type": "ZOD_DAT_CVC_WAVE_SRV.SysConfig"
                },
                "Bname": "E0658289",
                "FiscWeek": "PAST",
                "Secprofile": "O_D42_5600",
                "SupplyFlg": false,
                "Region": "AMR",
                "BacklogFlg": false,
                "RocFlg": true,
                "Aenam": "E0658289",
                "Aedat": "20220617",
                "Aezet": "062417",
                "CreatedBy": "E0658289",
                "CreateDate": "20220527",
                "CreateTime": "051350",
                "HelpLink": "https://sosdevelopment.apple.com/course/a7190480-cafe-11ea-a5a7-c1bf25875dc9"
            }
        ]
    }
}