<core:FragmentDefinition xmlns="sap.m" xmlns:core="sap.ui.core" xmlns:l="sap.ui.layout" xmlns:f="sap.ui.layout.form">
		<Dialog showHeader="false"   contentHeight="44%" class="CreateGrievDialog sapUiSizeCompact" >
			<content>
				<f:SimpleForm id="SimpleFormToolbar" editable="true" layout="ResponsiveGridLayout">
					<f:toolbar>
						<Toolbar class="requestFormBar">
							<Title id="Title1" text="Download Templates" class="requestFormTitle"/>
							<ToolbarSpacer/>
							<core:Icon src="sap-icon://decline"  class="RFRDeclineButton" press="onDialogClose"></core:Icon>
						</Toolbar>
					</f:toolbar>
					<l:Grid hSpacing="1" defaultSpan="XL6 L6 M6 S12">
						<l:content>
                         <HBox>
							<Label text="Document" design="Bold" class="sapUiLargeMarginEnd"></Label>		
							
							<layoutData>
										<l:GridData span="XL4 L4 M6 S12" linebreakL="true" linebreakM="true" linebreakS="true"/>
									</layoutData>
							</HBox>
                        <HBox>
							<Label text="Shipment_Template.csv" id="CreateGrievName" class="sapUiLargeMarginEnd"></Label>
							
							
								<core:Icon src="sap-icon://download" class="shipDocCss" press="onShipmentDownload"></core:Icon>
							<layoutData>
										<l:GridData span="XL4 L4 M6 S12" linebreakL="true" linebreakM="true" linebreakS="true"/>
									</layoutData>
							</HBox>
                             <HBox>
							<Label text="Container_NonBooking_Confirmed_Template.csv" class="sapUiLargeMarginEnd"></Label>
								<core:Icon src="sap-icon://download" class="NonBookDocCss" press="onNBConfirm"></core:Icon>
                               
							<layoutData>
										<l:GridData span="XL4 L4 M6 S12" linebreakL="true" linebreakM="true" linebreakS="true"/>
									</layoutData>
                                    </HBox>
                                      <HBox>
							<Label text="Container_Booking_Confirmed_Template.csv"  class="sapUiLargeMarginEnd"></Label>
								<core:Icon src="sap-icon://download" class="BookDocCss" press="onBConfirm"></core:Icon>
                               
							<layoutData>
										<l:GridData span="XL4 L4 M6 S12" linebreakL="true" linebreakM="true" linebreakS="true"/>
									</layoutData>
                                    </HBox>
						<HBox>
							<Label text="Event Mapping" design="Bold" class="sapUiLargeMarginEnd"></Label>		
							
							<layoutData>
										<l:GridData span="XL4 L4 M6 S12" linebreakL="true" linebreakM="true" linebreakS="true"/>
									</layoutData>
							</HBox>
                            <HBox>
							<Label text="Event_Codes_List.xls" class="sapUiLargeMarginEnd"></Label>		
							<core:Icon src="sap-icon://download" class="EventCss" press="closeRFRDialog"></core:Icon>
							<layoutData>
										<l:GridData span="XL4 L4 M6 S12" linebreakL="true" linebreakM="true" linebreakS="true"/>
									</layoutData>
							</HBox>
						</l:content>
					</l:Grid>
                    </f:SimpleForm>
                    	</content>
					
				 <Toolbar>
						<ToolbarSpacer/>
						<Button text="Download All" type="Emphasized" class="downloadBtnCss sapUiSmallMarginEnd" press="onDownloadAll"/>
					</Toolbar>
		
		</Dialog>
       
</core:FragmentDefinition>