<core:FragmentDefinition xmlns="sap.m" xmlns:core="sap.ui.core" xmlns:l="sap.ui.layout" xmlns:f="sap.ui.layout.form">
		<Dialog showHeader="false" contentWidth="400px" class="CreateGrievDialog" >
     
			<content>
 <l:VerticalLayout >
		<f:Form id="FormDisplayColumn_oneGroup234"
			editable="false" >
            <f:toolbar>
					<Toolbar class="requestFormBar">
						<Title id="Title1" text="Filter" class="requestFormTitle"/>
						<ToolbarSpacer/>
						<core:Icon src="sap-icon://decline" class="RFRDeclineButton" press="onDialogClose"></core:Icon>
					</Toolbar>
				</f:toolbar>
         
				
			<f:layout>
				<f:ColumnLayout 
					columnsM="2"
					columnsL="3"
					columnsXL="4"
				/>
			</f:layout>
			<f:formContainers>
				<f:FormContainer>
					<f:formElements>
						<f:FormElement label="File Type">
							<f:fields>
								<ComboBox id="idFilFTCombo" class="ComboCss" selectionChange="onChangeFT"> 
                                <items>
                                	<core:Item key="214" text="214"/>
                                    	<core:Item key="315BF" text="315BF"/>
                                        	<core:Item key="315NBF" text="315NBF"/>
                                            
                                </items>
                                </ComboBox>
							</f:fields>
						</f:FormElement>
						<f:FormElement label="Date">
                       
							<f:fields>
                           
                            <DatePicker id="idFilterFromDate" class="ComboCss" displayFormat="YYYY-MM-dd" valueFormat="YYYYMMdd"></DatePicker>
                            <DatePicker  id="idFilterToDate" class="ComboCss" displayFormat="YYYY-MM-dd" valueFormat="YYYYMMdd"></DatePicker>
                        
							</f:fields>
						</f:FormElement>
						<f:FormElement label="Time">
							<f:fields>
								<TimePicker id="idFilterFromTime" class="ComboCss"></TimePicker>
                                <TimePicker  id="idFilterToTime" class="ComboCss"></TimePicker>
							</f:fields>
						</f:FormElement>
						<f:FormElement label="Status">
							<f:fields>
								<ComboBox id="idRecordStatus" class="ComboCss">
                                 <items>
                                	    <core:Item key="C" text="Success"/>
                                    	<core:Item key="E" text="Error"/>
                                        <core:Item key="P" text="In Progress"/>
                                            
                                </items></ComboBox>
							</f:fields>
						</f:FormElement>
						
						
					</f:formElements>
				</f:FormContainer>
			</f:formContainers>
		</f:Form>

</l:VerticalLayout>
			</content>
           
             <Toolbar class="FilterToolbarCss sapUiSmallMargin sapUiSizeCompact">
                        <ToolbarSpacer/>
                        <Button text="Clear" type="Emphasized" class="ResetBtnCss sapUiSmallMarginBottom" press="onClearFilter"/>
                        <Button text="Apply" type="Emphasized" class="UploadBtnCss sapUiSmallMarginBottom" press="onApplyFilter"/>
                    </Toolbar>
		</Dialog>
       
</core:FragmentDefinition>