<core:FragmentDefinition xmlns="sap.m" xmlns:core="sap.ui.core" xmlns:l="sap.ui.layout" xmlns:f="sap.ui.layout.form">
		<Dialog showHeader="false"  class="CreateGrievDialog" >
			<content>
				<f:SimpleForm  editable="true" layout="ResponsiveGridLayout">
					<f:toolbar>
						<Toolbar class="requestFormBar">
							<Title id="Title1" text="Select Date" class="requestFormTitle"/>
							<ToolbarSpacer/>
							<core:Icon src="sap-icon://decline"  class="RFRDeclineButton" press="onDialogClose"></core:Icon>
						</Toolbar>
					</f:toolbar>
					<l:Grid hSpacing="1" defaultSpan="XL6 L6 M6 S12">
						<l:content>
                    <HBox>
							<Label text="From Date"  class="sapUiSmallMarginTop sapUiLargeMarginEnd"></Label>
                           <DatePicker id="idFromDate" width="200px" class="ComboCss" displayFormat="YYYY-MM-dd" valueFormat="YYYYMMdd"></DatePicker>
                           
							        <layoutData>
										<l:GridData span="XL4 L4 M6 S12" linebreakL="true" linebreakM="true" linebreakS="true"/>
									</layoutData>
							</HBox>
                             <HBox>
							<Label text="To Date"  class="sapUiSmallMarginTop sapUiLargeMarginEnd"></Label>
								
                            <DatePicker id="idToDate" width="200px" class="ComboCss sapUiSmallMarginBegin" displayFormat="YYYY-MM-dd" valueFormat="YYYYMMdd"></DatePicker>
							        <layoutData>
										<l:GridData span="XL4 L4 M6 S12" linebreakL="true" linebreakM="true" linebreakS="true"/>
									</layoutData>
                                    </HBox>
                                     
						</l:content>
					</l:Grid>
                    </f:SimpleForm>
                    	</content>
					
				 <Toolbar>
						<ToolbarSpacer/>
						<Button text="Apply" type="Emphasized" class="zsearchButton" press="onSelectDate"/>
					</Toolbar>
		
		</Dialog>
       
</core:FragmentDefinition>