<core:FragmentDefinition xmlns="sap.m" xmlns:core="sap.ui.core" xmlns:l="sap.ui.layout" xmlns:f="sap.ui.layout.form">
		<Dialog showHeader="false"  class="CreateGrievDialog" >
			<content>
				<f:SimpleForm  editable="true" layout="ResponsiveGridLayout">
					<f:toolbar>
						<Toolbar class="requestFormBar">
							<Title text="View Error Details" class="requestFormTitle"/>
							<ToolbarSpacer/>
							<core:Icon src="sap-icon://decline"  class="RFRDeclineButton" press="onDialogClose"></core:Icon>
						</Toolbar>
					</f:toolbar>
				         <Panel width="auto" class="zpanelTable zPanelCss">
					<Table busy="false" id="idErrorTable" noDataText="{i18n>noDataText}" items="{/LineItems}" growing="true" growingThreshold="15"
						growingScrollToLoad="false" class="historycss">
						<!-- <headerToolbar>
							<Toolbar class="HTtoolbarCss">
								<SearchField width="20%" class="SearchCss" search="onSearch" liveChange="onSearch"></SearchField>
								<ToolbarSpacer/>
								<Button tooltip="{i18n>filterText}" text="Filter" icon="sap-icon://filter" press="handleFilterButtonPressed" class="zactionBtn zSapBtn"/>
							</Toolbar>
						</headerToolbar> -->
						<columns>
							<Column>
								<header>
									<Label text="Reference No." wrapping="true"/>
								</header>
							</Column>
							<Column>
								<header>
									<Label text="Carrier Tracking No." wrapping="true"/>
								</header>
							</Column>
							<Column>
                            	<header>
								<Label text="Container No." visible="true"/>
                                	</header>
							</Column>
							<Column>
								<header>
									<Label text="Shipment ID"  wrapping="true"/>
								</header>
							</Column>
                            <Column>
								<header>
									<Label text="Source ID"  wrapping="true"/>
								</header>
							</Column>
							<Column>
								<header>
									<Label text="Event ID"  wrapping="true"/>
								</header>
							</Column>
							<Column>
                            <header>
								<Label text="Event Date" visible="true"/>
                                </header>
							</Column>
                            <Column>
                            	<header>
								<Label text="BOL" visible="true"/>
                                </header>
							</Column>
                            <Column>
                            	<header>
								<Label text="Error Log" visible="true"/>
                                </header>
							</Column>
						
						</columns>
						<items>
							<ColumnListItem>
								<Text text="{URN_NO}"/>
                                <Text text="{CTN}"/>
                                <Text text="{CONTAINER_NO}"></Text>
								<Text text="{SHIPMENT_ID}"/>
                                <Text text="{SRCID}"/>
                                <Text text="{EVTID}"/>
                                <Text text="{ parts: [ {path: 'EVTDAT'} ], formatter: '.formatter.dateFormat'}"/>						
                                <Text text="{BOL}"/>
                                <Text text="{ERROR_LOG}"/>
							   
							</ColumnListItem>
						</items>
					</Table>
                    </Panel>
                    </f:SimpleForm>
                    	</content>
					
			
		
		</Dialog>
       
</core:FragmentDefinition>