<core:FragmentDefinition xmlns="sap.m"
    xmlns:core="sap.ui.core"
    xmlns:forms="sap.ui.layout.form">

    <Dialog id="idAddDialog" title="{i18n>title}" class="sapUiSizeCompact sapUiResponsivePadding">
        <forms:SimpleForm id="FormFields" layout="ResponsiveGridLayout">
            <Label id="Name" labelFor="NameInput" text="Name" />
            <Input id="NameInput" value="{ConfigModel>/NAME}"></Input>

            <Label id="Value" labelFor="ValueInput" text="Value" wrapping="true" />
            <Input id="ValueInput" value="{ConfigModel>/VALUE}"></Input>
        </forms:SimpleForm>

        <forms:SimpleForm id="NRFormFields" layout="ResponsiveGridLayout">
            <Label id="NRName" labelFor="NRNameInput" text="Name" wrapping="true" />
            <Input id="NRNameInput" value="{NumberRangeModel>/NAME}"></Input>

            <Label id="Vendor" labelFor="VendorInput" text="Vendor" wrapping="true" />
            <Input id="VendorInput" value="{NumberRangeModel>/VENDOR}"></Input>

            <Label id="StartingNumber" labelFor="StartingNumberInput" text="Start Range" wrapping="true" />
            <Input id="StartingNumberInput" value="{NumberRangeModel>/STARTING_NUMBER}"></Input>

            <Label id="MaximumNumber" labelFor="MaximumNumberInput" text="End Range" wrapping="true" />
            <Input id="MaximumNumberInput" value="{NumberRangeModel>/MAXIMUM_NUMBER}"></Input>

            <Label id="CurrentNumber" labelFor="CurrentNumberInput" text="Current Sequence Number" wrapping="true" />
            <Input id="CurrentNumberInput" value="{NumberRangeModel>/CURRENT_NUMBER}"></Input>
        </forms:SimpleForm>
    
        <buttons>
            <Button id="closeDialog" text="{i18n>close}" press="fnCloseAddDialog" class="zclearButton"/>
            <Button id="idAdd" text="{i18n>add}" type="Emphasized" press="onAddFields" class="zuploadButton"/>
        </buttons>
    </Dialog>
</core:FragmentDefinition>