<core:FragmentDefinition xmlns="sap.m"
    xmlns:core="sap.ui.core"
    xmlns:smartFilterBar="sap.ui.comp.smartfilterbar"
    xmlns:smartTable="sap.ui.comp.smarttable"
    xmlns:app="http://schemas.sap.com/sapui5/extension/sap.ui.core.CustomData/1"
    xmlns:l="sap.ui.layout">
    <Panel expandable="true" expanded="true" headerText="Filter" width="auto" class="zFilterPanel sapUiSizeCompact">
        <content>
            <l:VerticalLayout class="sapUiSmallMarginBottom">
                <smartFilterBar:SmartFilterBar id="idsmartFilterBar" showGoOnFB="false" showFilterConfiguration="false" showClearOnFB="false" useToolbar="false" class="zfilterBar">
                    <smartFilterBar:layoutData>
                        <FlexItemData shrinkFactor="0"/>
                    </smartFilterBar:layoutData>
                </smartFilterBar:SmartFilterBar>
            </l:VerticalLayout>
            <FlexBox justifyContent="End" class="sapUiSmallMarginEnd">
                <items>
                    <Button text="{i18n>BtnClear}" id="idClear" press="onClear" class="zclearButton"/>
                    <Button text="{i18n>BtnSearch}" id="idSearch" press="onSearch" class="zsearchButton sapUiTinyMarginBegin" type="Emphasized"/>
                </items>
            </FlexBox>
        </content>
    </Panel>

    <Panel class='zMasterDataTable sapUiMediumMarginTopBottom'>
        <content>
            <smartTable:SmartTable id="idsmartTable" tableType="ResponsiveTable" demandPopin="true" useExportToExcel="true" useVariantManagement="false" useTablePersonalisation="false" enableAutoBinding="false" showRowCount="true" editTogglable="true" editToggled="dataEdited" app:useSmartField="true" initialise="onInitialise">
                <smartTable:customToolbar>
                    <OverflowToolbar design="Transparent">
                        <ToolbarSpacer/>
                        <OverflowToolbarButton id="idsmartTable-btnAdd" icon="sap-icon://add" tooltip="{i18n>add}" text="{i18n>add}" visible="{= ${localModel>/DisplayMode} &amp;&amp; ${localModel>/createAccess}}" press="onAddConfigValues"/>
                        <OverflowToolbarButton id="idsmartTable-btnEdit" icon="sap-icon://edit" tooltip="{i18n>Edit}" text="{i18n>Edit}" visible="{= ${localModel>/DisplayMode} &amp;&amp; ${localModel>/editAccess}}" press="onEdit"/>
                        <Button id="idsmartTable-btnCancel" tooltip="{i18n>Cancel}" text="{i18n>Cancel}" visible="{= !${localModel>/DisplayMode} }" press="onEditCancel"/>
                        <Button id="idsmartTable-btnSave" tooltip="{i18n>Save}" text="{i18n>Save}" visible="{= !${localModel>/DisplayMode} }" press="onEditSave"/>
                        <OverflowToolbarButton id="idsmartTable-btnUpload" icon="sap-icon://upload" tooltip="{i18n>Upload}" text="{i18n>Upload}" press="onMassUpload" visible="{= ${localModel>/DisplayMode} &amp;&amp; ${localModel>/createAccess}}"/>
                        <OverflowToolbarButton id="idsmartTable-btnDownload" icon="sap-icon://download" tooltip="{i18n>Download}" text="{i18n>Download}" visible="{= ${localModel>/DisplayMode} &amp;&amp; ${localModel>/displayAccess}}" press="onDownload"/>
                    </OverflowToolbar>
                </smartTable:customToolbar>
                <Table>
                    <columns>
                        <Column hAlign="Center">
                            <customData>
                                <core:CustomData key="p13nData" value='\{"columnIndex": 6}' />
                            </customData>
                        </Column>
                    </columns>
                    <items>
                        <ColumnListItem>
                            <cells>
                                <Button type="Reject" id="delBtn" press="deleteEntry" icon="sap-icon://delete" class="zdeleteBtn" />
                            </cells>
                        </ColumnListItem>
                    </items>
                </Table>
            </smartTable:SmartTable>
        </content>
    </Panel>
</core:FragmentDefinition> 