<edmx:Edmx xmlns:edmx="http://schemas.microsoft.com/ado/2007/06/edmx"
	xmlns:m="http://schemas.microsoft.com/ado/2007/08/dataservices/metadata" xmlns:sap="http://www.sap.com/Protocols/SAPData" Version="1.0">
	<edmx:DataServices m:DataServiceVersion="2.0">
		<Schema xmlns="http://schemas.microsoft.com/ado/2008/09/edm" Namespace="ZOD_LAZARUS_ADMIN_SRV" xml:lang="en" sap:schema-version="1">
			<EntityType Name="Region" sap:content-version="1">
				<Key><PropertyRef Name="Key"/></Key><Property Name="Key" Type="Edm.String" Nullable="false" sap:unicode="false" sap:creatable="false" sap:updatable="false" sap:sortable="false"
					sap:filterable="false"/><Property Name="Text" Type="Edm.String" Nullable="false" sap:unicode="false" sap:creatable="false" sap:updatable="false"
					sap:sortable="false" sap:filterable="false"/></EntityType>
			<EntityType Name="RCUser" sap:content-version="1">
				<Key><PropertyRef Name="Zshipper"/><PropertyRef Name="PersonDsid"/></Key><Property Name="Zshipper" Type="Edm.String" Nullable="false" sap:unicode="false" sap:label="Ship-from Partner" sap:creatable="false"
					sap:updatable="false" sap:sortable="false" sap:filterable="false"/><Property Name="PersonDsid" Type="Edm.String" Nullable="false" sap:unicode="false" sap:label="User" sap:creatable="false"
					sap:updatable="false" sap:sortable="false" sap:filterable="false"/><Property Name="Uname" Type="Edm.String" Nullable="false" sap:unicode="false" sap:label="Full Name" sap:creatable="false"
					sap:updatable="false" sap:sortable="false" sap:filterable="false"/><Property Name="EmailId" Type="Edm.String" Nullable="false" sap:unicode="false" sap:label="E-Mail Address" sap:creatable="false"
					sap:updatable="false" sap:sortable="false" sap:filterable="false"/><Property Name="ContactDetails" Type="Edm.String" Nullable="false" sap:unicode="false" sap:label="Telephone" sap:creatable="false"
					sap:updatable="false" sap:sortable="false" sap:filterable="false"/><Property Name="AccessType" Type="Edm.String" Nullable="false" sap:unicode="false" sap:label="Activity" sap:creatable="false"
					sap:updatable="false" sap:sortable="false" sap:filterable="false"/><Property Name="UserStartDate" Type="Edm.String" Nullable="false" sap:unicode="false" sap:label="Start date" sap:creatable="false"
					sap:updatable="false" sap:sortable="false" sap:filterable="false"/><Property Name="UserEndDate" Type="Edm.String" Nullable="false" sap:unicode="false" sap:label="End date" sap:creatable="false"
					sap:updatable="false" sap:sortable="false" sap:filterable="false"/></EntityType>
			<EntityType Name="RCType" sap:content-version="1">
				<Key><PropertyRef Name="Key"/></Key><Property Name="Key" Type="Edm.String" Nullable="false" sap:unicode="false" sap:creatable="false" sap:updatable="false" sap:sortable="false"
					sap:filterable="false"/><Property Name="Text" Type="Edm.String" Nullable="false" sap:unicode="false" sap:creatable="false" sap:updatable="false"
					sap:sortable="false" sap:filterable="false"/></EntityType>
			<EntityType Name="RepairCenter" sap:content-version="1">
				<Key><PropertyRef Name="Region"/><PropertyRef Name="RcType"/></Key><Property Name="Region" Type="Edm.String" Nullable="false" sap:unicode="false" sap:creatable="false" sap:updatable="false"
					sap:sortable="false" sap:filterable="false"/><Property Name="RcType" Type="Edm.String" Nullable="false" sap:unicode="false" sap:creatable="false" sap:updatable="false"
					sap:sortable="false" sap:filterable="false"/><Property Name="RcName" Type="Edm.String" Nullable="false" sap:unicode="false" sap:creatable="false" sap:updatable="false"
					sap:sortable="false" sap:filterable="false"/><Property Name="RcCode" Type="Edm.String" Nullable="false" sap:unicode="false" sap:creatable="false" sap:updatable="false"
					sap:sortable="false" sap:filterable="false"/><Property Name="RcGroup" Type="Edm.String" Nullable="false" sap:unicode="false" sap:creatable="false" sap:updatable="false"
					sap:sortable="false" sap:filterable="false"/><Property Name="RcDate" Type="Edm.String" Nullable="false" sap:unicode="false" sap:creatable="false" sap:updatable="false"
					sap:sortable="false" sap:filterable="false"/><Property Name="RcItem" Type="Edm.String" Nullable="false" sap:unicode="false" sap:creatable="false" sap:updatable="false"
					sap:sortable="false" sap:filterable="false"/></EntityType>
			<EntityType Name="AccessType" sap:content-version="1">
				<Key><PropertyRef Name="Key"/></Key><Property Name="Key" Type="Edm.String" Nullable="false" sap:unicode="false" sap:creatable="false" sap:updatable="false" sap:sortable="false"
					sap:filterable="false"/><Property Name="Text" Type="Edm.String" Nullable="false" sap:unicode="false" sap:creatable="false" sap:updatable="false"
					sap:sortable="false" sap:filterable="false"/></EntityType>
			<EntityContainer Name="ZOD_LAZARUS_ADMIN_SRV_Entities" m:IsDefaultEntityContainer="true" sap:supported-formats="atom json xlsx"><EntitySet Name="RegionSet" EntityType="ZOD_LAZARUS_ADMIN_SRV.Region" sap:creatable="false" sap:updatable="false" sap:deletable="false"
				sap:pageable="false" sap:addressable="false" sap:content-version="1"/><EntitySet Name="RCUserSet" EntityType="ZOD_LAZARUS_ADMIN_SRV.RCUser" sap:creatable="false" sap:updatable="false" sap:deletable="false"
				sap:pageable="false" sap:addressable="false" sap:content-version="1"/><EntitySet Name="RCTypeSet" EntityType="ZOD_LAZARUS_ADMIN_SRV.RCType" sap:creatable="false" sap:updatable="false" sap:deletable="false"
				sap:pageable="false" sap:addressable="false" sap:content-version="1"/><EntitySet Name="RepairCenterSet" EntityType="ZOD_LAZARUS_ADMIN_SRV.RepairCenter" sap:creatable="false" sap:updatable="false"
				sap:deletable="false" sap:pageable="false" sap:addressable="false" sap:content-version="1"/><EntitySet Name="AccessTypeSet" EntityType="ZOD_LAZARUS_ADMIN_SRV.AccessType" sap:creatable="false" sap:updatable="false"
				sap:deletable="false" sap:pageable="false" sap:addressable="false" sap:content-version="1"/></EntityContainer><atom:link xmlns:atom="http://www.w3.org/2005/Atom" rel="self" href="./sap/ZOD_LAZARUS_ADMIN_SRV/$metadata"/><atom:link xmlns:atom="http://www.w3.org/2005/Atom" rel="latest-version" href="./sap/ZOD_LAZARUS_ADMIN_SRV/$metadata"/></Schema>
	</edmx:DataServices>
</edmx:Edmx>