<?xml version="1.0" ?>
<edmx:Edmx xmlns:edmx="http://schemas.microsoft.com/ado/2007/06/edmx" Version="1.0"
    xmlns:sap="http://www.sap.com/Protocols/SAPData">
    <edmx:Reference xmlns:edmx="http://docs.oasis-open.org/odata/ns/edmx" Uri="https://sap.github.io/odata-vocabularies/vocabularies/Common.xml">
        <edmx:Include Alias="Common" Namespace="com.sap.vocabularies.Common.v1"></edmx:Include>
    </edmx:Reference>
    <edmx:Reference xmlns:edmx="http://docs.oasis-open.org/odata/ns/edmx" Uri="https://oasis-tcs.github.io/odata-vocabularies/vocabularies/Org.OData.Core.V1.xml">
        <edmx:Include Alias="Core" Namespace="Org.OData.Core.V1"></edmx:Include>
    </edmx:Reference>
    <edmx:Reference xmlns:edmx="http://docs.oasis-open.org/odata/ns/edmx" Uri="https://sap.github.io/odata-vocabularies/vocabularies/UI.xml">
        <edmx:Include Alias="UI" Namespace="com.sap.vocabularies.UI.v1"></edmx:Include>
    </edmx:Reference>
    <edmx:DataServices m:DataServiceVersion="1.0"
        xmlns:m="http://schemas.microsoft.com/ado/2007/08/dataservices/metadata">
        <Schema Namespace="PalletService"
            xmlns="http://schemas.microsoft.com/ado/2008/09/edm">
            <EntityType Name="PalletGs1label">
                <Key>
                    <PropertyRef Name="Creation_Date"></PropertyRef>
                    <PropertyRef Name="PO_Number"></PropertyRef>
                    <PropertyRef Name="Item_Number"></PropertyRef>
                    <PropertyRef Name="Description"></PropertyRef>
                    <PropertyRef Name="Schedule_Line_Number"></PropertyRef>
                    <PropertyRef Name="Order_Quantity"></PropertyRef>
                    <PropertyRef Name="Open_Quantity"></PropertyRef>
                    <PropertyRef Name="Material"></PropertyRef>
                    <PropertyRef Name="Plant"></PropertyRef>
                    <PropertyRef Name="Quantity_Input"></PropertyRef>
                    <PropertyRef Name="Vendor"></PropertyRef>
                    <PropertyRef Name="Print_Status"></PropertyRef>
                </Key>
                <Property Name="Creation_Date" Type="Edm.String" Nullable="false" MaxLength="8"></Property>
                <Property Name="PO_Number" Type="Edm.String" Nullable="false" MaxLength="10"></Property>
                <Property Name="Item_Number" Type="Edm.String" Nullable="false" MaxLength="5"></Property>
                <Property Name="Description" Type="Edm.String" Nullable="false" MaxLength="40"></Property>
                <Property Name="Schedule_Line_Number" Type="Edm.String" Nullable="false" MaxLength="4"></Property>
                <Property Name="Order_Quantity" Type="Edm.Decimal" Nullable="false" Precision="13" Scale="3"></Property>
                <Property Name="Open_Quantity" Type="Edm.Int32" Nullable="false"></Property>
                <Property Name="Material" Type="Edm.String" Nullable="false" MaxLength="18"></Property>
                <Property Name="Plant" Type="Edm.String" Nullable="false" MaxLength="4"></Property>
                <Property Name="Quantity_Input" Type="Edm.Decimal" Nullable="false" Precision="13" Scale="3"></Property>
                <Property Name="Vendor" Type="Edm.String" Nullable="false" MaxLength="10"></Property>
                <Property Name="Print_Status" Type="Edm.String" Nullable="false" MaxLength="25"></Property>
                <NavigationProperty Name="Label" Relationship="PalletService.PalletGs1label_Label" FromRole="PalletGs1label" ToRole="GenerateLabel"></NavigationProperty>
            </EntityType>
            <EntityType Name="CarrierLabelData">
                <Key>
                    <PropertyRef Name="Creation_Date"></PropertyRef>
                    <PropertyRef Name="PO_Number"></PropertyRef>
                    <PropertyRef Name="Item_Number"></PropertyRef>
                    <PropertyRef Name="Description"></PropertyRef>
                    <PropertyRef Name="Schedule_Line_Number"></PropertyRef>
                    <PropertyRef Name="Order_Quantity"></PropertyRef>
                    <PropertyRef Name="Open_Quantity"></PropertyRef>
                    <PropertyRef Name="Material"></PropertyRef>
                    <PropertyRef Name="Ship_Date"></PropertyRef>
                    <PropertyRef Name="Plant"></PropertyRef>
                    <PropertyRef Name="Quantity_Input"></PropertyRef>
                    <PropertyRef Name="Vendor"></PropertyRef>
                    <PropertyRef Name="Print_Status"></PropertyRef>
                </Key>
                <Property Name="Creation_Date" Type="Edm.String" Nullable="false" MaxLength="8"></Property>
                <Property Name="PO_Number" Type="Edm.String" Nullable="false" MaxLength="10"></Property>
                <Property Name="Item_Number" Type="Edm.String" Nullable="false" MaxLength="5"></Property>
                <Property Name="Description" Type="Edm.String" Nullable="false" MaxLength="40"></Property>
                <Property Name="Schedule_Line_Number" Type="Edm.String" Nullable="false" MaxLength="4"></Property>
                <Property Name="Order_Quantity" Type="Edm.Decimal" Nullable="false" Precision="13" Scale="3"></Property>
                <Property Name="Open_Quantity" Type="Edm.Int32" Nullable="false"></Property>
                <Property Name="Material" Type="Edm.String" Nullable="false" MaxLength="18"></Property>
                <Property Name="Ship_Date" Type="Edm.String" Nullable="false" MaxLength="8"></Property>
                <Property Name="Plant" Type="Edm.String" Nullable="false" MaxLength="4"></Property>
                <Property Name="Quantity_Input" Type="Edm.Decimal" Nullable="false" Precision="13" Scale="3"></Property>
                <Property Name="Vendor" Type="Edm.String" Nullable="false" MaxLength="10"></Property>
                <Property Name="Print_Status" Type="Edm.String" Nullable="false" MaxLength="25"></Property>
                <NavigationProperty Name="ReturnAddress" Relationship="PalletService.CarrierLabelData_ReturnAddress" FromRole="CarrierLabelData" ToRole="Address"></NavigationProperty>
                <NavigationProperty Name="shippingto" Relationship="PalletService.CarrierLabelData_shippingto" FromRole="CarrierLabelData" ToRole="Address"></NavigationProperty>
                <NavigationProperty Name="CarrierDetails" Relationship="PalletService.CarrierLabelData_CarrierDetails" FromRole="CarrierLabelData" ToRole="CarrierData"></NavigationProperty>
            </EntityType>
            <EntityType Name="GenerateLabel">
                <Key>
                    <PropertyRef Name="Material"></PropertyRef>
                    <PropertyRef Name="Plant"></PropertyRef>
                </Key>
                <Property Name="Material" Type="Edm.String" Nullable="false" MaxLength="18"></Property>
                <Property Name="Plant" Type="Edm.String" Nullable="false" MaxLength="4"></Property>
                <Property Name="Model_Number" Type="Edm.String" MaxLength="40"></Property>
                <Property Name="Config_Code" Type="Edm.String" MaxLength="10"></Property>
                <Property Name="Packing_Code" Type="Edm.String" MaxLength="40"></Property>
                <Property Name="Volume" Type="Edm.String" MaxLength="13"></Property>
                <Property Name="Volume_Unit" Type="Edm.String" MaxLength="3"></Property>
                <Property Name="Weight" Type="Edm.String" MaxLength="13"></Property>
                <Property Name="Weight_Unit" Type="Edm.String" MaxLength="3"></Property>
                <Property Name="COUNTRY_OF_ASSEMBLY" Type="Edm.String" MaxLength="15"></Property>
                <Property Name="COUNTRY_OF_ORIGIN" Type="Edm.String" MaxLength="15"></Property>
                <Property Name="GTIN" Type="Edm.String" MaxLength="20"></Property>
                <Property Name="Mark_For_Deletion" Type="Edm.Boolean"></Property>
            </EntityType>
            <EntityType Name="OEMGS1Label">
                <Key>
                    <PropertyRef Name="SSCC18_NUMBER"></PropertyRef>
                </Key>
                <Property Name="SSCC18_NUMBER" Type="Edm.String" Nullable="false" MaxLength="20"></Property>
                <Property Name="LABEL_ID" Type="Edm.String" MaxLength="20"></Property>
                <Property Name="PO_NUMBER" Type="Edm.String" MaxLength="10"></Property>
                <Property Name="PO_ITEM_NUMBER" Type="Edm.String" MaxLength="6"></Property>
                <Property Name="PALLET_TYPE" Type="Edm.String" MaxLength="6"></Property>
                <Property Name="PART_NUMBER" Type="Edm.String" MaxLength="40"></Property>
                <Property Name="COUNTRY_OF_ASSEMBLY" Type="Edm.String" MaxLength="15"></Property>
                <Property Name="MODEL_NUMBER" Type="Edm.String" MaxLength="10"></Property>
                <Property Name="COUNTRY_OF_ORIGIN" Type="Edm.String" MaxLength="15"></Property>
                <Property Name="GLOBAL_TRADE_IDENTIFICATION_NUMBER" Type="Edm.String" MaxLength="20"></Property>
                <Property Name="COUNT_OF_CARTONS" Type="Edm.String" MaxLength="5"></Property>
                <Property Name="Country" Type="Edm.String" MaxLength="15"></Property>
            </EntityType>
            <EntityType Name="CarrierLabel">
                <Key>
                    <PropertyRef Name="SSCC128_NUMBER"></PropertyRef>
                </Key>
                <Property Name="SSCC128_NUMBER" Type="Edm.String" Nullable="false" MaxLength="20"></Property>
                <Property Name="PO_ITEM_NUMBER" Type="Edm.String" MaxLength="6"></Property>
                <Property Name="CARRIER_SCAC" Type="Edm.String" MaxLength="25"></Property>
                <Property Name="ORIGIN_DEPARTURE_AIRPORT_CODE" Type="Edm.String" MaxLength="4"></Property>
                <Property Name="DESTINATION_AIRPORT_CODE" Type="Edm.String" MaxLength="4"></Property>
                <Property Name="SHIP_DATE" Type="Edm.DateTimeOffset"></Property>
                <Property Name="HAWB_NUMBER" Type="Edm.String" MaxLength="10"></Property>
                <Property Name="SHIP_ID" Type="Edm.String" MaxLength="20"></Property>
                <Property Name="PO_NUMBER" Type="Edm.String" MaxLength="10"></Property>
                <Property Name="CARTON_COUNT_ON_PO" Type="Edm.String" MaxLength="4"></Property>
                <Property Name="SHIP_TO_ADDRESS1" Type="Edm.String" MaxLength="35"></Property>
                <Property Name="SHIP_TO_ADDRESS2" Type="Edm.String" MaxLength="35"></Property>
                <Property Name="SHIP_TO_ADDRESS3" Type="Edm.String" MaxLength="35"></Property>
                <Property Name="SHIP_TO_RETURN_ADDRESS1" Type="Edm.String" MaxLength="35"></Property>
                <Property Name="SHIP_TO_RETURN_ADDRESS2" Type="Edm.String" MaxLength="35"></Property>
                <Property Name="SHIP_TO_RETURN_ADDRESS3" Type="Edm.String" MaxLength="35"></Property>
                <Property Name="Country" Type="Edm.String" MaxLength="15"></Property>
            </EntityType>
            <EntityType Name="CarrierData">
                <Key>
                    <PropertyRef Name="PO"></PropertyRef>
                </Key>
                <Property Name="PO" Type="Edm.String" Nullable="false" MaxLength="10"></Property>
                <Property Name="Ship_Date" Type="Edm.String" MaxLength="8"></Property>
            </EntityType>
            <EntityType Name="DistinctPo">
                <Key>
                    <PropertyRef Name="PO_Number"></PropertyRef>
                </Key>
                <Property Name="PO_Number" Type="Edm.String" Nullable="false" MaxLength="10"></Property>
            </EntityType>
            <EntityType Name="DistinctMaterial">
                <Key>
                    <PropertyRef Name="Material"></PropertyRef>
                </Key>
                <Property Name="Material" Type="Edm.String" Nullable="false" MaxLength="18"></Property>
            </EntityType>
            <EntityType Name="DistinctPlant">
                <Key>
                    <PropertyRef Name="Plant"></PropertyRef>
                </Key>
                <Property Name="Plant" Type="Edm.String" Nullable="false" MaxLength="4"></Property>
            </EntityType>
            <EntityType Name="DistinctVendor">
                <Key>
                    <PropertyRef Name="Vendor"></PropertyRef>
                </Key>
                <Property Name="Vendor" Type="Edm.String" Nullable="false" MaxLength="10"></Property>
            </EntityType>
            <EntityType Name="CarrierDistinctPo">
                <Key>
                    <PropertyRef Name="PO_Number"></PropertyRef>
                </Key>
                <Property Name="PO_Number" Type="Edm.String" Nullable="false" MaxLength="10"></Property>
            </EntityType>
            <EntityType Name="CarrierDistinctMaterial">
                <Key>
                    <PropertyRef Name="Material"></PropertyRef>
                </Key>
                <Property Name="Material" Type="Edm.String" Nullable="false" MaxLength="18"></Property>
            </EntityType>
            <EntityType Name="CarrierDistinctVendor">
                <Key>
                    <PropertyRef Name="Vendor"></PropertyRef>
                </Key>
                <Property Name="Vendor" Type="Edm.String" Nullable="false" MaxLength="10"></Property>
            </EntityType>
            <EntityType Name="CarrierDistinctPlant">
                <Key>
                    <PropertyRef Name="Plant"></PropertyRef>
                </Key>
                <Property Name="Plant" Type="Edm.String" Nullable="false" MaxLength="4"></Property>
            </EntityType>
            <EntityType Name="Address">
                <Key>
                    <PropertyRef Name="Vendor"></PropertyRef>
                </Key>
                <Property Name="Vendor" Type="Edm.String" Nullable="false" MaxLength="10"></Property>
                <Property Name="Name1" Type="Edm.String" MaxLength="35"></Property>
                <Property Name="Name2" Type="Edm.String" MaxLength="35"></Property>
                <Property Name="City" Type="Edm.String" MaxLength="35"></Property>
                <Property Name="Postal_Code" Type="Edm.String" MaxLength="10"></Property>
                <Property Name="Region" Type="Edm.String" MaxLength="3"></Property>
                <Property Name="Sort_Field" Type="Edm.String" MaxLength="10"></Property>
                <Property Name="Street_House_NO" Type="Edm.String" MaxLength="35"></Property>
                <Property Name="Telephone" Type="Edm.String" MaxLength="16"></Property>
                <Property Name="Fax" Type="Edm.String" MaxLength="31"></Property>
                <Property Name="Country" Type="Edm.String" MaxLength="15"></Property>
            </EntityType>
            <Association Name="PalletGs1label_Label">
                <End Type="PalletService.PalletGs1label" Multiplicity="*" Role="PalletGs1label"></End>
                <End Type="PalletService.GenerateLabel" Multiplicity="*" Role="GenerateLabel"></End>
            </Association>
            <Association Name="CarrierLabelData_ReturnAddress">
                <End Type="PalletService.CarrierLabelData" Multiplicity="*" Role="CarrierLabelData"></End>
                <End Type="PalletService.Address" Multiplicity="*" Role="Address"></End>
            </Association>
            <Association Name="CarrierLabelData_shippingto">
                <End Type="PalletService.CarrierLabelData" Multiplicity="*" Role="CarrierLabelData"></End>
                <End Type="PalletService.Address" Multiplicity="*" Role="Address"></End>
            </Association>
            <Association Name="CarrierLabelData_CarrierDetails">
                <End Type="PalletService.CarrierLabelData" Multiplicity="*" Role="CarrierLabelData"></End>
                <End Type="PalletService.CarrierData" Multiplicity="*" Role="CarrierData"></End>
            </Association>
            <EntityContainer Name="EntityContainer" m:IsDefaultEntityContainer="true">
                <EntitySet Name="PalletGs1label" EntityType="PalletService.PalletGs1label"></EntitySet>
                <EntitySet Name="CarrierLabelData" EntityType="PalletService.CarrierLabelData"></EntitySet>
                <EntitySet Name="GenerateLabel" EntityType="PalletService.GenerateLabel"></EntitySet>
                <EntitySet Name="OEMGS1Label" EntityType="PalletService.OEMGS1Label"></EntitySet>
                <EntitySet Name="CarrierLabel" EntityType="PalletService.CarrierLabel"></EntitySet>
                <EntitySet Name="CarrierData" EntityType="PalletService.CarrierData"></EntitySet>
                <EntitySet Name="DistinctPo" EntityType="PalletService.DistinctPo"></EntitySet>
                <EntitySet Name="DistinctMaterial" EntityType="PalletService.DistinctMaterial"></EntitySet>
                <EntitySet Name="DistinctPlant" EntityType="PalletService.DistinctPlant"></EntitySet>
                <EntitySet Name="DistinctVendor" EntityType="PalletService.DistinctVendor"></EntitySet>
                <EntitySet Name="CarrierDistinctPo" EntityType="PalletService.CarrierDistinctPo"></EntitySet>
                <EntitySet Name="CarrierDistinctMaterial" EntityType="PalletService.CarrierDistinctMaterial"></EntitySet>
                <EntitySet Name="CarrierDistinctVendor" EntityType="PalletService.CarrierDistinctVendor"></EntitySet>
                <EntitySet Name="CarrierDistinctPlant" EntityType="PalletService.CarrierDistinctPlant"></EntitySet>
                <EntitySet Name="Address" EntityType="PalletService.Address"></EntitySet>
                <AssociationSet Name="PalletGs1label_Label" Association="PalletService.PalletGs1label_Label">
                    <End EntitySet="PalletGs1label" Role="PalletGs1label"></End>
                    <End EntitySet="GenerateLabel" Role="GenerateLabel"></End>
                </AssociationSet>
                <AssociationSet Name="CarrierLabelData_ReturnAddress" Association="PalletService.CarrierLabelData_ReturnAddress">
                    <End EntitySet="CarrierLabelData" Role="CarrierLabelData"></End>
                    <End EntitySet="Address" Role="Address"></End>
                </AssociationSet>
                <AssociationSet Name="CarrierLabelData_shippingto" Association="PalletService.CarrierLabelData_shippingto">
                    <End EntitySet="CarrierLabelData" Role="CarrierLabelData"></End>
                    <End EntitySet="Address" Role="Address"></End>
                </AssociationSet>
                <AssociationSet Name="CarrierLabelData_CarrierDetails" Association="PalletService.CarrierLabelData_CarrierDetails">
                    <End EntitySet="CarrierLabelData" Role="CarrierLabelData"></End>
                    <End EntitySet="CarrierData" Role="CarrierData"></End>
                </AssociationSet>
            </EntityContainer>
            <Annotations xmlns="http://docs.oasis-open.org/odata/ns/edm" Target="PalletService.PalletGs1label">
                <Annotation xmlns="http://docs.oasis-open.org/odata/ns/edm" Term="UI.SelectionFields">
                    <Collection xmlns="http://docs.oasis-open.org/odata/ns/edm">
                        <PropertyPath xmlns="http://docs.oasis-open.org/odata/ns/edm">PO_Number</PropertyPath>
                        <PropertyPath xmlns="http://docs.oasis-open.org/odata/ns/edm">Material</PropertyPath>
                        <PropertyPath xmlns="http://docs.oasis-open.org/odata/ns/edm">Plant</PropertyPath>
                        <PropertyPath xmlns="http://docs.oasis-open.org/odata/ns/edm">Vendor</PropertyPath>
                    </Collection>
                </Annotation>
                <Annotation xmlns="http://docs.oasis-open.org/odata/ns/edm" Term="UI.LineItem">
                    <Collection xmlns="http://docs.oasis-open.org/odata/ns/edm">
                        <Record xmlns="http://docs.oasis-open.org/odata/ns/edm" Type="UI.DataField">
                            <PropertyValue xmlns="http://docs.oasis-open.org/odata/ns/edm" Property="Value" Path="Creation_Date"></PropertyValue>
                        </Record>
                        <Record xmlns="http://docs.oasis-open.org/odata/ns/edm" Type="UI.DataField">
                            <PropertyValue xmlns="http://docs.oasis-open.org/odata/ns/edm" Property="Value" Path="PO_Number"></PropertyValue>
                        </Record>
                        <Record xmlns="http://docs.oasis-open.org/odata/ns/edm" Type="UI.DataField">
                            <PropertyValue xmlns="http://docs.oasis-open.org/odata/ns/edm" Property="Value" Path="Material"></PropertyValue>
                        </Record>
                        <Record xmlns="http://docs.oasis-open.org/odata/ns/edm" Type="UI.DataField">
                            <PropertyValue xmlns="http://docs.oasis-open.org/odata/ns/edm" Property="Value" Path="Plant"></PropertyValue>
                        </Record>
                        <Record xmlns="http://docs.oasis-open.org/odata/ns/edm" Type="UI.DataField">
                            <PropertyValue xmlns="http://docs.oasis-open.org/odata/ns/edm" Property="Value" Path="Vendor"></PropertyValue>
                        </Record>
                        <Record xmlns="http://docs.oasis-open.org/odata/ns/edm" Type="UI.DataField">
                            <PropertyValue xmlns="http://docs.oasis-open.org/odata/ns/edm" Property="Value" Path="Item_Number"></PropertyValue>
                        </Record>
                        <Record xmlns="http://docs.oasis-open.org/odata/ns/edm" Type="UI.DataField">
                            <PropertyValue xmlns="http://docs.oasis-open.org/odata/ns/edm" Property="Value" Path="Description"></PropertyValue>
                        </Record>
                        <Record xmlns="http://docs.oasis-open.org/odata/ns/edm" Type="UI.DataField">
                            <PropertyValue xmlns="http://docs.oasis-open.org/odata/ns/edm" Property="Value" Path="Schedule_Line_Number"></PropertyValue>
                        </Record>
                        <Record xmlns="http://docs.oasis-open.org/odata/ns/edm" Type="UI.DataField">
                            <PropertyValue xmlns="http://docs.oasis-open.org/odata/ns/edm" Property="Value" Path="Order_Quantity"></PropertyValue>
                        </Record>
                        <Record xmlns="http://docs.oasis-open.org/odata/ns/edm" Type="UI.DataField">
                            <PropertyValue xmlns="http://docs.oasis-open.org/odata/ns/edm" Property="Value" Path="Open_Quantity"></PropertyValue>
                        </Record>
                        <Record xmlns="http://docs.oasis-open.org/odata/ns/edm" Type="UI.DataField">
                            <PropertyValue xmlns="http://docs.oasis-open.org/odata/ns/edm" Property="Value" Path="Quantity_Input"></PropertyValue>
                        </Record>
                        <Record xmlns="http://docs.oasis-open.org/odata/ns/edm" Type="UI.DataField">
                            <PropertyValue xmlns="http://docs.oasis-open.org/odata/ns/edm" Property="Value" Path="Print_Status"></PropertyValue>
                        </Record>
                    </Collection>
                    <Annotation xmlns="http://docs.oasis-open.org/odata/ns/edm" Term="UI.TextArrangement" EnumMember="UI.TextArrangementType/TextOnly"></Annotation>
                </Annotation>
                <Annotation xmlns="http://docs.oasis-open.org/odata/ns/edm" Term="Core.Description" String=" Annotation"></Annotation>
            </Annotations>
            <Annotations xmlns="http://docs.oasis-open.org/odata/ns/edm" Target="PalletService.PalletGs1label/Creation_Date">
                <Annotation xmlns="http://docs.oasis-open.org/odata/ns/edm" Term="Common.Label" String="Creation Date"></Annotation>
            </Annotations>
            <Annotations xmlns="http://docs.oasis-open.org/odata/ns/edm" Target="PalletService.PalletGs1label/PO_Number">
                <Annotation xmlns="http://docs.oasis-open.org/odata/ns/edm" Term="Common.FieldControl" EnumMember="Common.FieldControlType/Mandatory"></Annotation>
                <Annotation xmlns="http://docs.oasis-open.org/odata/ns/edm" Term="Common.ValueList">
                    <Record xmlns="http://docs.oasis-open.org/odata/ns/edm" Type="Common.ValueListType">
                        <PropertyValue xmlns="http://docs.oasis-open.org/odata/ns/edm" Property="CollectionPath" String="DistinctPo"></PropertyValue>
                        <PropertyValue xmlns="http://docs.oasis-open.org/odata/ns/edm" Property="Label" String="PO Number"></PropertyValue>
                        <PropertyValue xmlns="http://docs.oasis-open.org/odata/ns/edm" Property="Parameters">
                            <Collection xmlns="http://docs.oasis-open.org/odata/ns/edm">
                                <Record xmlns="http://docs.oasis-open.org/odata/ns/edm" Type="Common.ValueListParameterOut">
                                    <PropertyValue xmlns="http://docs.oasis-open.org/odata/ns/edm" Property="LocalDataProperty" PropertyPath="PO_Number"></PropertyValue>
                                    <PropertyValue xmlns="http://docs.oasis-open.org/odata/ns/edm" Property="ValueListProperty" String="PO_Number"></PropertyValue>
                                </Record>
                            </Collection>
                        </PropertyValue>
                    </Record>
                </Annotation>
                <Annotation xmlns="http://docs.oasis-open.org/odata/ns/edm" Term="Common.Label" String="PO Number"></Annotation>
            </Annotations>
            <Annotations xmlns="http://docs.oasis-open.org/odata/ns/edm" Target="PalletService.PalletGs1label/Item_Number">
                <Annotation xmlns="http://docs.oasis-open.org/odata/ns/edm" Term="Common.Label" String="Item Number"></Annotation>
            </Annotations>
            <Annotations xmlns="http://docs.oasis-open.org/odata/ns/edm" Target="PalletService.PalletGs1label/Description">
                <Annotation xmlns="http://docs.oasis-open.org/odata/ns/edm" Term="Common.Label" String="Description"></Annotation>
            </Annotations>
            <Annotations xmlns="http://docs.oasis-open.org/odata/ns/edm" Target="PalletService.PalletGs1label/Schedule_Line_Number">
                <Annotation xmlns="http://docs.oasis-open.org/odata/ns/edm" Term="Common.Label" String="Schedule Line Number"></Annotation>
            </Annotations>
            <Annotations xmlns="http://docs.oasis-open.org/odata/ns/edm" Target="PalletService.PalletGs1label/Order_Quantity">
                <Annotation xmlns="http://docs.oasis-open.org/odata/ns/edm" Term="Common.Label" String="Order Quantity"></Annotation>
            </Annotations>
            <Annotations xmlns="http://docs.oasis-open.org/odata/ns/edm" Target="PalletService.PalletGs1label/Open_Quantity">
                <Annotation xmlns="http://docs.oasis-open.org/odata/ns/edm" Term="Common.Label" String="Open Quantity"></Annotation>
            </Annotations>
            <Annotations xmlns="http://docs.oasis-open.org/odata/ns/edm" Target="PalletService.PalletGs1label/Material">
                <Annotation xmlns="http://docs.oasis-open.org/odata/ns/edm" Term="Common.FieldControl" EnumMember="Common.FieldControlType/Mandatory"></Annotation>
                <Annotation xmlns="http://docs.oasis-open.org/odata/ns/edm" Term="Common.ValueList">
                    <Record xmlns="http://docs.oasis-open.org/odata/ns/edm" Type="Common.ValueListType">
                        <PropertyValue xmlns="http://docs.oasis-open.org/odata/ns/edm" Property="CollectionPath" String="DistinctMaterial"></PropertyValue>
                        <PropertyValue xmlns="http://docs.oasis-open.org/odata/ns/edm" Property="Label" String="Material"></PropertyValue>
                        <PropertyValue xmlns="http://docs.oasis-open.org/odata/ns/edm" Property="Parameters">
                            <Collection xmlns="http://docs.oasis-open.org/odata/ns/edm">
                                <Record xmlns="http://docs.oasis-open.org/odata/ns/edm" Type="Common.ValueListParameterOut">
                                    <PropertyValue xmlns="http://docs.oasis-open.org/odata/ns/edm" Property="LocalDataProperty" PropertyPath="Material"></PropertyValue>
                                    <PropertyValue xmlns="http://docs.oasis-open.org/odata/ns/edm" Property="ValueListProperty" String="Material"></PropertyValue>
                                </Record>
                            </Collection>
                        </PropertyValue>
                    </Record>
                </Annotation>
                <Annotation xmlns="http://docs.oasis-open.org/odata/ns/edm" Term="Common.Label" String="Material"></Annotation>
            </Annotations>
            <Annotations xmlns="http://docs.oasis-open.org/odata/ns/edm" Target="PalletService.PalletGs1label/Plant">
                <Annotation xmlns="http://docs.oasis-open.org/odata/ns/edm" Term="Common.FieldControl" EnumMember="Common.FieldControlType/Mandatory"></Annotation>
                <Annotation xmlns="http://docs.oasis-open.org/odata/ns/edm" Term="Common.ValueList">
                    <Record xmlns="http://docs.oasis-open.org/odata/ns/edm" Type="Common.ValueListType">
                        <PropertyValue xmlns="http://docs.oasis-open.org/odata/ns/edm" Property="CollectionPath" String="DistinctPlant"></PropertyValue>
                        <PropertyValue xmlns="http://docs.oasis-open.org/odata/ns/edm" Property="Label" String="Plant"></PropertyValue>
                        <PropertyValue xmlns="http://docs.oasis-open.org/odata/ns/edm" Property="Parameters">
                            <Collection xmlns="http://docs.oasis-open.org/odata/ns/edm">
                                <Record xmlns="http://docs.oasis-open.org/odata/ns/edm" Type="Common.ValueListParameterOut">
                                    <PropertyValue xmlns="http://docs.oasis-open.org/odata/ns/edm" Property="LocalDataProperty" PropertyPath="Plant"></PropertyValue>
                                    <PropertyValue xmlns="http://docs.oasis-open.org/odata/ns/edm" Property="ValueListProperty" String="Plant"></PropertyValue>
                                </Record>
                            </Collection>
                        </PropertyValue>
                    </Record>
                </Annotation>
                <Annotation xmlns="http://docs.oasis-open.org/odata/ns/edm" Term="Common.Label" String="Plant"></Annotation>
            </Annotations>
            <Annotations xmlns="http://docs.oasis-open.org/odata/ns/edm" Target="PalletService.PalletGs1label/Quantity_Input">
                <Annotation xmlns="http://docs.oasis-open.org/odata/ns/edm" Term="Common.Label" String="Quantity Input"></Annotation>
            </Annotations>
            <Annotations xmlns="http://docs.oasis-open.org/odata/ns/edm" Target="PalletService.PalletGs1label/Vendor">
                <Annotation xmlns="http://docs.oasis-open.org/odata/ns/edm" Term="Common.FieldControl" EnumMember="Common.FieldControlType/Mandatory"></Annotation>
                <Annotation xmlns="http://docs.oasis-open.org/odata/ns/edm" Term="Common.ValueList">
                    <Record xmlns="http://docs.oasis-open.org/odata/ns/edm" Type="Common.ValueListType">
                        <PropertyValue xmlns="http://docs.oasis-open.org/odata/ns/edm" Property="CollectionPath" String="DistinctVendor"></PropertyValue>
                        <PropertyValue xmlns="http://docs.oasis-open.org/odata/ns/edm" Property="Label" String="Vendor"></PropertyValue>
                        <PropertyValue xmlns="http://docs.oasis-open.org/odata/ns/edm" Property="Parameters">
                            <Collection xmlns="http://docs.oasis-open.org/odata/ns/edm">
                                <Record xmlns="http://docs.oasis-open.org/odata/ns/edm" Type="Common.ValueListParameterOut">
                                    <PropertyValue xmlns="http://docs.oasis-open.org/odata/ns/edm" Property="LocalDataProperty" PropertyPath="Vendor"></PropertyValue>
                                    <PropertyValue xmlns="http://docs.oasis-open.org/odata/ns/edm" Property="ValueListProperty" String="Vendor"></PropertyValue>
                                </Record>
                            </Collection>
                        </PropertyValue>
                    </Record>
                </Annotation>
                <Annotation xmlns="http://docs.oasis-open.org/odata/ns/edm" Term="Common.Label" String="Vendor"></Annotation>
            </Annotations>
            <Annotations xmlns="http://docs.oasis-open.org/odata/ns/edm" Target="PalletService.PalletGs1label/Print_Status">
                <Annotation xmlns="http://docs.oasis-open.org/odata/ns/edm" Term="Common.Label" String="Print Status"></Annotation>
            </Annotations>
            <Annotations xmlns="http://docs.oasis-open.org/odata/ns/edm" Target="PalletService.CarrierLabelData">
                <Annotation xmlns="http://docs.oasis-open.org/odata/ns/edm" Term="UI.SelectionFields">
                    <Collection xmlns="http://docs.oasis-open.org/odata/ns/edm">
                        <PropertyPath xmlns="http://docs.oasis-open.org/odata/ns/edm">PO_Number</PropertyPath>
                        <PropertyPath xmlns="http://docs.oasis-open.org/odata/ns/edm">Material</PropertyPath>
                        <PropertyPath xmlns="http://docs.oasis-open.org/odata/ns/edm">Plant</PropertyPath>
                        <PropertyPath xmlns="http://docs.oasis-open.org/odata/ns/edm">Vendor</PropertyPath>
                    </Collection>
                </Annotation>
                <Annotation xmlns="http://docs.oasis-open.org/odata/ns/edm" Term="UI.LineItem">
                    <Collection xmlns="http://docs.oasis-open.org/odata/ns/edm">
                        <Record xmlns="http://docs.oasis-open.org/odata/ns/edm" Type="UI.DataField">
                            <PropertyValue xmlns="http://docs.oasis-open.org/odata/ns/edm" Property="Value" Path="Creation_Date"></PropertyValue>
                        </Record>
                        <Record xmlns="http://docs.oasis-open.org/odata/ns/edm" Type="UI.DataField">
                            <PropertyValue xmlns="http://docs.oasis-open.org/odata/ns/edm" Property="Value" Path="PO_Number"></PropertyValue>
                        </Record>
                        <Record xmlns="http://docs.oasis-open.org/odata/ns/edm" Type="UI.DataField">
                            <PropertyValue xmlns="http://docs.oasis-open.org/odata/ns/edm" Property="Value" Path="Material"></PropertyValue>
                        </Record>
                        <Record xmlns="http://docs.oasis-open.org/odata/ns/edm" Type="UI.DataField">
                            <PropertyValue xmlns="http://docs.oasis-open.org/odata/ns/edm" Property="Value" Path="Vendor"></PropertyValue>
                        </Record>
                        <Record xmlns="http://docs.oasis-open.org/odata/ns/edm" Type="UI.DataField">
                            <PropertyValue xmlns="http://docs.oasis-open.org/odata/ns/edm" Property="Value" Path="Plant"></PropertyValue>
                        </Record>
                        <Record xmlns="http://docs.oasis-open.org/odata/ns/edm" Type="UI.DataField">
                            <PropertyValue xmlns="http://docs.oasis-open.org/odata/ns/edm" Property="Value" Path="Item_Number"></PropertyValue>
                        </Record>
                        <Record xmlns="http://docs.oasis-open.org/odata/ns/edm" Type="UI.DataField">
                            <PropertyValue xmlns="http://docs.oasis-open.org/odata/ns/edm" Property="Value" Path="Description"></PropertyValue>
                        </Record>
                        <Record xmlns="http://docs.oasis-open.org/odata/ns/edm" Type="UI.DataField">
                            <PropertyValue xmlns="http://docs.oasis-open.org/odata/ns/edm" Property="Value" Path="Schedule_Line_Number"></PropertyValue>
                        </Record>
                        <Record xmlns="http://docs.oasis-open.org/odata/ns/edm" Type="UI.DataField">
                            <PropertyValue xmlns="http://docs.oasis-open.org/odata/ns/edm" Property="Value" Path="Order_Quantity"></PropertyValue>
                        </Record>
                        <Record xmlns="http://docs.oasis-open.org/odata/ns/edm" Type="UI.DataField">
                            <PropertyValue xmlns="http://docs.oasis-open.org/odata/ns/edm" Property="Value" Path="Open_Quantity"></PropertyValue>
                        </Record>
                        <Record xmlns="http://docs.oasis-open.org/odata/ns/edm" Type="UI.DataField">
                            <PropertyValue xmlns="http://docs.oasis-open.org/odata/ns/edm" Property="Value" Path="Quantity_Input"></PropertyValue>
                        </Record>
                        <Record xmlns="http://docs.oasis-open.org/odata/ns/edm" Type="UI.DataField">
                            <PropertyValue xmlns="http://docs.oasis-open.org/odata/ns/edm" Property="Value" Path="Print_Status"></PropertyValue>
                        </Record>
                    </Collection>
                    <Annotation xmlns="http://docs.oasis-open.org/odata/ns/edm" Term="UI.TextArrangement" EnumMember="UI.TextArrangementType/TextOnly"></Annotation>
                </Annotation>
            </Annotations>
            <Annotations xmlns="http://docs.oasis-open.org/odata/ns/edm" Target="PalletService.CarrierLabelData/Creation_Date">
                <Annotation xmlns="http://docs.oasis-open.org/odata/ns/edm" Term="Common.Label" String="Creation Date"></Annotation>
            </Annotations>
            <Annotations xmlns="http://docs.oasis-open.org/odata/ns/edm" Target="PalletService.CarrierLabelData/PO_Number">
                <Annotation xmlns="http://docs.oasis-open.org/odata/ns/edm" Term="Common.FieldControl" EnumMember="Common.FieldControlType/Mandatory"></Annotation>
                <Annotation xmlns="http://docs.oasis-open.org/odata/ns/edm" Term="Common.ValueList">
                    <Record xmlns="http://docs.oasis-open.org/odata/ns/edm" Type="Common.ValueListType">
                        <PropertyValue xmlns="http://docs.oasis-open.org/odata/ns/edm" Property="CollectionPath" String="CarrierDistinctPo"></PropertyValue>
                        <PropertyValue xmlns="http://docs.oasis-open.org/odata/ns/edm" Property="Label" String="PO Number"></PropertyValue>
                        <PropertyValue xmlns="http://docs.oasis-open.org/odata/ns/edm" Property="Parameters">
                            <Collection xmlns="http://docs.oasis-open.org/odata/ns/edm">
                                <Record xmlns="http://docs.oasis-open.org/odata/ns/edm" Type="Common.ValueListParameterOut">
                                    <PropertyValue xmlns="http://docs.oasis-open.org/odata/ns/edm" Property="LocalDataProperty" PropertyPath="PO_Number"></PropertyValue>
                                    <PropertyValue xmlns="http://docs.oasis-open.org/odata/ns/edm" Property="ValueListProperty" String="PO_Number"></PropertyValue>
                                </Record>
                            </Collection>
                        </PropertyValue>
                    </Record>
                </Annotation>
                <Annotation xmlns="http://docs.oasis-open.org/odata/ns/edm" Term="Common.Label" String="PO Number"></Annotation>
            </Annotations>
            <Annotations xmlns="http://docs.oasis-open.org/odata/ns/edm" Target="PalletService.CarrierLabelData/Item_Number">
                <Annotation xmlns="http://docs.oasis-open.org/odata/ns/edm" Term="Common.Label" String="Item Number"></Annotation>
            </Annotations>
            <Annotations xmlns="http://docs.oasis-open.org/odata/ns/edm" Target="PalletService.CarrierLabelData/Description">
                <Annotation xmlns="http://docs.oasis-open.org/odata/ns/edm" Term="Common.Label" String="Description"></Annotation>
            </Annotations>
            <Annotations xmlns="http://docs.oasis-open.org/odata/ns/edm" Target="PalletService.CarrierLabelData/Schedule_Line_Number">
                <Annotation xmlns="http://docs.oasis-open.org/odata/ns/edm" Term="Common.Label" String="Schedule Line Number"></Annotation>
            </Annotations>
            <Annotations xmlns="http://docs.oasis-open.org/odata/ns/edm" Target="PalletService.CarrierLabelData/Order_Quantity">
                <Annotation xmlns="http://docs.oasis-open.org/odata/ns/edm" Term="Common.Label" String="Order Quantity"></Annotation>
            </Annotations>
            <Annotations xmlns="http://docs.oasis-open.org/odata/ns/edm" Target="PalletService.CarrierLabelData/Open_Quantity">
                <Annotation xmlns="http://docs.oasis-open.org/odata/ns/edm" Term="Common.Label" String="Open Quantity"></Annotation>
            </Annotations>
            <Annotations xmlns="http://docs.oasis-open.org/odata/ns/edm" Target="PalletService.CarrierLabelData/Material">
                <Annotation xmlns="http://docs.oasis-open.org/odata/ns/edm" Term="Common.FieldControl" EnumMember="Common.FieldControlType/Mandatory"></Annotation>
                <Annotation xmlns="http://docs.oasis-open.org/odata/ns/edm" Term="Common.ValueList">
                    <Record xmlns="http://docs.oasis-open.org/odata/ns/edm" Type="Common.ValueListType">
                        <PropertyValue xmlns="http://docs.oasis-open.org/odata/ns/edm" Property="CollectionPath" String="CarrierDistinctMaterial"></PropertyValue>
                        <PropertyValue xmlns="http://docs.oasis-open.org/odata/ns/edm" Property="Label" String="Material"></PropertyValue>
                        <PropertyValue xmlns="http://docs.oasis-open.org/odata/ns/edm" Property="Parameters">
                            <Collection xmlns="http://docs.oasis-open.org/odata/ns/edm">
                                <Record xmlns="http://docs.oasis-open.org/odata/ns/edm" Type="Common.ValueListParameterOut">
                                    <PropertyValue xmlns="http://docs.oasis-open.org/odata/ns/edm" Property="LocalDataProperty" PropertyPath="Material"></PropertyValue>
                                    <PropertyValue xmlns="http://docs.oasis-open.org/odata/ns/edm" Property="ValueListProperty" String="Material"></PropertyValue>
                                </Record>
                            </Collection>
                        </PropertyValue>
                    </Record>
                </Annotation>
                <Annotation xmlns="http://docs.oasis-open.org/odata/ns/edm" Term="Common.Label" String="Material"></Annotation>
            </Annotations>
            <Annotations xmlns="http://docs.oasis-open.org/odata/ns/edm" Target="PalletService.CarrierLabelData/Ship_Date">
                <Annotation xmlns="http://docs.oasis-open.org/odata/ns/edm" Term="Common.Label" String="Ship Date"></Annotation>
            </Annotations>
            <Annotations xmlns="http://docs.oasis-open.org/odata/ns/edm" Target="PalletService.CarrierLabelData/Plant">
                <Annotation xmlns="http://docs.oasis-open.org/odata/ns/edm" Term="Common.FieldControl" EnumMember="Common.FieldControlType/Mandatory"></Annotation>
                <Annotation xmlns="http://docs.oasis-open.org/odata/ns/edm" Term="Common.ValueList">
                    <Record xmlns="http://docs.oasis-open.org/odata/ns/edm" Type="Common.ValueListType">
                        <PropertyValue xmlns="http://docs.oasis-open.org/odata/ns/edm" Property="CollectionPath" String="CarrierDistinctPlant"></PropertyValue>
                        <PropertyValue xmlns="http://docs.oasis-open.org/odata/ns/edm" Property="Label" String="Plant"></PropertyValue>
                        <PropertyValue xmlns="http://docs.oasis-open.org/odata/ns/edm" Property="Parameters">
                            <Collection xmlns="http://docs.oasis-open.org/odata/ns/edm">
                                <Record xmlns="http://docs.oasis-open.org/odata/ns/edm" Type="Common.ValueListParameterOut">
                                    <PropertyValue xmlns="http://docs.oasis-open.org/odata/ns/edm" Property="LocalDataProperty" PropertyPath="Plant"></PropertyValue>
                                    <PropertyValue xmlns="http://docs.oasis-open.org/odata/ns/edm" Property="ValueListProperty" String="Plant"></PropertyValue>
                                </Record>
                            </Collection>
                        </PropertyValue>
                    </Record>
                </Annotation>
                <Annotation xmlns="http://docs.oasis-open.org/odata/ns/edm" Term="Common.Label" String="Plant"></Annotation>
            </Annotations>
            <Annotations xmlns="http://docs.oasis-open.org/odata/ns/edm" Target="PalletService.CarrierLabelData/Quantity_Input">
                <Annotation xmlns="http://docs.oasis-open.org/odata/ns/edm" Term="Common.Label" String="Quantity Input"></Annotation>
            </Annotations>
            <Annotations xmlns="http://docs.oasis-open.org/odata/ns/edm" Target="PalletService.CarrierLabelData/Vendor">
                <Annotation xmlns="http://docs.oasis-open.org/odata/ns/edm" Term="Common.FieldControl" EnumMember="Common.FieldControlType/Mandatory"></Annotation>
                <Annotation xmlns="http://docs.oasis-open.org/odata/ns/edm" Term="Common.ValueList">
                    <Record xmlns="http://docs.oasis-open.org/odata/ns/edm" Type="Common.ValueListType">
                        <PropertyValue xmlns="http://docs.oasis-open.org/odata/ns/edm" Property="CollectionPath" String="CarrierDistinctVendor"></PropertyValue>
                        <PropertyValue xmlns="http://docs.oasis-open.org/odata/ns/edm" Property="Label" String="Vendor"></PropertyValue>
                        <PropertyValue xmlns="http://docs.oasis-open.org/odata/ns/edm" Property="Parameters">
                            <Collection xmlns="http://docs.oasis-open.org/odata/ns/edm">
                                <Record xmlns="http://docs.oasis-open.org/odata/ns/edm" Type="Common.ValueListParameterOut">
                                    <PropertyValue xmlns="http://docs.oasis-open.org/odata/ns/edm" Property="LocalDataProperty" PropertyPath="Vendor"></PropertyValue>
                                    <PropertyValue xmlns="http://docs.oasis-open.org/odata/ns/edm" Property="ValueListProperty" String="Vendor"></PropertyValue>
                                </Record>
                            </Collection>
                        </PropertyValue>
                    </Record>
                </Annotation>
                <Annotation xmlns="http://docs.oasis-open.org/odata/ns/edm" Term="Common.Label" String="Vendor"></Annotation>
            </Annotations>
            <Annotations xmlns="http://docs.oasis-open.org/odata/ns/edm" Target="PalletService.CarrierLabelData/Print_Status">
                <Annotation xmlns="http://docs.oasis-open.org/odata/ns/edm" Term="Common.Label" String="Print Status"></Annotation>
            </Annotations>
            <Annotations xmlns="http://docs.oasis-open.org/odata/ns/edm" Target="PalletService.CarrierData">
                <Annotation xmlns="http://docs.oasis-open.org/odata/ns/edm" Term="Core.Description" String=" Views"></Annotation>
            </Annotations>
            <Annotations xmlns="http://docs.oasis-open.org/odata/ns/edm" Target="PalletService.CarrierData/PO">
                <Annotation xmlns="http://docs.oasis-open.org/odata/ns/edm" Term="Common.Label" String="PO Number"></Annotation>
            </Annotations>
            <Annotations xmlns="http://docs.oasis-open.org/odata/ns/edm" Target="PalletService.CarrierData/Ship_Date">
                <Annotation xmlns="http://docs.oasis-open.org/odata/ns/edm" Term="Common.Label" String="Ship Date"></Annotation>
            </Annotations>
            <Annotations xmlns="http://docs.oasis-open.org/odata/ns/edm" Target="PalletService.DistinctPo">
                <Annotation xmlns="http://docs.oasis-open.org/odata/ns/edm" Term="Core.Description" String=" Entities"></Annotation>
            </Annotations>
            <Annotations xmlns="http://docs.oasis-open.org/odata/ns/edm" Target="PalletService.DistinctPo/PO_Number">
                <Annotation xmlns="http://docs.oasis-open.org/odata/ns/edm" Term="Common.Label" String="PO Number"></Annotation>
            </Annotations>
            <Annotations xmlns="http://docs.oasis-open.org/odata/ns/edm" Target="PalletService.DistinctMaterial">
                <Annotation xmlns="http://docs.oasis-open.org/odata/ns/edm" Term="Core.Description" String=" Entities"></Annotation>
            </Annotations>
            <Annotations xmlns="http://docs.oasis-open.org/odata/ns/edm" Target="PalletService.DistinctMaterial/Material">
                <Annotation xmlns="http://docs.oasis-open.org/odata/ns/edm" Term="Common.Label" String="Material"></Annotation>
            </Annotations>
            <Annotations xmlns="http://docs.oasis-open.org/odata/ns/edm" Target="PalletService.DistinctPlant">
                <Annotation xmlns="http://docs.oasis-open.org/odata/ns/edm" Term="Core.Description" String=" Entities"></Annotation>
            </Annotations>
            <Annotations xmlns="http://docs.oasis-open.org/odata/ns/edm" Target="PalletService.DistinctPlant/Plant">
                <Annotation xmlns="http://docs.oasis-open.org/odata/ns/edm" Term="Common.Label" String="Plant"></Annotation>
            </Annotations>
            <Annotations xmlns="http://docs.oasis-open.org/odata/ns/edm" Target="PalletService.DistinctVendor">
                <Annotation xmlns="http://docs.oasis-open.org/odata/ns/edm" Term="Core.Description" String=" Entities"></Annotation>
            </Annotations>
            <Annotations xmlns="http://docs.oasis-open.org/odata/ns/edm" Target="PalletService.DistinctVendor/Vendor">
                <Annotation xmlns="http://docs.oasis-open.org/odata/ns/edm" Term="Common.Label" String="Vendor"></Annotation>
            </Annotations>
            <Annotations xmlns="http://docs.oasis-open.org/odata/ns/edm" Target="PalletService.CarrierDistinctPo/PO_Number">
                <Annotation xmlns="http://docs.oasis-open.org/odata/ns/edm" Term="Common.Label" String="PO Number"></Annotation>
            </Annotations>
            <Annotations xmlns="http://docs.oasis-open.org/odata/ns/edm" Target="PalletService.CarrierDistinctMaterial/Material">
                <Annotation xmlns="http://docs.oasis-open.org/odata/ns/edm" Term="Common.Label" String="Material"></Annotation>
            </Annotations>
            <Annotations xmlns="http://docs.oasis-open.org/odata/ns/edm" Target="PalletService.CarrierDistinctVendor/Vendor">
                <Annotation xmlns="http://docs.oasis-open.org/odata/ns/edm" Term="Common.Label" String="Vendor"></Annotation>
            </Annotations>
            <Annotations xmlns="http://docs.oasis-open.org/odata/ns/edm" Target="PalletService.CarrierDistinctPlant/Plant">
                <Annotation xmlns="http://docs.oasis-open.org/odata/ns/edm" Term="Common.Label" String="Plant"></Annotation>
            </Annotations>
        </Schema>
    </edmx:DataServices>
</edmx:Edmx>