{
  "xsappname": "dat-xsuaa",
  "tenant-mode": "dedicated",
  "description": "Security profile of called application",
  "scopes": [
    {
      "name": "uaa.user",
      "description": "UAA"
    }
  ],
  "role-templates": [
    {
      "name": "Token_Exchange",
      "description": "UAA",
      "scope-references": [
        "uaa.user"
      ]
    }
  ],
  "oauth2-configuration": {
    "redirect-uris": [
      "https://port5001-workspaces-ws*.us10.applicationstudio.cloud.sap/**",
      "http://localhost:5001/**",
      "https://apple-inc--explr-downtime-management-dat-approuter.cfapps.us10.hana.ondemand.com/**"
    ]
  }
}
