{
    "UploadCollection" : [
        {
            "REQUESTNO" : "632533",
            "DATE" : "13/05/2022",
            "STATUSTEXT":"Error",
            "STATUSCODE":"Error",
            "Plant":"1435",
            "PrimaryPartNo":"661-21381",
            "InterchangeablePart":"661-13287",
            "Priority":"R0",
            "Description":"SVC",
            "ErrorMessage":"One of the Interchangeable part is not active"
                
        },
        {
            "REQUESTNO" : "632531",
            "DATE" : "11/05/2022",
            "STATUSTEXT":"Upload Complete",
            "STATUSCODE":"Success"

        },
        {
            "REQUESTNO" : "632532",
            "DATE" : "12/05/2022",
            "STATUSTEXT":" In Progress",
            "STATUSCODE":"Warning"

        }
       


    ]
}