<core:FragmentDefinition controllerName="XMLViewController"
    xmlns="sap.m"
    xmlns:core="sap.ui.core"
    xmlns:form="sap.ui.layout.form"
    xmlns:mvc="sap.ui.core.mvc">
    <Dialog id="diaVariantSave" title="{i18n>saveFilter}" contentWidth="400px" afterClose=".vm.onVariantSaveClose">
        <content>
            <MessageStrip id="VSave_MessageStrip" visible="{saveVariantModel>/isMStripVisible}" text="{saveVariantModel>/mStripText}" type="Warning" showIcon="true"/>
            <form:SimpleForm id="idSaveVarForm" maxContainerCols="1" editable="true" layout="ResponsiveGridLayout" labelSpanL="12" labelSpanM="12">
                <form:content>
                    <Label id="lblformVariantVARIANT" class="zSFormlbl" text="Filter" required="true"></Label>
                    <Input id="informVariantVARIANT" class="zMInput" value="{saveVariantModel>/variant}" enabled="{saveVariantModel>/isInitialScreen}" valueState="{saveVariantModel>/variantValueState}" width="100%" maxLength="20"></Input>
                    <Label id="lblformVariantVTEXT" class="zSFormlbl" text="Description" required="true"></Label>
                    <Input id="informVariantVTEXT" class="zMInput" value="{saveVariantModel>/variantText}" enabled="{saveVariantModel>/isInitialScreen}" valueState="{saveVariantModel>/variantTextValueState}" width="100%" maxLength="30"></Input>
                    <CheckBox id="cb_cvc_global" class="zcheckbox" enabled="{= !${saveVariantModel>/default} &amp;&amp; ${saveVariantModel>/isInitialScreen} }" selected="{saveVariantModel>/global}" text="Global" tooltip="Mark for global variant"></CheckBox>
                    <CheckBox id="cb_cvc_Default" class="zcheckbox" enabled="{= !${saveVariantModel>/global} &amp;&amp; ${saveVariantModel>/isInitialScreen}}" selected="{saveVariantModel>/default}" text="Default" tooltip="Mark for default variant"></CheckBox>
                </form:content>
            </form:SimpleForm>
        </content>

        <Toolbar id="VSave_Toolbar">
                <content>
                    <ToolbarSpacer id="VSave_ToolbarSpacer3"></ToolbarSpacer>
                    <Button id="butVariantProceed" class="zBtnBlue" visible="{= !${saveVariantModel>/isInitialScreen}}" text="Proceed" type="Emphasized" press=".vm._saveVariant(${saveVariantModel>/variant}, ${saveVariantModel>/variantText})"></Button>
                    <Button id="butVariantSaveOK" class="zBtnBlue" visible="{saveVariantModel>/isInitialScreen}" text="OK" type="Emphasized" press=".vm.onSaveVariantOk($controller)"></Button>
                    <Button id="butVariantSaveCancel" class="zBtnBlue" text="Close" type="Emphasized" press=".vm.onSaveVariantClose($controller)"></Button>
                </content>
            </Toolbar>
    </Dialog>
</core:FragmentDefinition>