<core:FragmentDefinition controllerName="XMLViewController"
    xmlns="sap.m"
    xmlns:core="sap.ui.core"
    xmlns:form="sap.ui.layout.form"
    xmlns:layout="sap.ui.layout"
    xmlns:mvc="sap.ui.core.mvc">
    <Dialog id="diaGridVariant" title="Save Grid" contentWidth="400px" resizable="true">
        <content>
            <form:SimpleForm maxContainerCols="1" editable="true" layout="ResponsiveGridLayout" labelSpanL="12" labelSpanM="12">
                <form:content>
                    <Label class="zSFormlbl" text="Variant" required="true"/>
                    <Input value="{gridModel>/gridVariant}" valueState="{gridModel>/gridVariantValueState}" width="100%" maxLength="14"/>
                    <form:SimpleForm>
                        <form:content>
                            <CheckBox class="zcheckbox" text="Global" selected="{gridModel>/global}" enabled="{= !${gridModel>/default} }" tooltip="Mark for global variant">
                                <layoutData>
                                    <layout:ResponsiveFlowLayoutData weight="3"/>
                                </layoutData>
                            </CheckBox>
                            <CheckBox class="zcheckbox" text="Delete" selected="{gridModel>/delete}" tooltip="Mark for delete variant">
                                <layoutData>
                                    <layout:ResponsiveFlowLayoutData weight="3"/>
                                </layoutData>
                            </CheckBox>
                            <CheckBox class="zcheckbox" text="Default" selected="{gridModel>/default}" enabled="{= !${gridModel>/global} }" tooltip="Mark for default variant">
                                <layoutData>
                                    <layout:ResponsiveFlowLayoutData weight="2"/>
                                </layoutData>
                            </CheckBox>
                        </form:content>
                    </form:SimpleForm>
                </form:content>
            </form:SimpleForm>
        </content>
        <beginButton>
            <Button id="butGridVariantSaveOK" class="zBtnBlue" text="OK" type="Emphasized" press=".gridUtil.onGridVariantSave"/>
        </beginButton>
        <endButton>
            <Button id="butGridVariantCancel" class="zBtnBlue" text="Close" type="Emphasized" press=".gridUtil.dialogClose"/>
        </endButton>
    </Dialog>
</core:FragmentDefinition>