<core:FragmentDefinition xmlns="sap.m" xmlns:core="sap.ui.core" xmlns:l="sap.ui.layout" xmlns:f="sap.ui.layout.form">
<VBox>
<items>
<IconTabBar id="idCreateBoxSub"
		 class="selTabIconCls itbDisableTabCls zMITPIconPadding zITBSep zIconTab bgColor pnlBg zMITBText itbBottom itbFiltersGap disabledMITB disabledMITB boxShadow"
		expanded="true" stretchContentHeight="true" tabDensityMode="Compact" backgroundDesign="Translucent" selectedKey="{oGlobalModel>/boxSubTabSelKey}" expandable="false">
		<items>
			<IconTabFilter design="Horizontal" icon="sap-icon://create-form" text="{i18n>genBoxIDITB}" key="genBoxId" enabled="{=${oGlobalModel>/boxSubTabSelKey} === 'genBoxId'}">
				<content>
    <VBox alignItems="Center" class="myBackgroundStyle sapUiMediumMarginTop">
                    <items>
                    <VBox class="vboxCls3 pnlBg sfpAlignment selOptCls selOptArw" justifyContent="Center">
                    <items>
    <HBox justifyContent="Center" alignItems="Center" class="sapUiTinyMarginBottom">
    <items>
    <Label text="{i18n>plantLbl}" class="sapUiSmallMarginEnd lblClas" width="7rem"/>
				<Select forceSelection="false" selectedKey="{oGlobalModel>/sCreateBoxPlantSelKey}" items="{path: 'oGenBoxIdModel>/aCreateBoxPlant'}" change="onBoxPlantChange" width="12rem" enabled="{=!${oGlobalModel>/bSubs}}">
						<core:Item key="{oGenBoxIdModel>Plant}" text="{oGenBoxIdModel>Plant}"/>
					</Select>
    </items>
    </HBox>
    <HBox justifyContent="Center" alignItems="Center" class="sapUiTinyMarginBottom">
    <items>
    <Label text="{i18n>storLocLbl}" class="sapUiSmallMarginEnd lblClas" width="7rem"/>
				<Select id="storageLoc" forceSelection="false" selectedKey="{oGlobalModel>/sCreateBoxStorageLocSelKey}" items="{oGenBoxIdModel>/aCreateBoxStorageLocs}" editable="{=${oGenBoxIdModel>/aCreateBoxStorageLocs}.length > 1}"
						change="onStorageLocChange" width="12rem">
						<core:Item key="{oGenBoxIdModel>StorageLocation}" text="{oGenBoxIdModel>StorageLocation}"/>
					</Select>
    </items>
    </HBox>
    <HBox justifyContent="Center" alignItems="Center" class="sapUiTinyMarginBottom">
    <items>
    <Label text="{i18n>lobLbl}" class="sapUiSmallMarginEnd lblClas" width="7rem"/>
				<Select id="lob" forceSelection="false" selectedKey="{oGlobalModel>/sCreateBoxLOBSelKey}" items="{oGenBoxIdModel>/aCreateBoxLobs}"
						 change="onLOBChange" width="12rem">
						<core:Item key="{oGenBoxIdModel>LOB}" text="{oGenBoxIdModel>LOB}"/>
					</Select>
    </items>
    </HBox>
    <HBox justifyContent="Center" alignItems="Center" class="sapUiTinyMarginBottom">
    <items>
    <Label text="{i18n>boxType}" class="sapUiSmallMarginEnd lblClas" width="7rem"/>
				<Select id="boxType" forceSelection="false" selectedKey="{oGlobalModel>/sCreateBoxBoxTypeSelKey}" items="{oGenBoxIdModel>/aCreateBoxBoxTypes}" width="12rem">
						<core:Item key="{oGenBoxIdModel>MaxQuantity}" text="{oGenBoxIdModel>BoxType}"/>
					</Select>
    </items>
    </HBox>
    <HBox justifyContent="Center" alignItems="Center" visible="{oGlobalModel>/bSubs}">
    <items>
    <Label text="{i18n>lblCustomer}" class="sapUiSmallMarginEnd lblClas" width="7rem"/>
				<Select id="customer" forceSelection="false" selectedKey="{oGlobalModel>/sCreateBoxCustomer}" items="{oGenBoxIdModel>/aCreateBoxCustomer}" width="12rem" showSecondaryValues="false">
						<core:ListItem key="{oGenBoxIdModel>CustomerId}" text="{oGenBoxIdModel>CustomerId} - {oGenBoxIdModel>CustomerName}" additionalText="{oGenBoxIdModel>CustomerName}"/>
					</Select>
    </items>
    </HBox>
    </items>
    </VBox>
    </items>
    </VBox>
                </content>
			</IconTabFilter>
            <IconTabSeparator icon="sap-icon://arrow-right"/>
			<IconTabFilter design="Horizontal" icon="sap-icon://bar-code" text="{i18n>scanSrlNos}" key="scanSN" enabled="{=${oGlobalModel>/boxSubTabSelKey} === 'scanSN'}">
			<content>
            <VBox class="myBackgroundStyle">
            <Panel expanded="true" expandable="false" class="labelAlign pnlBottom pnlBg hBoxMidAln panelPaddingCls">
                    <Toolbar>
                    <ToolbarSpacer/>
                    <HBox alignItems="Center" class="zTBLbls zTBLblTxt">
                    <items>
                        <Label text="{i18n>lblPackagngType}" class="sapUiTinyMarginEnd"></Label>
                        <Text text="{oGlobalModel>/sPackagingKey}" class="sapUiLargeMarginEnd"></Text>
                        <Label text="{i18n>boxId}" class="sapUiTinyMarginEnd"></Label>
                        <Text text="{oGlobalModel>/sCreateBoxId}" class="sapUiLargeMarginEnd"></Text>
                        <Label text="{i18n>plantLbl}" class="sapUiTinyMarginEnd"></Label>
                        <Text text="{oGlobalModel>/sCreateBoxPlantSelKey}" class="sapUiLargeMarginEnd"></Text>
                        <Label text="{i18n>storLocLbl}" class="sapUiTinyMarginEnd"></Label>
                        <Text text="{oGlobalModel>/sCreateBoxStorageLocSelKey}" class="sapUiLargeMarginEnd"></Text>
                    </items>
                    </HBox>
                    <ToolbarSpacer/>
                    </Toolbar>
                </Panel>
                <VBox alignItems="Center" justifyContent="Center" class="pnlBg zVBoxPaddingTop">
                <items>
                <Panel width="100%" class="zpanelTableBoderCls">
                <Table sticky="ColumnHeaders"  showNoData="false" width="26rem" class="zTableColLblCls vhDPCls">
				<columns >
					<Column minScreenWidth="Tablet" demandPopin="true" hAlign="Left" width="2rem">
						<Label text="{i18n>tblColBoxSeq}" wrapping="true"/>
					</Column>
					<Column minScreenWidth="Tablet" demandPopin="true" hAlign="Left" width="6rem">
						<Label text="{i18n>tblColSrlNo}" wrapping="true"/>
					</Column>
					
				</columns>
			</Table>
                <ScrollContainer height="{= ${oSerialNosModel>/aCreateBoxSerialNos}.length > 10 ? '28rem' : 'auto'}" vertical="true" width="26rem">
     <Table id="createSNs_Tbl" items="{oSerialNosModel>/aCreateBoxSerialNos}" sticky="ColumnHeaders"  showNoData="true" width="25.2rem" class="zTableColLblCls vhDPCls" keyboardMode="Edit">
				<columns >
					<Column minScreenWidth="Tablet" demandPopin="true" hAlign="Left" width="2rem">
					</Column>
					<Column minScreenWidth="Tablet" demandPopin="true" hAlign="Left" width="6rem">
					</Column>
					
				</columns>
				<items>
					<ColumnListItem>
						<cells>
							<Text text="{oSerialNosModel>sequencePositions}"></Text>
							<Input value="{oSerialNosModel>serialNumbers}"/>
						</cells>
					</ColumnListItem>
				</items>
			</Table>
            </ScrollContainer>
            </Panel>
            </items>
     </VBox>
     </VBox>
            </content>
			</IconTabFilter>
            <IconTabSeparator icon="sap-icon://arrow-right"/>
            <IconTabFilter design="Horizontal" icon="sap-icon://print" text="{i18n>validNPrintITB}" key="valdAndPrint" enabled="{=${oGlobalModel>/boxSubTabSelKey} === 'valdAndPrint'}">
			<content>
            <VBox class="myBackgroundStyle">
            <Panel expanded="true" expandable="false" class="labelAlign pnlBottom pnlBg hBoxMidAln panelPaddingCls">
                    <Toolbar>
                    <ToolbarSpacer/>
                    <HBox alignItems="Center" class="zTBLbls zTBLblTxt">
                    <items>
                    <Label text="{i18n>lblPackagngType}" class="sapUiTinyMarginEnd"></Label>
                        <Text text="{oGlobalModel>/sPackagingKey}" class="sapUiLargeMarginEnd"></Text>
                        <Label text="{i18n>lblBoxId}" class="sapUiTinyMarginEnd"></Label>
                        <Text text="{oGlobalModel>/sCreateBoxId}" class="sapUiLargeMarginEnd"></Text>
                        <Label text="{i18n>scrfbPnLbl}" class="sapUiTinyMarginEnd" visible="{=!${oGlobalModel>/bSubs}}"></Label>
                        <Text text="{oGlobalModel>/sCreateBoxACRFB}" class="sapUiLargeMarginEnd" visible="{=!${oGlobalModel>/bSubs}}"></Text>
                        <Label text="{i18n>fgpnLbl}" class="sapUiTinyMarginEnd" visible="{=!${oGlobalModel>/bSubs}}"></Label>
                        <Text text="{oGlobalModel>/sCreateBoxFGPN}" class="sapUiLargeMarginEnd" visible="{=!${oGlobalModel>/bSubs}}"></Text>
                    </items>
                    </HBox>
                    <ToolbarSpacer/>
                    </Toolbar>
                </Panel>
                <VBox alignItems="Center" alignContent="Center" class="pnlBg zVBoxPaddingTop">
                <items>
                <Panel width="100%" class="zpanelTableBoderCls">
                <Table showNoData="false" width="50rem" class="zTableColLblCls">
				<columns >
					<Column minScreenWidth="Tablet" demandPopin="true" hAlign="Left">
						<Label text="{i18n>tblColBoxSeq}" wrapping="true"/>
					</Column>
					<Column minScreenWidth="Tablet" demandPopin="true" hAlign="Left">
						<Label text="{i18n>tblColSrlNo}" wrapping="true"/>
					</Column>
                    <Column minScreenWidth="Tablet" demandPopin="true" hAlign="Left">
						<Label text="{i18n>tblColimei1}" wrapping="true"/>
					</Column>
                    <Column minScreenWidth="Tablet" demandPopin="true" hAlign="Left">
						<Label text="{i18n>tblColimei2}" wrapping="true"/>
					</Column>
					
				</columns>
			</Table>
                <ScrollContainer height="{= ${oValidAndPrintModel>/aCBValidAndPrint}.length > 10 ? '28rem' : 'auto'}" vertical="true" width="50rem">
                <Table items="{oValidAndPrintModel>/aCBValidAndPrint}" sticky="ColumnHeaders" showNoData="true" width="{= ${oValidAndPrintModel>/aCBValidAndPrint}.length > 10 ? '49.2rem' : '50rem'}" class="zTableColLblCls">
				<columns >
					<Column minScreenWidth="Tablet" demandPopin="true" hAlign="Left">
					</Column>
					<Column minScreenWidth="Tablet" demandPopin="true" hAlign="Left">
					</Column>
                    <Column minScreenWidth="Tablet" demandPopin="true" hAlign="Left">
					</Column>
                    <Column minScreenWidth="Tablet" demandPopin="true" hAlign="Left">
					</Column>
				</columns>
				<items>
					<ColumnListItem>
						<cells>
							<Text text="{oValidAndPrintModel>BoxSequence}"></Text>
							<Text text="{oValidAndPrintModel>SerialNumber}"/>
                            <Text text="{oValidAndPrintModel>IMEI1}"></Text>
							<Text text="{oValidAndPrintModel>IMEI2}"/>
						</cells>
					</ColumnListItem>
				</items>
			</Table>
            </ScrollContainer>
            </Panel>
                </items>
     </VBox>
     </VBox>
            </content>
			</IconTabFilter>
			
		</items>
	</IconTabBar>
    </items>
</VBox>
	
</core:FragmentDefinition>