<core:FragmentDefinition
	xmlns="sap.m"
	xmlns:core="sap.ui.core">
    <Dialog contentWidth="auto" contentHeight="auto" title="{i18n>custDlgTtl}">
    <beginButton>
			<Button text="{i18n>btnOK}" press="onDestSel" class="sapUiTinyMarginEnd"></Button>
		</beginButton>
        <VBox alignItems="Center">
        <items>
        <Select id="destDlgBox" forceSelection="true" items="{oBoxDestModel>/aBoxDestData}" selectedKey="{oGlobalModel>/sBoxDestSelKey}" class="sapUiMediumMargin" showSecondaryValues="false">
                            <core:Item key="{oBoxDestModel>packTypeKey}" text="{oBoxDestModel>packTypeVal}"/>
                            </Select>
                            </items>
        </VBox>
		
    </Dialog>
</core:FragmentDefinition>