<core:FragmentDefinition xmlns="sap.m" xmlns:core="sap.ui.core" xmlns:l="sap.ui.layout" xmlns:f="sap.ui.layout.form">
<VBox>
<items>
<IconTabBar id="idModifyBoxSub"
		 class="selTabIconCls itbDisableTabCls zMITPIconPadding zITBSep zIconTab bgColor pnlBg zMITBText itbBottom itbFiltersGap disabledMITB disabledMITB"
		expanded="true" stretchContentHeight="true" tabDensityMode="Compact" backgroundDesign="Translucent" selectedKey="{oGlobalModel>/boxModSubSelKey}" expandable="false">
		<items>
			<IconTabFilter design="Horizontal" icon="sap-icon://bar-code" text="{i18n>scanBoxIdITB}" key="scanBoxId" enabled="{=${oGlobalModel>/boxModSubSelKey} === 'scanBoxId'}">
				<content>
    <VBox alignItems="Center" class="myBackgroundStyle sapUiMediumMarginTop">
                    <items>
                    <VBox class="vboxCls3" justifyContent="Center">
                    <items>
    <HBox justifyContent="Center" alignItems="Center" class="vhDPCls">
    <items>
    <Label text="{i18n>lblBoxId}" class="sapUiSmallMarginEnd lblClas"/>
				<Input value="{oGlobalModel>/sBoxIdMod}" width="12rem"/>
    </items>
    </HBox>
    </items>
    </VBox>
    </items>
    </VBox>
                </content>
			</IconTabFilter>
            <IconTabSeparator icon="sap-icon://arrow-right"/>
			<IconTabFilter design="Horizontal" icon="sap-icon://bar-code" text="{i18n>scanSrlNos}" key="scanSN" enabled="{=${oGlobalModel>/boxModSubSelKey} === 'scanSN'}">
			<content>
            <VBox class="myBackgroundStyle">
            <Panel expanded="true" expandable="false" class="labelAlign pnlBottom pnlBg hBoxMidAln panelPaddingCls">
                    <Toolbar>
                    <ToolbarSpacer/>
                    <HBox alignItems="Center" class="zTBLbls zTBLblTxt">
                    <items>
                        <Label text="{i18n>lblPackagngType}" class="sapUiTinyMarginEnd"></Label>
                        <Text text="{oGlobalModel>/sPackagingKey}" class="sapUiLargeMarginEnd"></Text>
                        <Label text="{i18n>boxId}" class="sapUiTinyMarginEnd"></Label>
                        <Text text="{oGlobalModel>/sBoxIdMod}" class="sapUiLargeMarginEnd"></Text>
                        <Label text="{i18n>lblPlantPnl}" class="sapUiTinyMarginEnd"></Label>
                        <Text text="{oGlobalModel>/sBoxPlant}" class="sapUiLargeMarginEnd"></Text>
                        <Label text="{i18n>lblStorLocPnl}" class="sapUiTinyMarginEnd"></Label>
                        <Text text="{oGlobalModel>/sBoxStorageLoc}" class="sapUiLargeMarginEnd"></Text>
                    </items>
                    </HBox>
                    <ToolbarSpacer/>
                    </Toolbar>
                </Panel>
                <VBox alignItems="Center">
                <items>
                <HBox class="editBtnHoverCls">
                <Panel width="100%" class="zpanelTableBoderCls" visible="{oGlobalModel>/bBoxModEdit}">
                <Table showNoData="false"
				width="26rem" class="zTableColLblCls">
				<columns >
					<Column minScreenWidth="Tablet" demandPopin="true" hAlign="Left" width="4rem">
						<Label text="{i18n>boxSeqLbl}" wrapping="true"/>
					</Column>
					<Column minScreenWidth="Tablet" demandPopin="true" hAlign="Left" width="8rem">
						<Label text="{i18n>srlNoLbl}" wrapping="true"/>
					</Column>
				</columns>
			</Table>
            <ScrollContainer height="{= ${oSerialNosModel>/aModBoxSerialNos}.length > 10 ? '28rem' : 'auto'}" vertical="true" width="100%" horizontal="false">
            <Table items="{oSerialNosModel>/aModBoxSerialNos}" sticky="ColumnHeaders" showNoData="true"
				width="25.2rem" class="zTableColLblCls">
				<columns >
					<Column minScreenWidth="Tablet" demandPopin="true" hAlign="Left" width="4rem">
					</Column>
					<Column minScreenWidth="Tablet" demandPopin="true" hAlign="Left" width="8rem">
					</Column>
				</columns>
				<items>
					<ColumnListItem>
						<cells>
							<Text text="{oSerialNosModel>BoxSequence}"></Text>
							<Text text="{oSerialNosModel>SerialNumber}"/>
						</cells>
					</ColumnListItem>
				</items>
			</Table>
            </ScrollContainer>
            </Panel>
            <Button icon="sap-icon://edit" press="onEditSN" visible="{oGlobalModel>/bBoxModEdit}" class="sapUiSmallMarginBegin editDelBtnCls editBtnHoverCls"></Button>
            <Panel width="100%" class="zpanelTableBoderCls" visible="{=!${oGlobalModel>/bBoxModEdit}}">
            <Table showNoData="false"
				width="26rem" class="vhDPCls zTableColLblCls">
				<columns >
					<Column minScreenWidth="Tablet" demandPopin="true" hAlign="Left" width="5rem">
						<Label text="{i18n>boxSeqLbl}" wrapping="true"/>
					</Column>
					<Column minScreenWidth="Tablet" demandPopin="true" hAlign="Left" width="12rem">
						<Label text="{i18n>srlNoLbl}" wrapping="true"/>
					</Column>
                    <Column minScreenWidth="Tablet" demandPopin="true" hAlign="Left" width="3.5rem">
						<Button icon="sap-icon://delete" type="Reject" press="onBoxDeletePress" class="delBtnHoverCls editDelBtnCls" 
                        visible="{=!${oGlobalModel>/bBoxModEdit} &amp;&amp; ${oGlobalModel>/bBoxStatus}}"></Button>
					</Column>
				</columns>
			</Table>
    <ScrollContainer height="{= ${oSerialNosModel>/aModBoxSerialNos}.length > 10 ? '28rem' : 'auto'}" vertical="true" width="100%" horizontal="false">
     <Table id="modSNs_Tbl" items="{oSerialNosModel>/aModBoxSerialNos}" sticky="ColumnHeaders" showNoData="true"
				width="25.2rem" class="vhDPCls zTableColLblCls" keyboardMode="Edit">
				<columns >
					<Column minScreenWidth="Tablet" demandPopin="true" hAlign="Left" width="5rem">
					</Column>
					<Column minScreenWidth="Tablet" demandPopin="true" hAlign="Left" width="12rem">
					</Column>
                    <Column minScreenWidth="Tablet" demandPopin="true" hAlign="Center" width="3.5rem">
					</Column>
				</columns>
				<items>
					<ColumnListItem>
						<cells>
							<Text text="{oSerialNosModel>BoxSequence}"></Text>
							<Input value="{oSerialNosModel>SerialNumber}" liveChange="onSNLiveChange"/>
							<Button icon="sap-icon://delete" type="Reject" press="onBoxModSNDelete" class="editDelBtnCls delBtnHoverCls"></Button>
						</cells>
					</ColumnListItem>
				</items>
			</Table>
            </ScrollContainer>
            </Panel>
            </HBox>
            </items>
            </VBox>
            </VBox>
            </content>
			</IconTabFilter>
            <IconTabSeparator icon="sap-icon://arrow-right"/>
            <IconTabFilter design="Horizontal" icon="sap-icon://print" text="{i18n>validNPrintITB}" key="valdAndPrint" enabled="{=${oGlobalModel>/boxModSubSelKey} === 'valdAndPrint'}">
			<content>
            <VBox class="myBackgroundStyle">
            <Panel expanded="true" expandable="false" class="labelAlign pnlBottom pnlBg hBoxMidAln panelPaddingCls">
                    <Toolbar>
                    <ToolbarSpacer/>
                    <HBox alignItems="Center" class="zTBLbls zTBLblTxt">
                    <items>
                        <Label text="{i18n>lblPackagngType}" class="sapUiTinyMarginEnd"></Label>
                        <Text text="{oGlobalModel>/sPackagingKey}" class="sapUiLargeMarginEnd"></Text>
                        <Label text="{i18n>boxId}" class="sapUiTinyMarginEnd"></Label>
                        <Text text="{oGlobalModel>/sBoxIdMod}" class="sapUiLargeMarginEnd"></Text>
                        <Label text="{i18n>scrfbPnLbl}" class="sapUiTinyMarginEnd" visible="{=!${oGlobalModel>/bSubs}}"></Label>
                        <Text text="{oGlobalModel>/sBoxACRFB}" class="sapUiLargeMarginEnd" visible="{=!${oGlobalModel>/bSubs}}"></Text>
                        <Label text="{i18n>fgpnLbl}" class="sapUiTinyMarginEnd" visible="{=!${oGlobalModel>/bSubs}}"></Label>
                        <Text text="{oGlobalModel>/sBoxFGPN}" class="sapUiLargeMarginEnd" visible="{=!${oGlobalModel>/bSubs}}"></Text>
                    </items>
                    </HBox>
                    <ToolbarSpacer/>
                    </Toolbar>
                </Panel>
                <VBox alignItems="Center">
                <Panel width="100%" class="zpanelTableBoderCls">
                <Table showNoData="false"
				width="50rem" class="zTableColLblCls" sticky="ColumnHeaders">
				<columns >
					<Column minScreenWidth="Tablet" demandPopin="true" hAlign="Left">
						<Label text="{i18n>boxSeqLbl}" wrapping="true" />
					</Column>
					<Column minScreenWidth="Tablet" demandPopin="true" hAlign="Left">
						<Label text="{i18n>srlNoLbl}" wrapping="true"/>
					</Column>
                    <Column minScreenWidth="Tablet" demandPopin="true" hAlign="Left">
						<Label text="{i18n>tblColimei1}" wrapping="true"/>
					</Column>
                    <Column minScreenWidth="Tablet" demandPopin="true" hAlign="Left">
						<Label text="{i18n>tblColimei2}" wrapping="true"/>
					</Column>
					
				</columns>
			</Table>
                <ScrollContainer height="{= ${oValidAndPrintModel>/aMBValidAndPrint}.length > 10 ? '28rem' : 'auto'}" vertical="true" width="50rem" horizontal="false">
     <Table items="{oValidAndPrintModel>/aMBValidAndPrint}"  showNoData="true"
				width="{= ${oValidAndPrintModel>/aMBValidAndPrint}.length > 10 ? '49.2rem' : '50rem'}" class="zTableColLblCls" sticky="ColumnHeaders">
				<columns >
					<Column minScreenWidth="Tablet" demandPopin="true" hAlign="Left">
					</Column>
					<Column minScreenWidth="Tablet" demandPopin="true" hAlign="Left">
					</Column>
                    <Column minScreenWidth="Tablet" demandPopin="true" hAlign="Left">
					</Column>
                    <Column minScreenWidth="Tablet" demandPopin="true" hAlign="Left">
					</Column>
					
				</columns>
				<items>
					<ColumnListItem>
						<cells>
							<Text text="{oValidAndPrintModel>BoxSequence}"></Text>
							<Text text="{oValidAndPrintModel>SerialNumber}"/>
                            <Text text="{oValidAndPrintModel>IMEI1}"></Text>
							<Text text="{oValidAndPrintModel>IMEI2}"/>
						</cells>
					</ColumnListItem>
				</items>
			</Table>
            </ScrollContainer>
            </Panel>
     </VBox>
     </VBox>
            </content>
			</IconTabFilter>
			
		</items>
	</IconTabBar>
    </items>
</VBox>
	
</core:FragmentDefinition>