<core:FragmentDefinition
	xmlns="sap.m"
	xmlns:core="sap.ui.core">
    <Dialog contentWidth="auto" contentHeight="auto" title="{i18n>ttlMultiPartDlg}">
    <beginButton>
			<Button text="{i18n>btnOK}" press="onAsIsPartNumOk" class="sapUiTinyMarginEnd"></Button>
		</beginButton>
        <endButton>
			<Button text="{i18n>btnCancel}" press="onAsIsPartNumClose" class="sapUiTinyMarginEnd"></Button>
		</endButton>
	<HBox alignItems="Center" class="sapUiSmallMargin">
    <Label text="{i18n>scrfbPnLbl}" class="lblClas sapUiSmallMarginEnd"/>
				<Select forceSelection="false" selectedKey="{oGlobalModel>/sAsIsPartNumberKey}" items="{path: 'oGlobalModel>/aAsIsPartNumbers'}">
						<core:Item key="{oGlobalModel>sAsIsPartNumber}" text="{oGlobalModel>sAsIsPartNumber}"/>
					</Select>
    </HBox>
		
    </Dialog>
</core:FragmentDefinition>