<?xml version="1.0" ?>
<edmx:Edmx xmlns:edmx="http://schemas.microsoft.com/ado/2007/06/edmx" Version="1.0"
    xmlns:sap="http://www.sap.com/Protocols/SAPData">
    <edmx:Reference xmlns:edmx="http://docs.oasis-open.org/odata/ns/edmx" Uri="https://sap.github.io/odata-vocabularies/vocabularies/Common.xml">
        <edmx:Include Alias="Common" Namespace="com.sap.vocabularies.Common.v1"></edmx:Include>
    </edmx:Reference>
    <edmx:Reference xmlns:edmx="http://docs.oasis-open.org/odata/ns/edmx" Uri="https://oasis-tcs.github.io/odata-vocabularies/vocabularies/Org.OData.Core.V1.xml">
        <edmx:Include Alias="Core" Namespace="Org.OData.Core.V1"></edmx:Include>
    </edmx:Reference>
    <edmx:Reference xmlns:edmx="http://docs.oasis-open.org/odata/ns/edmx" Uri="https://sap.github.io/odata-vocabularies/vocabularies/UI.xml">
        <edmx:Include Alias="UI" Namespace="com.sap.vocabularies.UI.v1"></edmx:Include>
    </edmx:Reference>
    <edmx:DataServices m:DataServiceVersion="1.0"
        xmlns:m="http://schemas.microsoft.com/ado/2007/08/dataservices/metadata">
        <Schema Namespace="ConfigSettings"
            xmlns="http://schemas.microsoft.com/ado/2008/09/edm">
            <EntityType Name="DisplayMaterialExtension">
                <Key>
                    <PropertyRef Name="Material"></PropertyRef>
                </Key>
                <Property Name="Material" Type="Edm.String" Nullable="false" MaxLength="18"></Property>
            </EntityType>
            <EntityType Name="DisplayMaterialSourceList">
                <Key>
                    <PropertyRef Name="Material"></PropertyRef>
                </Key>
                <Property Name="Material" Type="Edm.String" Nullable="false" MaxLength="18"></Property>
            </EntityType>
            <EntityType Name="DisplayPlantExtension">
                <Key>
                    <PropertyRef Name="Plant"></PropertyRef>
                </Key>
                <Property Name="Plant" Type="Edm.String" Nullable="false" MaxLength="4"></Property>
            </EntityType>
            <EntityType Name="DisplaySupplierShipTOFromAddr">
                <Key>
                    <PropertyRef Name="Vendor"></PropertyRef>
                </Key>
                <Property Name="Vendor" Type="Edm.String" Nullable="false" MaxLength="10"></Property>
            </EntityType>
            <EntityType Name="DisplaySupplierSupplierList">
                <Key>
                    <PropertyRef Name="Vendor"></PropertyRef>
                </Key>
                <Property Name="Vendor" Type="Edm.String" Nullable="false" MaxLength="10"></Property>
            </EntityType>
            <EntityType Name="RemoveDuplicatePlant">
                <Key>
                    <PropertyRef Name="Plant"></PropertyRef>
                </Key>
                <Property Name="Plant" Type="Edm.String" Nullable="false" MaxLength="4"></Property>
            </EntityType>
            <EntityType Name="RemoveNameDupplicates">
                <Key>
                    <PropertyRef Name="Name1"></PropertyRef>
                </Key>
                <Property Name="Name1" Type="Edm.String" Nullable="false" MaxLength="35"></Property>
            </EntityType>
            <EntityType Name="RemoveRegionDupplicates">
                <Key>
                    <PropertyRef Name="Region"></PropertyRef>
                </Key>
                <Property Name="Region" Type="Edm.String" Nullable="false" MaxLength="3"></Property>
            </EntityType>
            <EntityType Name="materialextension">
                <Key>
                    <PropertyRef Name="Material"></PropertyRef>
                    <PropertyRef Name="Plant"></PropertyRef>
                </Key>
                <Property Name="Material" Type="Edm.String" Nullable="false" MaxLength="18" sap:updatable="false"></Property>
                <Property Name="Plant" Type="Edm.String" Nullable="false" MaxLength="4" sap:updatable="false"></Property>
                <Property Name="Model_Number" Type="Edm.String" MaxLength="40"></Property>
                <Property Name="Config_Code" Type="Edm.String" MaxLength="10"></Property>
                <Property Name="Packing_Code" Type="Edm.String" MaxLength="40"></Property>
                <Property Name="Volume" Type="Edm.String" MaxLength="13" sap:updatable="false"></Property>
                <Property Name="Volume_Unit" Type="Edm.String" MaxLength="3" sap:updatable="false"></Property>
                <Property Name="Weight" Type="Edm.String" MaxLength="13" sap:updatable="false"></Property>
                <Property Name="Weight_Unit" Type="Edm.String" MaxLength="3" sap:updatable="false"></Property>
                <Property Name="COUNTRY_OF_ASSEMBLY" Type="Edm.String" MaxLength="15" sap:updatable="false"></Property>
                <Property Name="COUNTRY_OF_ORIGIN" Type="Edm.String" MaxLength="15" sap:updatable="false"></Property>
                <Property Name="GTIN" Type="Edm.String" MaxLength="20"></Property>
                <Property Name="Mark_For_Deletion" Type="Edm.Boolean"></Property>
            </EntityType>
            <EntityType Name="shiptofromaddress">
                <Key>
                    <PropertyRef Name="Vendor"></PropertyRef>
                </Key>
                <Property Name="Vendor" Type="Edm.String" Nullable="false" MaxLength="10" sap:updatable="false"></Property>
                <Property Name="Name1" Type="Edm.String" MaxLength="35"></Property>
                <Property Name="Name2" Type="Edm.String" MaxLength="35"></Property>
                <Property Name="City" Type="Edm.String" MaxLength="35"></Property>
                <Property Name="Postal_Code" Type="Edm.String" MaxLength="10"></Property>
                <Property Name="Region" Type="Edm.String" MaxLength="3"></Property>
                <Property Name="Sort_Field" Type="Edm.String" MaxLength="10"></Property>
                <Property Name="Street_House_NO" Type="Edm.String" MaxLength="35"></Property>
                <Property Name="Telephone" Type="Edm.String" MaxLength="16"></Property>
                <Property Name="Fax" Type="Edm.String" MaxLength="31"></Property>
                <Property Name="Mark_For_Deletion" Type="Edm.Boolean"></Property>
            </EntityType>
            <EntityType Name="sourcelist">
                <Key>
                    <PropertyRef Name="Material"></PropertyRef>
                    <PropertyRef Name="Vendor"></PropertyRef>
                    <PropertyRef Name="Plant"></PropertyRef>
                </Key>
                <Property Name="Material" Type="Edm.String" Nullable="false" MaxLength="18" sap:updatable="false"></Property>
                <Property Name="Vendor" Type="Edm.String" Nullable="false" MaxLength="10" sap:updatable="false"></Property>
                <Property Name="Plant" Type="Edm.String" Nullable="false" MaxLength="4" sap:updatable="false"></Property>
                <Property Name="Created_On" Type="Edm.DateTime" sap:updatable="false" sap:display-format="Date"></Property>
                <Property Name="Created_By" Type="Edm.String" MaxLength="12" sap:updatable="false"></Property>
                <Property Name="Valid_From" Type="Edm.DateTime" sap:updatable="false" sap:display-format="Date"></Property>
                <Property Name="Valid_To" Type="Edm.DateTime" sap:display-format="Date"></Property>
                <Property Name="Mark_For_Deletion" Type="Edm.Boolean"></Property>
            </EntityType>
            <EntityContainer Name="EntityContainer" m:IsDefaultEntityContainer="true">
                <EntitySet Name="DisplayMaterialExtension" EntityType="ConfigSettings.DisplayMaterialExtension"></EntitySet>
                <EntitySet Name="DisplayMaterialSourceList" EntityType="ConfigSettings.DisplayMaterialSourceList"></EntitySet>
                <EntitySet Name="DisplayPlantExtension" EntityType="ConfigSettings.DisplayPlantExtension"></EntitySet>
                <EntitySet Name="DisplaySupplierShipTOFromAddr" EntityType="ConfigSettings.DisplaySupplierShipTOFromAddr"></EntitySet>
                <EntitySet Name="DisplaySupplierSupplierList" EntityType="ConfigSettings.DisplaySupplierSupplierList"></EntitySet>
                <EntitySet Name="RemoveDuplicatePlant" EntityType="ConfigSettings.RemoveDuplicatePlant"></EntitySet>
                <EntitySet Name="RemoveNameDupplicates" EntityType="ConfigSettings.RemoveNameDupplicates"></EntitySet>
                <EntitySet Name="RemoveRegionDupplicates" EntityType="ConfigSettings.RemoveRegionDupplicates"></EntitySet>
                <EntitySet Name="materialextension" EntityType="ConfigSettings.materialextension"></EntitySet>
                <EntitySet Name="shiptofromaddress" EntityType="ConfigSettings.shiptofromaddress"></EntitySet>
                <EntitySet Name="sourcelist" EntityType="ConfigSettings.sourcelist"></EntitySet>
            </EntityContainer>
            <Annotations xmlns="http://docs.oasis-open.org/odata/ns/edm" Target="ConfigSettings.DisplayMaterialExtension/Material">
                <Annotation xmlns="http://docs.oasis-open.org/odata/ns/edm" Term="Common.Label" String="Material"></Annotation>
            </Annotations>
            <Annotations xmlns="http://docs.oasis-open.org/odata/ns/edm" Target="ConfigSettings.DisplayMaterialSourceList/Material">
                <Annotation xmlns="http://docs.oasis-open.org/odata/ns/edm" Term="Common.Label" String="Material"></Annotation>
            </Annotations>
            <Annotations xmlns="http://docs.oasis-open.org/odata/ns/edm" Target="ConfigSettings.DisplayPlantExtension/Plant">
                <Annotation xmlns="http://docs.oasis-open.org/odata/ns/edm" Term="Common.Label" String="Plant"></Annotation>
            </Annotations>
            <Annotations xmlns="http://docs.oasis-open.org/odata/ns/edm" Target="ConfigSettings.DisplaySupplierShipTOFromAddr">
                <Annotation xmlns="http://docs.oasis-open.org/odata/ns/edm" Term="Core.Description" String=" Views"></Annotation>
            </Annotations>
            <Annotations xmlns="http://docs.oasis-open.org/odata/ns/edm" Target="ConfigSettings.DisplaySupplierShipTOFromAddr/Vendor">
                <Annotation xmlns="http://docs.oasis-open.org/odata/ns/edm" Term="Common.Label" String="Vendor/Plant"></Annotation>
            </Annotations>
            <Annotations xmlns="http://docs.oasis-open.org/odata/ns/edm" Target="ConfigSettings.DisplaySupplierSupplierList/Vendor">
                <Annotation xmlns="http://docs.oasis-open.org/odata/ns/edm" Term="Common.Label" String="Vendor"></Annotation>
            </Annotations>
            <Annotations xmlns="http://docs.oasis-open.org/odata/ns/edm" Target="ConfigSettings.RemoveDuplicatePlant/Plant">
                <Annotation xmlns="http://docs.oasis-open.org/odata/ns/edm" Term="Common.Label" String="Plant"></Annotation>
            </Annotations>
            <Annotations xmlns="http://docs.oasis-open.org/odata/ns/edm" Target="ConfigSettings.RemoveNameDupplicates">
                <Annotation xmlns="http://docs.oasis-open.org/odata/ns/edm" Term="Core.Description" String=" Views"></Annotation>
            </Annotations>
            <Annotations xmlns="http://docs.oasis-open.org/odata/ns/edm" Target="ConfigSettings.RemoveNameDupplicates/Name1">
                <Annotation xmlns="http://docs.oasis-open.org/odata/ns/edm" Term="Common.Label" String="Name"></Annotation>
            </Annotations>
            <Annotations xmlns="http://docs.oasis-open.org/odata/ns/edm" Target="ConfigSettings.RemoveRegionDupplicates">
                <Annotation xmlns="http://docs.oasis-open.org/odata/ns/edm" Term="Core.Description" String=" Views"></Annotation>
            </Annotations>
            <Annotations xmlns="http://docs.oasis-open.org/odata/ns/edm" Target="ConfigSettings.RemoveRegionDupplicates/Region">
                <Annotation xmlns="http://docs.oasis-open.org/odata/ns/edm" Term="Common.Label" String="Region"></Annotation>
            </Annotations>
            <Annotations xmlns="http://docs.oasis-open.org/odata/ns/edm" Target="ConfigSettings.materialextension">
                <Annotation xmlns="http://docs.oasis-open.org/odata/ns/edm" Term="UI.HeaderInfo">
                    <Record xmlns="http://docs.oasis-open.org/odata/ns/edm" Type="UI.HeaderInfoType">
                        <PropertyValue xmlns="http://docs.oasis-open.org/odata/ns/edm" Property="TypeName" String="Material Extension"></PropertyValue>
                        <PropertyValue xmlns="http://docs.oasis-open.org/odata/ns/edm" Property="TypeNamePlural" String="Material Extensions"></PropertyValue>
                    </Record>
                </Annotation>
                <Annotation xmlns="http://docs.oasis-open.org/odata/ns/edm" Term="UI.LineItem">
                    <Collection xmlns="http://docs.oasis-open.org/odata/ns/edm">
                        <Record xmlns="http://docs.oasis-open.org/odata/ns/edm" Type="UI.DataField">
                            <PropertyValue xmlns="http://docs.oasis-open.org/odata/ns/edm" Property="Value" Path="Material"></PropertyValue>
                        </Record>
                        <Record xmlns="http://docs.oasis-open.org/odata/ns/edm" Type="UI.DataField">
                            <PropertyValue xmlns="http://docs.oasis-open.org/odata/ns/edm" Property="Value" Path="Plant"></PropertyValue>
                        </Record>
                        <Record xmlns="http://docs.oasis-open.org/odata/ns/edm" Type="UI.DataField">
                            <PropertyValue xmlns="http://docs.oasis-open.org/odata/ns/edm" Property="Value" Path="Model_Number"></PropertyValue>
                            <PropertyValue xmlns="http://docs.oasis-open.org/odata/ns/edm" Property="Label" String="Model Number"></PropertyValue>
                        </Record>
                        <Record xmlns="http://docs.oasis-open.org/odata/ns/edm" Type="UI.DataField">
                            <PropertyValue xmlns="http://docs.oasis-open.org/odata/ns/edm" Property="Value" Path="Config_Code"></PropertyValue>
                            <PropertyValue xmlns="http://docs.oasis-open.org/odata/ns/edm" Property="Label" String="Config Code"></PropertyValue>
                        </Record>
                        <Record xmlns="http://docs.oasis-open.org/odata/ns/edm" Type="UI.DataField">
                            <PropertyValue xmlns="http://docs.oasis-open.org/odata/ns/edm" Property="Value" Path="Packing_Code"></PropertyValue>
                            <PropertyValue xmlns="http://docs.oasis-open.org/odata/ns/edm" Property="Label" String="Packing Code"></PropertyValue>
                        </Record>
                        <Record xmlns="http://docs.oasis-open.org/odata/ns/edm" Type="UI.DataField">
                            <PropertyValue xmlns="http://docs.oasis-open.org/odata/ns/edm" Property="Value" Path="Volume"></PropertyValue>
                        </Record>
                        <Record xmlns="http://docs.oasis-open.org/odata/ns/edm" Type="UI.DataField">
                            <PropertyValue xmlns="http://docs.oasis-open.org/odata/ns/edm" Property="Value" Path="Volume_Unit"></PropertyValue>
                            <PropertyValue xmlns="http://docs.oasis-open.org/odata/ns/edm" Property="Label" String="Volume Unit"></PropertyValue>
                        </Record>
                        <Record xmlns="http://docs.oasis-open.org/odata/ns/edm" Type="UI.DataField">
                            <PropertyValue xmlns="http://docs.oasis-open.org/odata/ns/edm" Property="Value" Path="Weight"></PropertyValue>
                        </Record>
                        <Record xmlns="http://docs.oasis-open.org/odata/ns/edm" Type="UI.DataField">
                            <PropertyValue xmlns="http://docs.oasis-open.org/odata/ns/edm" Property="Value" Path="Weight_Unit"></PropertyValue>
                            <PropertyValue xmlns="http://docs.oasis-open.org/odata/ns/edm" Property="Label" String="Weight Unit"></PropertyValue>
                        </Record>
                        <Record xmlns="http://docs.oasis-open.org/odata/ns/edm" Type="UI.DataField">
                            <PropertyValue xmlns="http://docs.oasis-open.org/odata/ns/edm" Property="Value" Path="COUNTRY_OF_ASSEMBLY"></PropertyValue>
                            <PropertyValue xmlns="http://docs.oasis-open.org/odata/ns/edm" Property="Label" String="Country Of Assembly"></PropertyValue>
                        </Record>
                        <Record xmlns="http://docs.oasis-open.org/odata/ns/edm" Type="UI.DataField">
                            <PropertyValue xmlns="http://docs.oasis-open.org/odata/ns/edm" Property="Value" Path="COUNTRY_OF_ORIGIN"></PropertyValue>
                            <PropertyValue xmlns="http://docs.oasis-open.org/odata/ns/edm" Property="Label" String="Country Of Origin"></PropertyValue>
                        </Record>
                        <Record xmlns="http://docs.oasis-open.org/odata/ns/edm" Type="UI.DataField">
                            <PropertyValue xmlns="http://docs.oasis-open.org/odata/ns/edm" Property="Value" Path="GTIN"></PropertyValue>
                        </Record>
                        <Record xmlns="http://docs.oasis-open.org/odata/ns/edm" Type="UI.DataField">
                            <PropertyValue xmlns="http://docs.oasis-open.org/odata/ns/edm" Property="Value" Path="Mark_For_Deletion"></PropertyValue>
                            <PropertyValue xmlns="http://docs.oasis-open.org/odata/ns/edm" Property="Label" String="Mark For Deletion"></PropertyValue>
                        </Record>
                    </Collection>
                    <Annotation xmlns="http://docs.oasis-open.org/odata/ns/edm" Term="UI.TextArrangement" EnumMember="UI.TextArrangementType/TextOnly"></Annotation>
                </Annotation>
                <Annotation xmlns="http://docs.oasis-open.org/odata/ns/edm" Term="UI.SelectionFields">
                    <Collection xmlns="http://docs.oasis-open.org/odata/ns/edm">
                        <PropertyPath xmlns="http://docs.oasis-open.org/odata/ns/edm">Material</PropertyPath>
                        <PropertyPath xmlns="http://docs.oasis-open.org/odata/ns/edm">Plant</PropertyPath>
                    </Collection>
                </Annotation>
            </Annotations>
            <Annotations xmlns="http://docs.oasis-open.org/odata/ns/edm" Target="ConfigSettings.materialextension/Material">
                <Annotation xmlns="http://docs.oasis-open.org/odata/ns/edm" Term="Common.FieldControl" EnumMember="Common.FieldControlType/Mandatory"></Annotation>
                <Annotation xmlns="http://docs.oasis-open.org/odata/ns/edm" Term="Common.Label" String="Material"></Annotation>
                <Annotation xmlns="http://docs.oasis-open.org/odata/ns/edm" Term="Common.ValueList">
                    <Record xmlns="http://docs.oasis-open.org/odata/ns/edm" Type="Common.ValueListType">
                        <PropertyValue xmlns="http://docs.oasis-open.org/odata/ns/edm" Property="CollectionPath" String="DisplayMaterialExtension"></PropertyValue>
                        <PropertyValue xmlns="http://docs.oasis-open.org/odata/ns/edm" Property="Label" String="Material"></PropertyValue>
                        <PropertyValue xmlns="http://docs.oasis-open.org/odata/ns/edm" Property="Parameters">
                            <Collection xmlns="http://docs.oasis-open.org/odata/ns/edm">
                                <Record xmlns="http://docs.oasis-open.org/odata/ns/edm" Type="Common.ValueListParameterOut">
                                    <PropertyValue xmlns="http://docs.oasis-open.org/odata/ns/edm" Property="LocalDataProperty" PropertyPath="Material"></PropertyValue>
                                    <PropertyValue xmlns="http://docs.oasis-open.org/odata/ns/edm" Property="ValueListProperty" String="Material"></PropertyValue>
                                </Record>
                            </Collection>
                        </PropertyValue>
                    </Record>
                </Annotation>
            </Annotations>
            <Annotations xmlns="http://docs.oasis-open.org/odata/ns/edm" Target="ConfigSettings.materialextension/Plant">
                <Annotation xmlns="http://docs.oasis-open.org/odata/ns/edm" Term="Common.FieldControl" EnumMember="Common.FieldControlType/Mandatory"></Annotation>
                <Annotation xmlns="http://docs.oasis-open.org/odata/ns/edm" Term="Common.Label" String="Plant"></Annotation>
                <Annotation xmlns="http://docs.oasis-open.org/odata/ns/edm" Term="Common.ValueList">
                    <Record xmlns="http://docs.oasis-open.org/odata/ns/edm" Type="Common.ValueListType">
                        <PropertyValue xmlns="http://docs.oasis-open.org/odata/ns/edm" Property="CollectionPath" String="DisplayPlantExtension"></PropertyValue>
                        <PropertyValue xmlns="http://docs.oasis-open.org/odata/ns/edm" Property="Label" String="Plant"></PropertyValue>
                        <PropertyValue xmlns="http://docs.oasis-open.org/odata/ns/edm" Property="Parameters">
                            <Collection xmlns="http://docs.oasis-open.org/odata/ns/edm">
                                <Record xmlns="http://docs.oasis-open.org/odata/ns/edm" Type="Common.ValueListParameterOut">
                                    <PropertyValue xmlns="http://docs.oasis-open.org/odata/ns/edm" Property="LocalDataProperty" PropertyPath="Plant"></PropertyValue>
                                    <PropertyValue xmlns="http://docs.oasis-open.org/odata/ns/edm" Property="ValueListProperty" String="Plant"></PropertyValue>
                                </Record>
                            </Collection>
                        </PropertyValue>
                    </Record>
                </Annotation>
            </Annotations>
            <Annotations xmlns="http://docs.oasis-open.org/odata/ns/edm" Target="ConfigSettings.shiptofromaddress">
                <Annotation xmlns="http://docs.oasis-open.org/odata/ns/edm" Term="UI.HeaderInfo">
                    <Record xmlns="http://docs.oasis-open.org/odata/ns/edm" Type="UI.HeaderInfoType">
                        <PropertyValue xmlns="http://docs.oasis-open.org/odata/ns/edm" Property="TypeName" String="Ship To &amp; Ship From"></PropertyValue>
                        <PropertyValue xmlns="http://docs.oasis-open.org/odata/ns/edm" Property="TypeNamePlural" String="Ship To &amp; Ship From"></PropertyValue>
                    </Record>
                </Annotation>
                <Annotation xmlns="http://docs.oasis-open.org/odata/ns/edm" Term="UI.LineItem">
                    <Collection xmlns="http://docs.oasis-open.org/odata/ns/edm">
                        <Record xmlns="http://docs.oasis-open.org/odata/ns/edm" Type="UI.DataField">
                            <PropertyValue xmlns="http://docs.oasis-open.org/odata/ns/edm" Property="Value" Path="Vendor"></PropertyValue>
                            <PropertyValue xmlns="http://docs.oasis-open.org/odata/ns/edm" Property="Label" String="Vendor/Plant"></PropertyValue>
                        </Record>
                        <Record xmlns="http://docs.oasis-open.org/odata/ns/edm" Type="UI.DataField">
                            <PropertyValue xmlns="http://docs.oasis-open.org/odata/ns/edm" Property="Value" Path="Name1"></PropertyValue>
                        </Record>
                        <Record xmlns="http://docs.oasis-open.org/odata/ns/edm" Type="UI.DataField">
                            <PropertyValue xmlns="http://docs.oasis-open.org/odata/ns/edm" Property="Value" Path="Name2"></PropertyValue>
                        </Record>
                        <Record xmlns="http://docs.oasis-open.org/odata/ns/edm" Type="UI.DataField">
                            <PropertyValue xmlns="http://docs.oasis-open.org/odata/ns/edm" Property="Value" Path="City"></PropertyValue>
                        </Record>
                        <Record xmlns="http://docs.oasis-open.org/odata/ns/edm" Type="UI.DataField">
                            <PropertyValue xmlns="http://docs.oasis-open.org/odata/ns/edm" Property="Value" Path="Postal_Code"></PropertyValue>
                            <PropertyValue xmlns="http://docs.oasis-open.org/odata/ns/edm" Property="Label" String="Postal Code"></PropertyValue>
                        </Record>
                        <Record xmlns="http://docs.oasis-open.org/odata/ns/edm" Type="UI.DataField">
                            <PropertyValue xmlns="http://docs.oasis-open.org/odata/ns/edm" Property="Value" Path="Region"></PropertyValue>
                        </Record>
                        <Record xmlns="http://docs.oasis-open.org/odata/ns/edm" Type="UI.DataField">
                            <PropertyValue xmlns="http://docs.oasis-open.org/odata/ns/edm" Property="Value" Path="Sort_Field"></PropertyValue>
                            <PropertyValue xmlns="http://docs.oasis-open.org/odata/ns/edm" Property="Label" String="Sort Field"></PropertyValue>
                        </Record>
                        <Record xmlns="http://docs.oasis-open.org/odata/ns/edm" Type="UI.DataField">
                            <PropertyValue xmlns="http://docs.oasis-open.org/odata/ns/edm" Property="Value" Path="Street_House_NO"></PropertyValue>
                            <PropertyValue xmlns="http://docs.oasis-open.org/odata/ns/edm" Property="Label" String="Street House NO."></PropertyValue>
                        </Record>
                        <Record xmlns="http://docs.oasis-open.org/odata/ns/edm" Type="UI.DataField">
                            <PropertyValue xmlns="http://docs.oasis-open.org/odata/ns/edm" Property="Value" Path="Telephone"></PropertyValue>
                        </Record>
                        <Record xmlns="http://docs.oasis-open.org/odata/ns/edm" Type="UI.DataField">
                            <PropertyValue xmlns="http://docs.oasis-open.org/odata/ns/edm" Property="Value" Path="Fax"></PropertyValue>
                        </Record>
                        <Record xmlns="http://docs.oasis-open.org/odata/ns/edm" Type="UI.DataField">
                            <PropertyValue xmlns="http://docs.oasis-open.org/odata/ns/edm" Property="Value" Path="Mark_For_Deletion"></PropertyValue>
                            <PropertyValue xmlns="http://docs.oasis-open.org/odata/ns/edm" Property="Label" String="Mark For Deletion"></PropertyValue>
                        </Record>
                    </Collection>
                    <Annotation xmlns="http://docs.oasis-open.org/odata/ns/edm" Term="UI.TextArrangement" EnumMember="UI.TextArrangementType/TextOnly"></Annotation>
                </Annotation>
                <Annotation xmlns="http://docs.oasis-open.org/odata/ns/edm" Term="UI.SelectionFields">
                    <Collection xmlns="http://docs.oasis-open.org/odata/ns/edm">
                        <PropertyPath xmlns="http://docs.oasis-open.org/odata/ns/edm">Vendor</PropertyPath>
                        <PropertyPath xmlns="http://docs.oasis-open.org/odata/ns/edm">Name1</PropertyPath>
                        <PropertyPath xmlns="http://docs.oasis-open.org/odata/ns/edm">Region</PropertyPath>
                    </Collection>
                </Annotation>
                <Annotation xmlns="http://docs.oasis-open.org/odata/ns/edm" Term="Core.Description" String=" Annotation"></Annotation>
            </Annotations>
            <Annotations xmlns="http://docs.oasis-open.org/odata/ns/edm" Target="ConfigSettings.shiptofromaddress/Vendor">
                <Annotation xmlns="http://docs.oasis-open.org/odata/ns/edm" Term="Common.FieldControl" EnumMember="Common.FieldControlType/Mandatory"></Annotation>
                <Annotation xmlns="http://docs.oasis-open.org/odata/ns/edm" Term="Common.Label" String="Vendor/Plant"></Annotation>
                <Annotation xmlns="http://docs.oasis-open.org/odata/ns/edm" Term="Common.ValueList">
                    <Record xmlns="http://docs.oasis-open.org/odata/ns/edm" Type="Common.ValueListType">
                        <PropertyValue xmlns="http://docs.oasis-open.org/odata/ns/edm" Property="CollectionPath" String="DisplaySupplierShipTOFromAddr"></PropertyValue>
                        <PropertyValue xmlns="http://docs.oasis-open.org/odata/ns/edm" Property="Label" String="Vendor/Plant"></PropertyValue>
                        <PropertyValue xmlns="http://docs.oasis-open.org/odata/ns/edm" Property="Parameters">
                            <Collection xmlns="http://docs.oasis-open.org/odata/ns/edm">
                                <Record xmlns="http://docs.oasis-open.org/odata/ns/edm" Type="Common.ValueListParameterOut">
                                    <PropertyValue xmlns="http://docs.oasis-open.org/odata/ns/edm" Property="LocalDataProperty" PropertyPath="Vendor"></PropertyValue>
                                    <PropertyValue xmlns="http://docs.oasis-open.org/odata/ns/edm" Property="ValueListProperty" String="Vendor"></PropertyValue>
                                </Record>
                            </Collection>
                        </PropertyValue>
                    </Record>
                </Annotation>
            </Annotations>
            <Annotations xmlns="http://docs.oasis-open.org/odata/ns/edm" Target="ConfigSettings.shiptofromaddress/Name1">
                <Annotation xmlns="http://docs.oasis-open.org/odata/ns/edm" Term="Common.FieldControl" EnumMember="Common.FieldControlType/Mandatory"></Annotation>
                <Annotation xmlns="http://docs.oasis-open.org/odata/ns/edm" Term="Common.Label" String="Name"></Annotation>
                <Annotation xmlns="http://docs.oasis-open.org/odata/ns/edm" Term="Common.ValueList">
                    <Record xmlns="http://docs.oasis-open.org/odata/ns/edm" Type="Common.ValueListType">
                        <PropertyValue xmlns="http://docs.oasis-open.org/odata/ns/edm" Property="CollectionPath" String="RemoveNameDupplicates"></PropertyValue>
                        <PropertyValue xmlns="http://docs.oasis-open.org/odata/ns/edm" Property="Label" String="Name"></PropertyValue>
                        <PropertyValue xmlns="http://docs.oasis-open.org/odata/ns/edm" Property="Parameters">
                            <Collection xmlns="http://docs.oasis-open.org/odata/ns/edm">
                                <Record xmlns="http://docs.oasis-open.org/odata/ns/edm" Type="Common.ValueListParameterOut">
                                    <PropertyValue xmlns="http://docs.oasis-open.org/odata/ns/edm" Property="LocalDataProperty" PropertyPath="Name1"></PropertyValue>
                                    <PropertyValue xmlns="http://docs.oasis-open.org/odata/ns/edm" Property="ValueListProperty" String="Name1"></PropertyValue>
                                </Record>
                            </Collection>
                        </PropertyValue>
                    </Record>
                </Annotation>
            </Annotations>
            <Annotations xmlns="http://docs.oasis-open.org/odata/ns/edm" Target="ConfigSettings.shiptofromaddress/Region">
                <Annotation xmlns="http://docs.oasis-open.org/odata/ns/edm" Term="Common.FieldControl" EnumMember="Common.FieldControlType/Mandatory"></Annotation>
                <Annotation xmlns="http://docs.oasis-open.org/odata/ns/edm" Term="Common.Label" String="Region"></Annotation>
                <Annotation xmlns="http://docs.oasis-open.org/odata/ns/edm" Term="Common.ValueList">
                    <Record xmlns="http://docs.oasis-open.org/odata/ns/edm" Type="Common.ValueListType">
                        <PropertyValue xmlns="http://docs.oasis-open.org/odata/ns/edm" Property="CollectionPath" String="RemoveRegionDupplicates"></PropertyValue>
                        <PropertyValue xmlns="http://docs.oasis-open.org/odata/ns/edm" Property="Label" String="Region"></PropertyValue>
                        <PropertyValue xmlns="http://docs.oasis-open.org/odata/ns/edm" Property="Parameters">
                            <Collection xmlns="http://docs.oasis-open.org/odata/ns/edm">
                                <Record xmlns="http://docs.oasis-open.org/odata/ns/edm" Type="Common.ValueListParameterOut">
                                    <PropertyValue xmlns="http://docs.oasis-open.org/odata/ns/edm" Property="LocalDataProperty" PropertyPath="Region"></PropertyValue>
                                    <PropertyValue xmlns="http://docs.oasis-open.org/odata/ns/edm" Property="ValueListProperty" String="Region"></PropertyValue>
                                </Record>
                            </Collection>
                        </PropertyValue>
                    </Record>
                </Annotation>
            </Annotations>
            <Annotations xmlns="http://docs.oasis-open.org/odata/ns/edm" Target="ConfigSettings.sourcelist">
                <Annotation xmlns="http://docs.oasis-open.org/odata/ns/edm" Term="UI.HeaderInfo">
                    <Record xmlns="http://docs.oasis-open.org/odata/ns/edm" Type="UI.HeaderInfoType">
                        <PropertyValue xmlns="http://docs.oasis-open.org/odata/ns/edm" Property="TypeName" String="Source List"></PropertyValue>
                        <PropertyValue xmlns="http://docs.oasis-open.org/odata/ns/edm" Property="TypeNamePlural" String="Source Lists"></PropertyValue>
                    </Record>
                </Annotation>
                <Annotation xmlns="http://docs.oasis-open.org/odata/ns/edm" Term="UI.LineItem">
                    <Collection xmlns="http://docs.oasis-open.org/odata/ns/edm">
                        <Record xmlns="http://docs.oasis-open.org/odata/ns/edm" Type="UI.DataField">
                            <PropertyValue xmlns="http://docs.oasis-open.org/odata/ns/edm" Property="Value" Path="Material"></PropertyValue>
                        </Record>
                        <Record xmlns="http://docs.oasis-open.org/odata/ns/edm" Type="UI.DataField">
                            <PropertyValue xmlns="http://docs.oasis-open.org/odata/ns/edm" Property="Value" Path="Vendor"></PropertyValue>
                        </Record>
                        <Record xmlns="http://docs.oasis-open.org/odata/ns/edm" Type="UI.DataField">
                            <PropertyValue xmlns="http://docs.oasis-open.org/odata/ns/edm" Property="Value" Path="Plant"></PropertyValue>
                        </Record>
                        <Record xmlns="http://docs.oasis-open.org/odata/ns/edm" Type="UI.DataField">
                            <PropertyValue xmlns="http://docs.oasis-open.org/odata/ns/edm" Property="Value" Path="Created_On"></PropertyValue>
                            <PropertyValue xmlns="http://docs.oasis-open.org/odata/ns/edm" Property="Label" String="Created On"></PropertyValue>
                        </Record>
                        <Record xmlns="http://docs.oasis-open.org/odata/ns/edm" Type="UI.DataField">
                            <PropertyValue xmlns="http://docs.oasis-open.org/odata/ns/edm" Property="Value" Path="Created_By"></PropertyValue>
                            <PropertyValue xmlns="http://docs.oasis-open.org/odata/ns/edm" Property="Label" String="Created By"></PropertyValue>
                        </Record>
                        <Record xmlns="http://docs.oasis-open.org/odata/ns/edm" Type="UI.DataField">
                            <PropertyValue xmlns="http://docs.oasis-open.org/odata/ns/edm" Property="Value" Path="Valid_From"></PropertyValue>
                            <PropertyValue xmlns="http://docs.oasis-open.org/odata/ns/edm" Property="Label" String="Valid From"></PropertyValue>
                        </Record>
                        <Record xmlns="http://docs.oasis-open.org/odata/ns/edm" Type="UI.DataField">
                            <PropertyValue xmlns="http://docs.oasis-open.org/odata/ns/edm" Property="Value" Path="Valid_To"></PropertyValue>
                            <PropertyValue xmlns="http://docs.oasis-open.org/odata/ns/edm" Property="Label" String="Valid To"></PropertyValue>
                        </Record>
                        <Record xmlns="http://docs.oasis-open.org/odata/ns/edm" Type="UI.DataField">
                            <PropertyValue xmlns="http://docs.oasis-open.org/odata/ns/edm" Property="Value" Path="Mark_For_Deletion"></PropertyValue>
                            <PropertyValue xmlns="http://docs.oasis-open.org/odata/ns/edm" Property="Label" String="Mark For Deletion"></PropertyValue>
                        </Record>
                    </Collection>
                    <Annotation xmlns="http://docs.oasis-open.org/odata/ns/edm" Term="UI.TextArrangement" EnumMember="UI.TextArrangementType/TextOnly"></Annotation>
                </Annotation>
                <Annotation xmlns="http://docs.oasis-open.org/odata/ns/edm" Term="UI.SelectionFields">
                    <Collection xmlns="http://docs.oasis-open.org/odata/ns/edm">
                        <PropertyPath xmlns="http://docs.oasis-open.org/odata/ns/edm">Material</PropertyPath>
                        <PropertyPath xmlns="http://docs.oasis-open.org/odata/ns/edm">Vendor</PropertyPath>
                        <PropertyPath xmlns="http://docs.oasis-open.org/odata/ns/edm">Plant</PropertyPath>
                    </Collection>
                </Annotation>
            </Annotations>
            <Annotations xmlns="http://docs.oasis-open.org/odata/ns/edm" Target="ConfigSettings.sourcelist/Material">
                <Annotation xmlns="http://docs.oasis-open.org/odata/ns/edm" Term="Common.FieldControl" EnumMember="Common.FieldControlType/Mandatory"></Annotation>
                <Annotation xmlns="http://docs.oasis-open.org/odata/ns/edm" Term="Common.Label" String="Material"></Annotation>
                <Annotation xmlns="http://docs.oasis-open.org/odata/ns/edm" Term="Common.ValueList">
                    <Record xmlns="http://docs.oasis-open.org/odata/ns/edm" Type="Common.ValueListType">
                        <PropertyValue xmlns="http://docs.oasis-open.org/odata/ns/edm" Property="CollectionPath" String="DisplayMaterialSourceList"></PropertyValue>
                        <PropertyValue xmlns="http://docs.oasis-open.org/odata/ns/edm" Property="Label" String="Material"></PropertyValue>
                        <PropertyValue xmlns="http://docs.oasis-open.org/odata/ns/edm" Property="Parameters">
                            <Collection xmlns="http://docs.oasis-open.org/odata/ns/edm">
                                <Record xmlns="http://docs.oasis-open.org/odata/ns/edm" Type="Common.ValueListParameterOut">
                                    <PropertyValue xmlns="http://docs.oasis-open.org/odata/ns/edm" Property="LocalDataProperty" PropertyPath="Material"></PropertyValue>
                                    <PropertyValue xmlns="http://docs.oasis-open.org/odata/ns/edm" Property="ValueListProperty" String="Material"></PropertyValue>
                                </Record>
                            </Collection>
                        </PropertyValue>
                    </Record>
                </Annotation>
            </Annotations>
            <Annotations xmlns="http://docs.oasis-open.org/odata/ns/edm" Target="ConfigSettings.sourcelist/Vendor">
                <Annotation xmlns="http://docs.oasis-open.org/odata/ns/edm" Term="Common.FieldControl" EnumMember="Common.FieldControlType/Mandatory"></Annotation>
                <Annotation xmlns="http://docs.oasis-open.org/odata/ns/edm" Term="Common.Label" String="Vendor"></Annotation>
                <Annotation xmlns="http://docs.oasis-open.org/odata/ns/edm" Term="Common.ValueList">
                    <Record xmlns="http://docs.oasis-open.org/odata/ns/edm" Type="Common.ValueListType">
                        <PropertyValue xmlns="http://docs.oasis-open.org/odata/ns/edm" Property="CollectionPath" String="DisplaySupplierSupplierList"></PropertyValue>
                        <PropertyValue xmlns="http://docs.oasis-open.org/odata/ns/edm" Property="Label" String="Vendor"></PropertyValue>
                        <PropertyValue xmlns="http://docs.oasis-open.org/odata/ns/edm" Property="Parameters">
                            <Collection xmlns="http://docs.oasis-open.org/odata/ns/edm">
                                <Record xmlns="http://docs.oasis-open.org/odata/ns/edm" Type="Common.ValueListParameterOut">
                                    <PropertyValue xmlns="http://docs.oasis-open.org/odata/ns/edm" Property="LocalDataProperty" PropertyPath="Vendor"></PropertyValue>
                                    <PropertyValue xmlns="http://docs.oasis-open.org/odata/ns/edm" Property="ValueListProperty" String="Vendor"></PropertyValue>
                                </Record>
                            </Collection>
                        </PropertyValue>
                    </Record>
                </Annotation>
            </Annotations>
            <Annotations xmlns="http://docs.oasis-open.org/odata/ns/edm" Target="ConfigSettings.sourcelist/Plant">
                <Annotation xmlns="http://docs.oasis-open.org/odata/ns/edm" Term="Common.FieldControl" EnumMember="Common.FieldControlType/Mandatory"></Annotation>
                <Annotation xmlns="http://docs.oasis-open.org/odata/ns/edm" Term="Common.Label" String="Plant"></Annotation>
                <Annotation xmlns="http://docs.oasis-open.org/odata/ns/edm" Term="Common.ValueList">
                    <Record xmlns="http://docs.oasis-open.org/odata/ns/edm" Type="Common.ValueListType">
                        <PropertyValue xmlns="http://docs.oasis-open.org/odata/ns/edm" Property="CollectionPath" String="RemoveDuplicatePlant"></PropertyValue>
                        <PropertyValue xmlns="http://docs.oasis-open.org/odata/ns/edm" Property="Label" String="Plant"></PropertyValue>
                        <PropertyValue xmlns="http://docs.oasis-open.org/odata/ns/edm" Property="Parameters">
                            <Collection xmlns="http://docs.oasis-open.org/odata/ns/edm">
                                <Record xmlns="http://docs.oasis-open.org/odata/ns/edm" Type="Common.ValueListParameterOut">
                                    <PropertyValue xmlns="http://docs.oasis-open.org/odata/ns/edm" Property="LocalDataProperty" PropertyPath="Plant"></PropertyValue>
                                    <PropertyValue xmlns="http://docs.oasis-open.org/odata/ns/edm" Property="ValueListProperty" String="Plant"></PropertyValue>
                                </Record>
                            </Collection>
                        </PropertyValue>
                    </Record>
                </Annotation>
            </Annotations>
        </Schema>
    </edmx:DataServices>
</edmx:Edmx>