{
  "authenticationMethod": "route",
  "routes": [ 
    {
        "source": "^/ui5_pp/(.*)$",
        "target": "$1",
        "authenticationType": "xsuaa",
        "destination": "ACITC_APIM_PP",
        "csrfProtection": false
    },
    {
        "source": "^/acitc/(.*)$",
        "target": "$1",
        "authenticationType": "xsuaa",
        "destination": "acitc",
        "csrfProtection": false
    },
    {
        "source": "^/dv5devcert/(.*)$",
        "target": "$1",
        "authenticationType": "xsuaa",
        "destination": "dv5devcert",
        "csrfProtection": false
    }
],
  "welcomeFile": "/comapplescpuiuploadrequest"
}