<mvcView controllerName="XMLViewController"
    xmlns="sap.m"
    xmlns:core="sap.ui.core"
    xmlns:mvc="sap.ui.core.mvc" >
    <Popover id="CVCVariantPopover" initialFocus="CVCSel_Icon" ariaLabelledBy="CVC Variant" placement="VerticalPreferredBottom" showArrow="false" contentMinWidth="12.3125rem" horizontalScrolling="false">
        <content>
            <List mode="MultiSelect" includeItemInSelection="true" noDataText="No&#x20;data" rememberSelections="false">
                <customData>
                    <core:CustomData key="sap-ui-fastnavgroup" value="true" writeToDom="true"></core:CustomData>
                    <core:CustomData key="sap-ui-fastnavgroup" value="true" writeToDom="true"></core:CustomData>
                </customData>
                <items>
                    <StandardListItem type="Active" title="O_D42"></StandardListItem>
                </items>
            </List>
        </content>
        <customHeader>
            <Bar visible="false">
                <customData>
                    <core:CustomData key="sap-ui-fastnavgroup" value="true" writeToDom="true"></core:CustomData>
                    <core:CustomData key="sap-ui-fastnavgroup" value="true" writeToDom="true"></core:CustomData>
                </customData>
                <contentLeft>
                    <Title textAlign="Left"></Title>
                </contentLeft>
            </Bar>
        </customHeader>
    </Popover>
</mvcView>