<core:FragmentDefinition xmlns:core="sap.ui.core"
    xmlns:mvc="sap.ui.core.mvc"
    xmlns:ui="sap.ui.table"
    xmlns="sap.m"
    xmlns:f="sap.ui.layout.form"
    xmlns:l="sap.ui.layout"
    xmlns:u="sap.ui.unified">
    <Dialog class="zNDialog" id="MPN_Dialog" title="MPN" contentWidth="620px" contentHeight="480px" draggable="true">
        <content>
            <!-- class="zIconTB" -->
            <IconTabBar id="MPN_IconTabBar" headerMode="Inline" selectedKey="{cvcModel>/MPNSelTab}">
                <items>
                    <IconTabFilter id="MPNBasic_IconTabFilter" text="Basic" key="Basic">
                        <content>
                            <Panel id="MPNBasic_Panel" width="580px">
                                <content>
                                    <Table id="MPNBasic_Table" mode="MultiSelect" noDataText="No data" items="{ path: 'cvcModel>/mpnData', sorter : {path: 'Low', descending: false, group: false} }" selectionChange="onTableSelectionChange($event, '/selCountMPN')">
                                        <items>
                                            <ColumnListItem>
                                                <cells>
                                                    <Text text="{cvcModel>Low}"></Text>
                                                    <Text text="{cvcModel>Txtsh}"></Text>
                                                </cells>
                                            </ColumnListItem>
                                        </items>
                                        <columns>
                                            <Column width="7rem">
                                                <header>
                                                    <Label text="MPN"></Label>
                                                </header>
                                            </Column>
                                            <Column>
                                                <header>
                                                    <Label text="Description"></Label>
                                                </header>
                                            </Column>
                                        </columns>
                                    </Table>
                                </content>
                                <headerToolbar>
                                    <Toolbar>
                                        <content>
                                            <SearchField placeholder="Search" value="{cvcModel>/MPNSearchField}" liveChange=".utilities.onHandleLiveChangeFilter($event,'MPNBasic_Table',['Low','Txtsh'])"></SearchField>
                                            <ToolbarSpacer></ToolbarSpacer>
                                            <Button class="zBtnBlue" text="Clear" type="Emphasized" width="3.5rem" press=".utilities.onClearBasic('MPN')"></Button>
                                        </content>
                                    </Toolbar>
                                </headerToolbar>
                                <infoToolbar>
                                    <OverflowToolbar>
                                        <content>
                                            <Text id="MPNBasicInfoTB_Text" class="appleUiMText" text="{= ${cvcModel>/selCountMPN} === 0 ? '' : 'Selected ' + ${cvcModel>/selCountMPN} }" />
                                        </content>
                                    </OverflowToolbar>
                                </infoToolbar>
                            </Panel>
                        </content>
                    </IconTabFilter>
                    <IconTabFilter id="MPNAdv_IconTabFilter" text="Advanced" key="Advanced">
                        <content>
                            <VBox height="396px" width="570px" direction="Column">
                                <items>
                                    <Panel class="appleUiPanelBorderBottom" expandable="true" expanded="true">
                                        <content>
                                            <List id="MPNAdvInclude_List" class="appleUiMLIBBorderBottom zMPNSOLDToAdvDelBtn" mode="Delete" noDataText="No data" items="{cvcModel>/MPNIncListData}" delete=".utilities.onListItemDelete($event,'/MPNIncListData','/MPNinclCount')">
                                                <items>
                                                    <CustomListItem>
                                                        <content>
                                                            <HBox>
                                                                <items>
                                                                    <Select width="8rem" selectedKey="{cvcModel>Option}" items="{path:'cvcModel>/selOptions', templateShareable:false}">
                                                                        <items>
                                                                            <core:Item text="{cvcModel>text}" key="{cvcModel>key}"/>
                                                                        </items>
                                                                    </Select>
                                                                    <Input id="MPNAdvInc_Input" value="{cvcModel>Low}" width="23.5rem" placeholder="Value" maxLength="255" fieldWidth="100%" class="sapUiTinyMarginBegin"
                                                                        change=".utilities.onChangeAdvInput('/MPNIncListData','/MPNinclCount')"/>
                                                                </items>
                                                            </HBox>
                                                        </content>
                                                    </CustomListItem>
                                                </items>
                                            </List>
                                        </content>
                                        <headerToolbar>
                                            <OverflowToolbar>
                                                <content>
                                                    <Title text="{= ${cvcModel>/MPNinclCount} === 0 ? 'Include' : 'Include(' + ${cvcModel>/MPNinclCount} + ')'}"></Title>
                                                    <ToolbarSpacer></ToolbarSpacer>
                                                    <Button id="MPNAdvIncAdd_Button" class="zBtnBlue" type="Emphasized" icon="sap-icon://add" press=".utilities.onOptionsAdd('/MPNIncListData', 'I')"></Button>
                                                    <Button id="MPNAdvClearInc_Button" class="zBtnBlue" text="Clear" type="Emphasized" width="3.5rem" tooltip="Clear Selection" press=".utilities.onOptionsClear('/MPNIncListData','I', '/MPNinclCount')"></Button>
                                                </content>
                                            </OverflowToolbar>
                                        </headerToolbar>
                                    </Panel>
                                    <Panel class="appleUiPanelBorderBottom" expandable="true">
                                        <content>
                                            <List id="MPNAdvExclude_List" class="appleUiMLIBBorderBottom zMPNSOLDToAdvDelBtn" mode="Delete" noDataText="No data" items="{cvcModel>/MPNExcListData}" delete=".utilities.onListItemDelete($event,'/MPNExcListData','/MPNexclCount')">
                                                <items>
                                                    <CustomListItem>
                                                        <content>
                                                            <HBox>
                                                                <items>
                                                                    <Select width="8rem" selectedKey="{cvcModel>Option}" items="{path:'cvcModel>/selOptions', templateShareable:false}">
                                                                        <items>
                                                                            <core:Item text="{cvcModel>text}" key="{cvcModel>key}"/>
                                                                        </items>
                                                                    </Select>
                                                                    <Input value="{cvcModel>Low}" width="23.5rem" placeholder="Value" maxLength="255" fieldWidth="100%" change=".utilities.onChangeAdvInput('/MPNExcListData','/MPNexclCount')" class="sapUiTinyMarginBegin"></Input>
                                                                </items>
                                                            </HBox>
                                                        </content>
                                                    </CustomListItem>
                                                </items>
                                            </List>
                                        </content>
                                        <headerToolbar>
                                            <OverflowToolbar>
                                                <content>
                                                    <Title text="{= ${cvcModel>/MPNexclCount} === 0 ? 'Exclude' : 'Exclude(' + ${cvcModel>/MPNexclCount} + ')'}"></Title>
                                                    <ToolbarSpacer></ToolbarSpacer>
                                                    <Button class="zBtnBlue" type="Emphasized" icon="sap-icon://add" press=".utilities.onOptionsAdd('/MPNExcListData', 'E')"></Button>
                                                    <Button class="zBtnBlue" text="Clear" type="Emphasized" width="3.5rem" tooltip="Clear Selection" press=".utilities.onOptionsClear('/MPNExcListData','E', '/MPNexclCount')"></Button>
                                                </content>
                                            </OverflowToolbar>
                                        </headerToolbar>
                                    </Panel>
                                </items>
                            </VBox>

                        </content>
                    </IconTabFilter>
                </items>
            </IconTabBar>
        </content>
        <buttons>
            <Button class="zBtnBlue" text="Ok" type="Emphasized" press=".utilities.onHandleMultiInpOk('MPN')"></Button>
            <Button class="zBtnBlue" text="Close" type="Emphasized" press=".utilities.onHandleMultiInpClose(false, 'MPN')"></Button>
        </buttons>
    </Dialog>
</core:FragmentDefinition>