<core:FragmentDefinition xmlns="sap.m" xmlns:core="sap.ui.core" xmlns:form="sap.ui.layout.form">
	<ScrollContainer id="ScrollContainer" width="100%" height="100%" horizontal="false" vertical="true">
		<content>
			<VBox id="oVBoxWave" width="100%" direction="Column">
				<items>
					<Panel id="oPanelProfile" class="zPanel zPanelBorderB MPanelPBC zPaddingLeft3 sapUiSmallMarginBottom" width="55%"
						backgroundDesign="Transparent">
						<content>
							<form:SimpleForm id="oSFormProfile" class="zForm zMainForm" maxContainerCols="3" width="100%" editable="true" layout="ResponsiveGridLayout"
								labelSpanL="12" labelSpanM="12" adjustLabelSpan="false" columnsXL="3" columnsL="3" columnsM="3" breakpointL="1200" breakpointM="400"
								title="{i18n>Profile}">
								<form:content>
									<core:Title id="oTitleP_Date"/>
									<Label id="ProfWeek_Label" text="{i18n>Week}" required="true"/>
									<Select id="oProfileForm_Week" class="zSecProf" change="onProfileWeekChange"/>
									<core:Title id="oTitle"/>
									<Label id="oProf_Prof_Label" text="{i18n>WaveProfile}" required="true"/>
									<Select id="oProfileForm_Profile" class="zSecProf" change="onProfileChange"/>
								</form:content>
							</form:SimpleForm>
						</content>
					</Panel>
					<Panel id="oPanelCVC" class="zPanel zPanelBorderB MPanelPBC MPanelPTC MPanelPLC zPaddingLeft20" expandable="true" expanded="false"
						backgroundDesign="Transparent">
						<content>
							<HBox id="oHBoxCVC" class="zBGC zPaddingLeft22" width="100%">
								<items>
									<VBox id="oVBoxCVC" width="96%" direction="Column">
										<items>
											<form:SimpleForm id="oCVCForm" class="zForm" maxContainerCols="6" width="100%" editable="true" layout="ResponsiveGridLayout" labelSpanL="6"
												labelSpanM="4" columnsL="6" columnsM="4">
												<form:content>
													<core:Title id="Title1" text="{i18n>txtOPSSubclass}"/>
													<MultiComboBox id="oinpoSFormCVCOPS" class="zMInput" width="100%"/>
													<core:Title id="Title2" text="{i18n>txtMPN}"/>
													<MultiInput id="oinpoSFormCVCMPN" class="zMInput" width="100%" showValueHelp="true"
														valueHelpRequest=".utilities.onVHRequestCVCMultiInp('MPN_Dialog', 'MPN')" liveChange=".utilities.chgMultiInput('oinpoSFormCVCMPN')"
														showSuggestion="true" fieldWidth="100%"/>
													<core:Title id="Title5" text="{i18n>txtSalesOrg}"/>
													<VBox id="VBoxSales" direction="Column">
														<items>
															<MultiComboBox id="oinpoSFormCVCSales" class="zMInput" width="100%" showSecondaryValues="true"/>
															<CheckBox id="Sorg_CheckBox" selected="true" text="Select All"/>
														</items>
													</VBox>
													<core:Title id="Title3" text="{i18n>txtChannel}"/>
													<MultiComboBox id="oinpoSFormCVCChan" class="zMInput" width="100%"></MultiComboBox>
													<core:Title id="Title4" text="{i18n>txtSoldTo}"/>
													<MultiInput id="oinpoSFormCVCSoldTo" class="zMInput" width="100%" showValueHelp="true" showSuggestion="true"
														liveChange=".utilities.chgMultiInput('oinpoSFormCVCSoldTo')" valueHelpRequest=".utilities.onVHRequestCVCMultiInp('CVCST_Dialog', 'SoldTo')"/>
													<core:Title id="SB_Title"/>
													<Button id="SB_Button" class="zBtnBlue" type="Emphasized" width="2rem" icon="sap-icon://sys-find" press="onSBButtonPress"/>
												</form:content>
											</form:SimpleForm>
										</items>
									</VBox>
								</items>
							</HBox>
						</content>
						<headerToolbar>
							<Toolbar id="CVCHeader_Toolbar" class="zMLabelB">
								<content>
									<Label id="oLabelCVC" class="zcvclabel" text="{i18n>lbCVCSelection}" textAlign="Left" wrapping="true"/>
									<Label id="CVCSel_Label" class="zMLabelB" text="{sModel>/CVCSelLabel}"/>
									<core:Icon id="CVCSel_Icon" src="sap-icon://dropdown" press=".vm.onCvcDropdownPress"/>
									<ToolbarSpacer id="CVCHdr_ToolbarSpacer3"/>
									<core:Icon id="CVCOptions_Icon" src="sap-icon://fa-solid/ellipsis-v" class="sapUiSmallMarginEnd" color="#0070b1" press=".vm.onCVCOptions"/>
								</content>
							</Toolbar>
						</headerToolbar>
					</Panel>
				</items>
			</VBox>
			<!--<Panel id="Grid_Panel" class="zPanel zPanelBorderB zpanelAG sapUiMediumMargin" visible="false">-->
			<!--	<content>-->
			<!--		<VBox id="oVBoxCardbut" class="zPaddingLeft1" visible="false" direction="Column">-->
			<!--			<items>-->
			<!--				<Toolbar id="oToolbarcard" class="zMarginLeft3" height="2.5rem">-->
			<!--					<content>-->
			<!--						<Select id="Aggr_Select" class="zDropDownBR zDDArrow" selectedKey="{gridModel>/aggrSelKey}"-->
			<!--							items="{path:'gridModel>/aggrOptions', templateShareable:false}" change=".gridUtil.onChangeAggrOptions">-->
			<!--							<items>-->
			<!--								<core:Item text="{gridModel>text}" key="{gridModel>key}"/>-->
			<!--							</items>-->
			<!--						</Select>-->
			<!-- <Select id="Aggr_Select" class="zDropDownBR zDDArrow"/> -->
			<!--						<HBox id="Sat_HBox2" class="zSatBox">-->
			<!--							<items>-->
			<!--								<Label id="oSat_Label" text="Sat Allocation &gt; 0"/>-->
			<!--								<Switch id="oSat_Switch" class="zSwitch" customTextOn="Yes" customTextOff="No" state="{sModel>/oSatSwitchVal}"-->
			<!--									change=".gridUtil.onSatSwitchChange"/>-->
			<!--							</items>-->
			<!--						</HBox>-->
			<!--						<ToolbarSpacer id="ToolbarSpacer"/>-->
			<!--						<MenuButton id="Upload_MenuButton" class="zBtnBlue" type="Emphasized" icon="sap-icon://upload">-->
			<!--							<menu>-->
			<!--								<Menu id="Uplaod_Menu" itemSelected=".gridUtil.onUploadMenuItemSelected">-->
			<!--									<items>-->
			<!--										<MenuItem id="UP_Wave" key="UP_Wave" enabled="{= !${gridModel>/isLocked}}" text="Wave Upload"/>-->
			<!--										<MenuItem id="UPUBP_MenuItem" key="UPUBP" text="User Base Plan"/>-->
			<!--										<MenuItem id="UPPLA_POR" key="UPPLA_POR" text="PLA POR Upload"/>-->
			<!--										<MenuItem id="UPPLA_GATP" key="UPPLA_GATP" text="PLA GATP Upload"/>-->
			<!--									</items>-->
			<!--								</Menu>-->
			<!--							</menu>-->
			<!--						</MenuButton>-->
			<!--						<MenuButton id="Adv_MenuButton" class="zBtnBlue" text="Advance" type="Emphasized">-->
			<!--							<menu>-->
			<!--								<Menu id="Adv_Menu" title="Advance">-->
			<!--									<items>-->
			<!--										<MenuItem id="RollOverOptions_MenuItem1" text="Rollover Options" press=".gridUtil.onRollOverPress"/>-->
			<!--										<MenuItem id="AdvCWBypass_MenuItem" enabled="{= !${gridModel>/isLocked}}" text="CW Bypass" press=".gridUtil.onGridActionPress('CW_BYPASS')"/>-->
			<!--									</items>-->
			<!--								</Menu>-->
			<!--							</menu>-->
			<!--						</MenuButton>-->
			<!--						<Button id="wave_release" enabled="{= !${gridModel>/isLocked}}" class="zBtnBlue" text="Release Wave" type="Emphasized"-->
			<!--							tooltip="Wave Release" press=".gridUtil.onWaveReleasePress"/>-->
			<!--						<Button id="SZeroWave_Button" enabled="{= !${gridModel>/isLocked}}" class="zBtnBlue" text="Send Zero Wave" type="Emphasized"-->
			<!--							press=".gridUtil.onGridActionPress('SEND_ZERO')"/>-->
			<!--						<Button id="wave_param" enabled="{= !${gridModel>/isLocked}}" class="zBtnBlue" text="Wave Parameter" type="Emphasized"-->
			<!--							tooltip="Wave Parameter" press=".gridUtil.onWaveParameterPress"/>-->
			<!--						<Button id="oButtondown" class="zBtnBlue" type="Emphasized" icon="sap-icon://download" press=".gridUtil.onDownloadBtnPress"/>-->
			<!--						<Select id="oSelectGridvarProf" class="zDropDownBR" visible="false" forceSelection="false"-->
			<!--							change=".gridUtil.oSelectGridvarWaveChange($event,'AG_GRID_PROF')"/>-->
			<!--						<Button id="oButtonset" class="zBtnBlue" type="Emphasized" icon="sap-icon://key-user-settings"-->
			<!--							press=".gridUtil.onGridVariantPress('KPROFILE', $controller)"/>-->
			<!--					</content>-->
			<!--				</Toolbar>-->
			<!--			</items>-->
			<!--		</VBox>-->
			<!--		<HBox id="oHBoxWaverep" class="zFlxHdrWidth">-->
			<!--			<items>-->
			<!--				<core:HTML id="Grid_HTML1"/>-->
			<!--			</items>-->
			<!--		</HBox>-->
			<!--	</content>-->
			<!--</Panel>-->
		</content>
	</ScrollContainer>
</core:FragmentDefinition>