<core:FragmentDefinition xmlns:core="sap.ui.core"
    xmlns:mvc="sap.ui.core.mvc"
    xmlns="sap.m">
    <Dialog id="idRollOverDialog" class="zNDialog sapUiContentPadding" title="Rollover Options" contentWidth="300px" horizontalScrolling="false" verticalScrolling="false">
        <content>
            <VBox direction="Column">
                <items>
                    <Label class="zSFormlbl" text="Rollover Options"/>
                    <Select class="zSecProf sapUiSmallMarginBottom" selectedKey="A" id="rolloverOptions" change=".gridUtil.onRollOverOptionsChange">
                        <items>
                            <core:Item text="A: Release All" key="A"></core:Item>
                            <core:Item text="B: Zero Rollover" key="B"></core:Item>
                            <core:Item text="C: Rollover Wave" key="C"></core:Item>
                            <core:Item text="D: Consumption Rollover" key="D"></core:Item>
                        </items>
                    </Select>
                    <Label class="zSFormlbl" visible="{gridModel>/isROWaveNumVisible}" text="Wave Number"/>
                    <Input class="zSecProf" visible="{gridModel>/isROWaveNumVisible}" width="20%" id="roWaveNum"/>
                </items>
            </VBox>
        </content>

        <beginButton>
            <Button class="zBtnBlue" text="OK" type="Emphasized" press=".gridUtil.onRollOverOk"></Button>
        </beginButton>
        <endButton>
            <Button class="zBtnBlue" text="Close" type="Emphasized" press=".gridUtil.dialogClose"></Button>
        </endButton>
    </Dialog>
</core:FragmentDefinition>