<core:FragmentDefinition xmlns="sap.m" xmlns:core="sap.ui.core">
    <Popover id="tokenPopover" title="{cvcModel>/tokenID}" placement="PreferredBottomOrFlip" showHeader="true" contentHeight="250px" contentWidth="450px">
        <content>
            <SearchField value="{cvcModel>/tokenSearch}" liveChange=".utilities.onHandleLiveChangeFilter($event,'idTokenPopoverList',['Low','Txtsh'])"/>
            <HBox alignContent="Stretch" backgroundDesign="Transparent" height="2.1rem" class="appleUiHBoxBGGray sapUiTinyMarginTopBottom"> 
                <Text class="sapUiTinyMarginTop sapUiTinyMarginBegin" text="Option" width="115px"/>
                <Text class="sapUiTinyMarginTop sapUiTinyMarginBegin" text="{cvcModel>/tokenID}" width="150px"/>
                <Text class="sapUiTinyMarginTop sapUiTinyMarginBegin" text="Description" width="115px"/>
            </HBox>
            <List id="idTokenPopoverList" items="{cvcModel>/TokenList}" class="appleUiMBarPH" includeItemInSelection="false" noDataText="{i18n>noData}">
                <items>
                    <CustomListItem>
                        <HBox alignContent="Stretch" backgroundDesign="Solid" class="sapUiTinyMarginTopBottom">
                            <Text text="{path: 'cvcModel>Option', formatter:'.utilities.optionsTextFormatter'}"  width="115px" wrapping="true" class="sapUiTinyMarginBegin"/>
                            <Text text="{cvcModel>Low}" width="150px" wrapping="true" class="sapUiTinyMarginBegin"/>
                            <Text text="{cvcModel>Txtsh}" wrapping="true"/>
                        </HBox>
                    </CustomListItem>
                </items>
            </List>
        </content>
    </Popover>
</core:FragmentDefinition>