<core:FragmentDefinition xmlns="sap.m"
    xmlns:core="sap.ui.core"
    xmlns:mvc="sap.ui.core.mvc">
    <Dialog id="update_wave_property" class="zNDialog sapUiContentPadding" title="Change Wave Header" contentWidth="590px">
        <content>
            <VBox direction="Column">
                <items>
                    <Label class="ztext" text="Wave Number"/>
                    <Input class="zMInput sapUiTinyMarginBottom" value="{gridModel>/WPWaveNr}" width="252px" type="Number" maxLength="5"/>
                    <Label class="ztext1" text="Wave Description"/>
                    <Input class="zMInput sapUiSmallMarginBottom" value="{gridModel>/WPWaveDesc}" width="252px" maxLength="40"/>

                    <HBox class="zwProfile" width="100%">
                        <items>
                            <VBox width="50%" direction="Column">
                                <items>
                                    <Label class="zSFormlbl" text="Release Type"></Label>
                                    <Select class="zMSelect" width="252px" selectedKey="{gridModel>/WaveRelType}" change=".gridUtil.onChangeWaveRelType">
                                        <items>
                                            <core:Item text="Dependency Release" key="D"></core:Item>
                                            <core:Item text="Time Release" key="T"></core:Item>
                                            <core:Item text="Manual Release" key="M"></core:Item>
                                        </items>
                                    </Select>
                                </items>
                            </VBox>
                            <VBox width="50%" direction="Column" visible="{gridModel>/isWaveRelTimeVisible}">
                                <items>
                                    <Label class="zSFormlbl" text="Date &amp; Time"></Label>
                                    <DateTimePicker id="dateTimeUW" class="zMInput" width="180px" type="DateTime" valueFormat="yyyyMMdd:HHmmss"/>
                                </items>
                            </VBox>
                        </items>
                    </HBox>

                </items>
            </VBox>
        </content>
        <beginButton>
            <Button id="idWpOk" class="zBtnBlue" text="OK" type="Emphasized" press=".gridUtil.onWaveParameterOk"/>
        </beginButton>
        <endButton>
            <Button id="idWpClose" class="zBtnBlue" text="Close" type="Emphasized" press=".gridUtil.dialogClose"/>
        </endButton>
    </Dialog>

</core:FragmentDefinition>   