<core:FragmentDefinition xmlns="sap.m" xmlns:core="sap.ui.core" xmlns:form="sap.ui.layout.form" xmlns:table="sap.ui.table">
	<ScrollContainer id="ScrollContainer1" width="100%" height="100%" horizontal="false" vertical="true">
		<content>
			<IconTabBar id="Tables_IconTabBar"
				class="zMainWBIconTB&#x20;zSearchFieldM&#x20;zIconTabBarHeader&#x20;zMarginTop1 itbBorderBtm selIconTB selTabTxtColor zMITBText"
				headerMode="Inline">
				<items>
					<IconTabFilter id="WSSchedule_IconTabFilter" showAll="true" count="{/ProductCollectionStats/Counts/Total}" text="WaveSchedule" key="WS">
						<content>
							<VBox id="WSTable_VBox" class="zTableBorder" direction="Column" fitContainer="true">
								<items>
									<Panel width="100%" class="zpanelHeaderItemTable">
										<headerToolbar>
											<OverflowToolbar>
												<Text id="WSCount_Text"></Text>
												<core:Icon id="WSClearFilter_Icon" visible="false" src="sap-icon://clear-filter" size="1.25rem" color="&#x23;006ab3" tooltip="{i18n>txtClearFilters}"></core:Icon>
												<ToolbarSpacer id="WS_ToolbarSpacer"></ToolbarSpacer>
												<SearchField id="WS_SearchField" class="zSearchFieldM" width="30rem" placeholder="{i18n>WS_SearchField_placeholder}"
													liveChange="WS_SearchFieldliveChange"></SearchField>
												<Button id="WSRefresh_Button" class="zBtnBlue" type="Emphasized" icon="sap-icon://refresh" press="onRefreshWSRefresh_Button"></Button>
												<MenuButton id="Upload_MenuButton" class="zBtnBlue" type="Emphasized" icon="sap-icon://upload">
													<menu>
														<Menu id="Uplaod_Menu">
															<items>
																<MenuItem id="UP_Wave" text="{i18n>txtWaveLoad}" press="onUploadUP_Wave"></MenuItem>
																<MenuItem id="UPUBP_MenuItem" text="{i18n>txtUserBasePlan}" press="onUploadUPUBP_MenuItem"></MenuItem>
																<MenuItem id="UP_PLAPOR" text="{i18n>txxPlanPORUpload}" press="onUploadUP_PLAPOR"></MenuItem>
																<MenuItem id="UP_PLAGATP" text="PLA&#x20;GATP&#x20;upload" press="onUploadUP_PLAGATP"></MenuItem>
															</items>
														</Menu>
													</menu>
												</MenuButton>
												<Button id="Create_Button" class="zBtnBlue" text="{i18n>btnWaveCreate}" type="Emphasized"></Button>
												<Button id="Change_Button" class="zBtnBlue" type="Emphasized" icon="sap-icon://edit-outside"
													tooltip="{i18n>btnEditWaveScedule}"></Button>
												<Button id="Delete_Button" class="zBtnBlue" type="Emphasized" icon="sap-icon://delete"></Button>
												<Select id="selectVariant" class="zDropDownBR" forceSelection="false"></Select>
												<Button id="Variant_Button" class="zBtnBlue" type="Emphasized" icon="sap-icon://key-user-settings"
													tooltip="{i18n>txtPersonalizationsetting}"></Button>
											</OverflowToolbar>
										</headerToolbar>
										<table:Table id="WS_Table" class="vboxCls zTabTtl zTableColLblCls zMTblTxtCls" visibleRowCount="14" fixedColumnCount="2"
											rows="&#x7b;&#x2f;&#x7d;">
											<table:columns>
												<table:Column id="WaveDesc_Column" width="15rem" sortProperty="WaveDescr" filterProperty="WaveDescr" filterOperator="Contains">
													<table:label>
														<Label text="Wave&#x20;Description"></Label>
													</table:label>
													<table:template>
														<Link id="WaveDesc_Text" text="&#x7b;WaveDescr&#x7d;"></Link>
													</table:template>
													<table:menu>
														<table:ColumnMenu id="WaveDesc_Column-menu" ariaLabelledBy="__jsview0-__clone1689--WaveDesc_Column"></table:ColumnMenu>
													</table:menu>
												</table:Column>
												<table:Column id="OpsSubClass_Column" width="8rem" sortProperty="OpsSubclass" filterProperty="OpsSubclass" filterOperator="Contains">
													<table:label>
														<Label text="Ops&#x20;SubClass"></Label>
													</table:label>
													<table:template>
														<HBox id="OpsSubClass_HBox">
															<items>
																<Text id="OpsSubClass_Text1" text="&#x7b;OpsSubclass&#x7d;" width="6rem"></Text>
																<core:Icon id="OpsSubClass_Icon" class="zIconSumryWB" visible="&#x7b;OpsSubclassV&#x7d;"
																	src="sap-icon&#x3a;&#x2f;&#x2f;fa-regular&#x2f;question-circle" width="8px"></core:Icon>
															</items>
														</HBox>
													</table:template>
													<table:menu>
														<table:ColumnMenu id="OpsSubClass_Column-menu" ariaLabelledBy="__jsview0-__clone1689--OpsSubClass_Column"></table:ColumnMenu>
													</table:menu>
												</table:Column>
												<table:Column id="MPNSel_Column" width="8rem" sortProperty="MPN" filterProperty="MPN" filterOperator="Contains">
													<table:label>
														<Label text="MPN"></Label>
													</table:label>
													<table:template>
														<HBox id="MPNSel_HBox">
															<items>
																<Text id="MPNSel_Text2" text="&#x7b;MPN&#x7d;" width="6rem"></Text>
																<core:Icon id="MPNSel_Icon" class="appleUiButtonColor&#x20;zIconSumry" visible="&#x7b;RuleMatnrV&#x7d;"
																	src="sap-icon&#x3a;&#x2f;&#x2f;fa-regular&#x2f;question-circle" width="8px"></core:Icon>
															</items>
														</HBox>
													</table:template>
													<table:menu>
														<table:ColumnMenu id="MPNSel_Column-menu" ariaLabelledBy="__jsview0-__clone1689--MPNSel_Column"></table:ColumnMenu>
													</table:menu>
												</table:Column>
												<table:Column id="SalesOrg_Column" width="8rem" sortProperty="SalesOrg" filterProperty="SalesOrg" filterOperator="Contains">
													<table:label>
														<Label text="Sales&#x20;Org."></Label>
													</table:label>
													<table:template>
														<HBox id="SalesOrg_HBox">
															<items>
																<Text id="SalesOrg_Text3" text="&#x7b;SalesOrg&#x7d;" width="6rem"></Text>
																<core:Icon id="SalesOrg_Icon" class="zIconSumryWB" visible="&#x7b;VkorgV&#x7d;"
																	src="sap-icon&#x3a;&#x2f;&#x2f;fa-regular&#x2f;question-circle" width="8px"></core:Icon>
															</items>
														</HBox>
													</table:template>
													<table:menu>
														<table:ColumnMenu id="SalesOrg_Column-menu" ariaLabelledBy="__jsview0-__clone1689--SalesOrg_Column"></table:ColumnMenu>
													</table:menu>
												</table:Column>
												<table:Column id="Channel_Column" width="8rem" sortProperty="Channel" filterProperty="Channel" filterOperator="Contains">
													<table:label>
														<Label text="Channel"></Label>
													</table:label>
													<table:template>
														<HBox id="Channel_HBox2">
															<items>
																<Text id="Channel_Text42" text="&#x7b;Channel&#x7d;" width="6rem"></Text>
																<core:Icon id="Channel_Icon" class="zIconSumryWB" visible="&#x7b;ZdistcV&#x7d;"
																	src="sap-icon&#x3a;&#x2f;&#x2f;fa-regular&#x2f;question-circle" width="8px"></core:Icon>
															</items>
														</HBox>
													</table:template>
													<table:menu>
														<table:ColumnMenu id="Channel_Column-menu" ariaLabelledBy="__jsview0-__clone1689--Channel_Column"></table:ColumnMenu>
													</table:menu>
												</table:Column>
												<table:Column id="SoldToSel_Column" width="8.5rem" sortProperty="SoldTo" filterProperty="SoldTo" filterOperator="Contains">
													<table:label>
														<Label text="Sold&#x20;To"></Label>
													</table:label>
													<table:template>
														<HBox id="SoldToSel_HBox">
															<items>
																<Text id="SoldToSel_Text5" text="&#x7b;SoldTo&#x7d;" width="6rem"></Text>
																<core:Icon id="SoldToSel_Icon" class="zIconSumryWB" visible="&#x7b;KunnrV&#x7d;"
																	src="sap-icon&#x3a;&#x2f;&#x2f;fa-regular&#x2f;question-circle" width="8px"></core:Icon>
															</items>
														</HBox>
													</table:template>
													<table:menu>
														<table:ColumnMenu id="SoldToSel_Column-menu" ariaLabelledBy="__jsview0-__clone1689--SoldToSel_Column"></table:ColumnMenu>
													</table:menu>
												</table:Column>
												<table:Column id="NextStartDate_Column" width="13rem" sortProperty="StartDateN" filterProperty="StartDateN" filterOperator="Contains">
													<table:label>
														<Label text="Next&#x20;Start&#x20;Time"></Label>
													</table:label>
													<table:template>
														<Text id="NextStartDate_Text6" text="&#x7b;StartDateN&#x7d;"></Text>
													</table:template>
													<table:menu>
														<table:ColumnMenu id="NextStartDate_Column-menu" ariaLabelledBy="__jsview0-__clone1689--NextStartDate_Column"></table:ColumnMenu>
													</table:menu>
												</table:Column>
												<table:Column id="WaveStrategy_Column" width="15rem" sortProperty="WaveStrat" filterProperty="WaveStrat" filterOperator="Contains">
													<table:label>
														<Label text="Wave&#x20;Strategy"></Label>
													</table:label>
													<table:template>
														<Text id="WaveStrategy_Text8" text="&#x7b;WaveStrat&#x7d;"></Text>
													</table:template>
													<table:menu>
														<table:ColumnMenu id="WaveStrategy_Column-menu" ariaLabelledBy="__jsview0-__clone1689--WaveStrategy_Column"></table:ColumnMenu>
													</table:menu>
												</table:Column>
												<table:Column id="WaveRelease_Column" width="11rem" sortProperty="WaveRelMech" filterProperty="WaveRelMech" filterOperator="Contains">
													<table:label>
														<Label text="Wave&#x20;Release"></Label>
													</table:label>
													<table:template>
														<Text id="WaveRelease_Text9" text="&#x7b;WaveRelMech&#x7d;"></Text>
													</table:template>
													<table:menu>
														<table:ColumnMenu id="WaveRelease_Column-menu" ariaLabelledBy="__jsview0-__clone1689--WaveRelease_Column"></table:ColumnMenu>
													</table:menu>
												</table:Column>
												<table:Column id="WaveRelDT_Column" width="14rem" sortProperty="WaveRelDate" filterProperty="WaveRelDate" filterOperator="Contains">
													<table:label>
														<Label text="Planned&#x20;Release&#x20;Time"></Label>
													</table:label>
													<table:template>
														<Text id="WaveRelDT_Text10" text="&#x7b;WaveRelDate&#x7d;"></Text>
													</table:template>
													<table:menu>
														<table:ColumnMenu id="WaveRelDT_Column-menu" ariaLabelledBy="__jsview0-__clone1689--WaveRelDT_Column"></table:ColumnMenu>
													</table:menu>
												</table:Column>
												<table:Column id="WeekDays_Column" width="15rem" sortProperty="WeekDays" filterProperty="WeekDays">
													<table:label>
														<Label text="Week&#x20;Days"></Label>
													</table:label>
													<table:template>
														<Text id="WeekDays_Text2" text="&#x7b;WeekDays&#x7d;"></Text>
													</table:template>
													<table:menu>
														<table:ColumnMenu id="WeekDays_Column-menu" ariaLabelledBy="__jsview0-__clone1689--WeekDays_Column"></table:ColumnMenu>
													</table:menu>
												</table:Column>
												<table:Column id="CreatedBy_Column3" width="12rem" sortProperty="UserId" filterProperty="UserId" filterOperator="Contains">
													<table:label>
														<Label text="Created&#x20;By"></Label>
													</table:label>
													<table:template>
														<Text id="CreatedBy_Text11" text="&#x7b;UserId&#x7d;"></Text>
													</table:template>
													<table:menu>
														<table:ColumnMenu id="CreatedBy_Column3-menu" ariaLabelledBy="__jsview0-__clone1689--CreatedBy_Column3"></table:ColumnMenu>
													</table:menu>
												</table:Column>
												<table:Column id="FrequencyType_Column" width="10rem" sortProperty="FreqType" filterProperty="FreqType" filterOperator="Contains">
													<table:label>
														<Label text="Frequency&#x20;Type"></Label>
													</table:label>
													<table:template>
														<Text id="FrequencyType_Text12" text="&#x7b;FreqType&#x7d;"></Text>
													</table:template>
													<table:menu>
														<table:ColumnMenu id="FrequencyType_Column-menu" ariaLabelledBy="__jsview0-__clone1689--FrequencyType_Column"></table:ColumnMenu>
													</table:menu>
												</table:Column>
												<table:Column id="Frequency_Column" width="7rem" sortProperty="Frequency" filterProperty="Frequency" filterOperator="Contains">
													<table:label>
														<Label text="Frequency"></Label>
													</table:label>
													<table:template>
														<Text id="Frequency_Text13" text="&#x7b;Frequency&#x7d;"></Text>
													</table:template>
													<table:menu>
														<table:ColumnMenu id="Frequency_Column-menu" ariaLabelledBy="__jsview0-__clone1689--Frequency_Column"></table:ColumnMenu>
													</table:menu>
												</table:Column>
												<table:Column id="TillDate_Column1" width="14rem" sortProperty="EndDate" filterProperty="EndDate">
													<table:label>
														<Label text="Till&#x20;Time"></Label>
													</table:label>
													<table:template>
														<Text id="Text1" text="&#x7b;EndDate&#x7d;"></Text>
													</table:template>
													<table:menu>
														<table:ColumnMenu id="TillDate_Column1-menu" ariaLabelledBy="__jsview0-__clone1689--TillDate_Column1"></table:ColumnMenu>
													</table:menu>
												</table:Column>
												<table:Column id="CVCVariant_Column" width="15rem" sortProperty="CvcVariant" filterProperty="CvcVariant">
													<table:label>
														<Label text="CVC&#x20;Variant"></Label>
													</table:label>
													<table:template>
														<Text id="Text3" text="&#x7b;CvcVariant&#x7d;"></Text>
													</table:template>
													<table:menu>
														<table:ColumnMenu id="CVCVariant_Column-menu" ariaLabelledBy="__jsview0-__clone1689--CVCVariant_Column"></table:ColumnMenu>
													</table:menu>
												</table:Column>
												<table:Column id="StrategyVar_Column3" width="15rem" sortProperty="StratVariant" filterProperty="StratVariant">
													<table:label>
														<Label text="Strategy&#x20;Variant"></Label>
													</table:label>
													<table:template>
														<Text id="Text4" text="&#x7b;StratVariant&#x7d;"></Text>
													</table:template>
													<table:menu>
														<table:ColumnMenu id="StrategyVar_Column3-menu" ariaLabelledBy="__jsview0-__clone1689--StrategyVar_Column3"></table:ColumnMenu>
													</table:menu>
												</table:Column>
												<table:Column id="SchGuid_Column" width="15rem" sortProperty="SchGuid" filterProperty="SchGuid">
													<table:label>
														<Label text="Sch&#x20;Guid"></Label>
													</table:label>
													<table:template>
														<Text id="SchGuid_Text2" text="&#x7b;SchGuid&#x7d;"></Text>
													</table:template>
													<table:menu>
														<table:ColumnMenu id="SchGuid_Column-menu" ariaLabelledBy="__jsview0-__clone1689--SchGuid_Column"></table:ColumnMenu>
													</table:menu>
												</table:Column>
												<table:Column id="CreatedDT_Column" width="13rem" sortProperty="CreateDate" filterProperty="CreateDate">
													<table:label>
														<Label text="Created&#x20;Time"></Label>
													</table:label>
													<table:template>
														<Text id="CreatedDT_Text5" text="&#x7b;CreateDate&#x7d;"></Text>
													</table:template>
													<table:menu>
														<table:ColumnMenu id="CreatedDT_Column-menu" ariaLabelledBy="__jsview0-__clone1689--CreatedDT_Column"></table:ColumnMenu>
													</table:menu>
												</table:Column>
												<table:Column id="LastChangedBy_Column" width="10rem" sortProperty="Aenam" filterProperty="Aenam">
													<table:label>
														<Label text="Last&#x20;Changed&#x20;By"></Label>
													</table:label>
													<table:template>
														<Text id="LastChangedBy_Text5" text="&#x7b;Aenam&#x7d;"></Text>
													</table:template>
													<table:menu>
														<table:ColumnMenu id="LastChangedBy_Column-menu" ariaLabelledBy="__jsview0-__clone1689--LastChangedBy_Column"></table:ColumnMenu>
													</table:menu>
												</table:Column>
												<table:Column id="LastChangedDate_Column" width="15rem" sortProperty="Aedat" filterProperty="Aedat">
													<table:label>
														<Label text="Last&#x20;Changed&#x20;Time"></Label>
													</table:label>
													<table:template>
														<Text id="LastChangeDate_Text5" text="&#x7b;Aedat&#x7d;"></Text>
													</table:template>
													<table:menu>
														<table:ColumnMenu id="LastChangedDate_Column-menu" ariaLabelledBy="__jsview0-__clone1689--LastChangedDate_Column"></table:ColumnMenu>
													</table:menu>
												</table:Column>
												<table:Column id="ScheduleMode_Column" width="10rem" sortProperty="WaveSchMode" filterProperty="WaveSchMode">
													<table:label>
														<Label text="Schedule&#x20;Mode"></Label>
													</table:label>
													<table:template>
														<Text id="ScheduleMode_Text" text="&#x7b;WaveSchMode&#x7d;"></Text>
													</table:template>
													<table:menu>
														<table:ColumnMenu id="ScheduleMode_Column-menu" ariaLabelledBy="__jsview0-__clone1689--ScheduleMode_Column"></table:ColumnMenu>
													</table:menu>
												</table:Column>
												<table:Column id="StartTime1_Column" width="8rem" sortProperty="StartTime1" filterProperty="StartTime1" filterOperator="Contains">
													<table:label>
														<Label text="Start&#x20;Time1"></Label>
													</table:label>
													<table:template>
														<Text id="StarTime1_Text1" text="&#x7b;StartTime1&#x7d;"></Text>
													</table:template>
													<table:menu>
														<table:ColumnMenu id="StartTime1_Column-menu" ariaLabelledBy="__jsview0-__clone1689--StartTime1_Column"></table:ColumnMenu>
													</table:menu>
												</table:Column>
												<table:Column id="StartTime2_Column" width="8rem" sortProperty="StartTime2" filterProperty="StartTime2" filterOperator="Contains">
													<table:label>
														<Label text="Start&#x20;Time2"></Label>
													</table:label>
													<table:template>
														<Text id="StarTime2_Text1" text="&#x7b;StartTime2&#x7d;"></Text>
													</table:template>
													<table:menu>
														<table:ColumnMenu id="StartTime2_Column-menu" ariaLabelledBy="__jsview0-__clone1689--StartTime2_Column"></table:ColumnMenu>
													</table:menu>
												</table:Column>
												<table:Column id="StartTime3_Column" width="8rem" sortProperty="StartTime3" filterProperty="StartTime3" filterOperator="Contains">
													<table:label>
														<Label text="Start&#x20;Time3"></Label>
													</table:label>
													<table:template>
														<Text id="StarTime3_Text1" text="&#x7b;StartTime3&#x7d;"></Text>
													</table:template>
													<table:menu>
														<table:ColumnMenu id="StartTime3_Column-menu" ariaLabelledBy="__jsview0-__clone1689--StartTime3_Column"></table:ColumnMenu>
													</table:menu>
												</table:Column>
												<table:Column id="StartTime4_Column" width="8rem" sortProperty="StartTime4" filterProperty="StartTime4" filterOperator="Contains">
													<table:label>
														<Label text="Start&#x20;Time4"></Label>
													</table:label>
													<table:template>
														<Text id="StarTime1_Text4" text="&#x7b;StartTime4&#x7d;"></Text>
													</table:template>
													<table:menu>
														<table:ColumnMenu id="StartTime4_Column-menu" ariaLabelledBy="__jsview0-__clone1689--StartTime4_Column"></table:ColumnMenu>
													</table:menu>
												</table:Column>
											</table:columns>
											<table:rows>
												<!--<table:Row id="WS_Table-rows-row0"></table:Row>-->
												<!--<table:Row id="WS_Table-rows-row1"></table:Row>-->
												<!--<table:Row id="WS_Table-rows-row2"></table:Row>-->
												<!--<table:Row id="WS_Table-rows-row3"></table:Row>-->
												<!--<table:Row id="WS_Table-rows-row4"></table:Row>-->
												<!--<table:Row id="WS_Table-rows-row5"></table:Row>-->
												<!--<table:Row id="WS_Table-rows-row6"></table:Row>-->
												<!--<table:Row id="WS_Table-rows-row7"></table:Row>-->
												<!--<table:Row id="WS_Table-rows-row8"></table:Row>-->
												<!--<table:Row id="WS_Table-rows-row9"></table:Row>-->
												<!--<table:Row id="WS_Table-rows-row10"></table:Row>-->
												<!--<table:Row id="WS_Table-rows-row11"></table:Row>-->
												<!--<table:Row id="WS_Table-rows-row12"></table:Row>-->
												<!--<table:Row id="WS_Table-rows-row13"></table:Row>-->
											</table:rows>
										</table:Table>
									</Panel>
								</items>
							</VBox>
						</content>
					</IconTabFilter>
					<IconTabFilter id="Wave_IconTabFilter" showAll="true" count="{/ProductCollectionStats/Counts/Total}" text="Wave" key="Wave">
						<content>
							<VBox id="WSTable_VBox22" class="zTableBorder" direction="Column" fitContainer="true">
								<items>
									<Panel width="100%" class="zpanelHeaderItemTable">
										<headerToolbar>
											<OverflowToolbar>
												<Text id="WaveCount_Text"></Text>
												<ToolbarSpacer id="Wave_ToolbarSpacer"></ToolbarSpacer>
												<SearchField id="Wave_SearchField" width="35rem"
													placeholder="Search&#x20;by&#x20;Wave&#x20;Nbr,&#x20;Desc,&#x20;Job&#x20;Name,&#x20;Status,&#x20;Create&#x20;Date,&#x20;Wave&#x20;Release&#x20;Time"
													liveChange="Wave_SearchFieldliveChange"></SearchField>
												<Button id="WRefresh_Button" class="zBtnBlue" type="Emphasized" icon="sap-icon&#x3a;&#x2f;&#x2f;refresh"></Button>
												<MenuButton id="WUpload_MenuButton" class="zBtnBlue" type="Emphasized" icon="sap-icon&#x3a;&#x2f;&#x2f;upload">
													<menu>
														<Menu id="WUplaod_Menu">
															<items>
																<MenuItem id="WUP_Wave" text="Wave&#x20;Upload"></MenuItem>
																<MenuItem id="WUPUBP_MenuItem" text="User&#x20;Base&#x20;Plan"></MenuItem>
																<MenuItem id="WUP_PLAPOR" text="PLA&#x20;POR&#x20;Upload"></MenuItem>
																<MenuItem id="WUP_PLAGATP" text="PLA&#x20;GATP&#x20;upload"></MenuItem>
															</items>
														</Menu>
													</menu>
												</MenuButton>
												<Button id="WCreate_Button" class="zBtnBlue" text="Wave&#x20;Create" type="Emphasized"></Button>
												<Button id="WRelease_Button" class="zBtnBlue" text="Wave&#x20;Release" type="Emphasized"></Button>
												<Button id="wave_param" class="zBtnBlue" text="Wave&#x20;Parameter" type="Emphasized"></Button>
												<Button id="WaveDel_Button" class="zBtnBlue" type="Emphasized" icon="sap-icon&#x3a;&#x2f;&#x2f;delete"></Button>
												<Select id="selectVariant_wave" class="zDropDownBR" forceSelection="false"></Select>
												<Button id="WaveVariant_Button" class="zBtnBlue" type="Emphasized" icon="sap-icon&#x3a;&#x2f;&#x2f;key-user-settings"
													tooltip="Personalization&#x20;setting"></Button>
											</OverflowToolbar>
										</headerToolbar>
										<table:Table id="Wave_Table" class="appleUiTable" visibleRowCount="14" fixedColumnCount="2" rows="&#x7b;&#x2f;&#x7d;">
											<table:columns>
												<table:Column id="WN_Column" width="10rem" sortProperty="WaveNr" filterProperty="WaveNr" filterOperator="Contains">
													<table:label>
														<Label text="Wave&#x20;Number"></Label>
													</table:label>
													<table:template>
														<Text id="WN_Text2" text="&#x7b;WaveNr&#x7d;"></Text>
													</table:template>
													<table:menu>
														<table:ColumnMenu id="WN_Column-menu" ariaLabelledBy="__jsview0-__clone1689--WN_Column"></table:ColumnMenu>
													</table:menu>
												</table:Column>
												<table:Column id="WDesc_Column" width="15rem" sortProperty="WaveDescr" filterProperty="WaveDescr" filterOperator="Contains">
													<table:label>
														<Label text="Wave&#x20;Description"></Label>
													</table:label>
													<table:template>
														<Text id="WDesc_Text" text="&#x7b;WaveDescr&#x7d;"></Text>
													</table:template>
													<table:menu>
														<table:ColumnMenu id="WDesc_Column-menu" ariaLabelledBy="__jsview0-__clone1689--WDesc_Column"></table:ColumnMenu>
													</table:menu>
												</table:Column>
												<table:Column id="TWQ_Column5" width="10rem" sortProperty="TotWaveQty" filterProperty="TotWaveQty" filterOperator="Contains">
													<table:label>
														<Label text="Total&#x20;Wave&#x20;Quantity"></Label>
													</table:label>
													<table:template>
														<Text id="TWQ_Text" text="&#x7b;TotWaveQty&#x7d;"></Text>
													</table:template>
													<table:menu>
														<table:ColumnMenu id="TWQ_Column5-menu" ariaLabelledBy="__jsview0-__clone1689--TWQ_Column5"></table:ColumnMenu>
													</table:menu>
												</table:Column>
												<table:Column id="TRWQ_Column" width="10rem" sortProperty="TotalRelQty" filterProperty="TotalRelQty" filterOperator="Contains">
													<table:label>
														<Label text="Total&#x20;Released&#x20;Quantity"></Label>
													</table:label>
													<table:template>
														<Text id="TRWQ_Text" text="&#x7b;TotalRelQty&#x7d;"></Text>
													</table:template>
													<table:menu>
														<table:ColumnMenu id="TRWQ_Column-menu" ariaLabelledBy="__jsview0-__clone1689--TRWQ_Column"></table:ColumnMenu>
													</table:menu>
												</table:Column>
												<table:Column id="WCDate_Column" width="13rem" sortProperty="CreateDate" filterProperty="CreateDate" filterOperator="Contains">
													<table:label>
														<Label text="Wave&#x20;Created&#x20;Time"></Label>
													</table:label>
													<table:template>
														<Text id="WCDate_Text" text="&#x7b;CreateDate&#x7d;"></Text>
													</table:template>
													<table:menu>
														<table:ColumnMenu id="WCDate_Column-menu" ariaLabelledBy="__jsview0-__clone1689--WCDate_Column"></table:ColumnMenu>
													</table:menu>
												</table:Column>
												<table:Column id="WRTime_Column" width="14rem" sortProperty="WaveRelTime" filterProperty="WaveRelTime" filterOperator="Contains">
													<table:label>
														<Label text="Wave&#x20;Release&#x20;Time"></Label>
													</table:label>
													<table:template>
														<Text id="WRTime_Text1" text="&#x7b;WaveRelTime&#x7d;"></Text>
													</table:template>
													<table:menu>
														<table:ColumnMenu id="WRTime_Column-menu" ariaLabelledBy="__jsview0-__clone1689--WRTime_Column"></table:ColumnMenu>
													</table:menu>
												</table:Column>
												<table:Column id="Status_Column" width="15rem" sortProperty="Status" filterProperty="Status" filterOperator="Contains">
													<table:label>
														<Label text="Wave&#x20;Status"></Label>
													</table:label>
													<table:template>
														<Text id="Status_Text" text="&#x7b;Status&#x7d;"></Text>
													</table:template>
													<table:menu>
														<table:ColumnMenu id="Status_Column-menu" ariaLabelledBy="__jsview0-__clone1689--Status_Column"></table:ColumnMenu>
													</table:menu>
												</table:Column>
												<table:Column id="FisicalWeek_Column" width="10rem" sortProperty="Fisweek" filterProperty="Fisweek">
													<table:label>
														<Label text="Fiscal&#x20;Week"></Label>
													</table:label>
													<table:template>
														<Text id="FisicalWeek_Text5" text="&#x7b;Fisweek&#x7d;"></Text>
													</table:template>
													<table:menu>
														<table:ColumnMenu id="FisicalWeek_Column-menu" ariaLabelledBy="__jsview0-__clone1689--FisicalWeek_Column"></table:ColumnMenu>
													</table:menu>
												</table:Column>
												<table:Column id="WaveCreateStatus_Column" width="10rem" sortProperty="WaveCreatStatus" filterProperty="WaveCreatStatus">
													<table:label>
														<Label text="Wave&#x20;Creation&#x20;Status"></Label>
													</table:label>
													<table:template>
														<HBox id="Joblog_HBoxstatus">
															<items>
																<Text id="WaveCreateStatus_Text5" text="&#x7b;WaveCreatStatus&#x7d;"></Text>
																<core:Icon id="jobLogIconstatus" class="zIconSumryWB" visible="&#x7b;WaveStatusJobV&#x7d;"
																	src="sap-icon&#x3a;&#x2f;&#x2f;fa-regular&#x2f;question-circle"></core:Icon>
															</items>
														</HBox>
													</table:template>
													<table:menu>
														<table:ColumnMenu id="WaveCreateStatus_Column-menu" ariaLabelledBy="__jsview0-__clone1689--WaveCreateStatus_Column"></table:ColumnMenu>
													</table:menu>
												</table:Column>
												<table:Column id="LastChangedBy_Column3" width="10rem" sortProperty="Aenam" filterProperty="Aenam">
													<table:label>
														<Label text="Last&#x20;Changed&#x20;By"></Label>
													</table:label>
													<table:template>
														<Text id="LCBy_Text5" text="&#x7b;Aenam&#x7d;"></Text>
													</table:template>
													<table:menu>
														<table:ColumnMenu id="LastChangedBy_Column3-menu" ariaLabelledBy="__jsview0-__clone1689--LastChangedBy_Column3"></table:ColumnMenu>
													</table:menu>
												</table:Column>
												<table:Column id="LastChangeDate_Column4" width="14rem" sortProperty="Aedat" filterProperty="Aedat">
													<table:label>
														<Label text="Last&#x20;Changed&#x20;Time"></Label>
													</table:label>
													<table:template>
														<Text id="LCOn_Text5" text="&#x7b;Aedat&#x7d;"></Text>
													</table:template>
													<table:menu>
														<table:ColumnMenu id="LastChangeDate_Column4-menu" ariaLabelledBy="__jsview0-__clone1689--LastChangeDate_Column4"></table:ColumnMenu>
													</table:menu>
												</table:Column>
												<table:Column id="JobName_Column" width="16rem" sortProperty="JobName" filterProperty="JobName">
													<table:label>
														<Label text="Job&#x20;Name"></Label>
													</table:label>
													<table:template>
														<HBox id="Joblog_HBox">
															<items>
																<Text id="JobName_Text5" text="&#x7b;JobName&#x7d;"></Text>
																<core:Icon id="jobLogIcon" class="zIconSumryWB" visible="&#x7b;JobNameV&#x7d;"
																	src="sap-icon&#x3a;&#x2f;&#x2f;fa-regular&#x2f;question-circle"></core:Icon>
															</items>
														</HBox>
													</table:template>
													<table:menu>
														<table:ColumnMenu id="JobName_Column-menu" ariaLabelledBy="__jsview0-__clone1689--JobName_Column"></table:ColumnMenu>
													</table:menu>
												</table:Column>
												<table:Column id="colWaveRelMech" width="11rem" sortProperty="WaveRelMech" filterProperty="WaveRelMech" filterOperator="Contains"
													autoResizable="true">
													<table:label>
														<Label text="Wave&#x20;Release&#x20;Mechanism"></Label>
													</table:label>
													<table:template>
														<Text id="txtWaveRelMech" text="&#x7b;WaveRelMech&#x7d;"></Text>
													</table:template>
													<table:menu>
														<table:ColumnMenu id="colWaveRelMech-menu" ariaLabelledBy="__jsview0-__clone1689--colWaveRelMech"></table:ColumnMenu>
													</table:menu>
												</table:Column>
												<table:Column id="waveSchRelTime" width="15rem">
													<table:label>
														<Label text="Wave&#x20;Sch&#x20;Release&#x20;Time"></Label>
													</table:label>
													<table:template>
														<Text id="txtwaveSchRelTime" text="&#x7b;TimeStamp&#x7d;"></Text>
													</table:template>
													<table:menu>
														<table:ColumnMenu id="waveSchRelTime-menu" ariaLabelledBy="__jsview0-__clone1689--waveSchRelTime"></table:ColumnMenu>
													</table:menu>
												</table:Column>
											</table:columns>
											<table:rows>
												<!--<table:Row id="Wave_Table-rows-row0"></table:Row>-->
												<!--<table:Row id="Wave_Table-rows-row1"></table:Row>-->
												<!--<table:Row id="Wave_Table-rows-row2"></table:Row>-->
												<!--<table:Row id="Wave_Table-rows-row3"></table:Row>-->
												<!--<table:Row id="Wave_Table-rows-row4"></table:Row>-->
												<!--<table:Row id="Wave_Table-rows-row5"></table:Row>-->
												<!--<table:Row id="Wave_Table-rows-row6"></table:Row>-->
												<!--<table:Row id="Wave_Table-rows-row7"></table:Row>-->
												<!--<table:Row id="Wave_Table-rows-row8"></table:Row>-->
												<!--<table:Row id="Wave_Table-rows-row9"></table:Row>-->
												<!--<table:Row id="Wave_Table-rows-row10"></table:Row>-->
												<!--<table:Row id="Wave_Table-rows-row11"></table:Row>-->
												<!--<table:Row id="Wave_Table-rows-row12"></table:Row>-->
												<!--<table:Row id="Wave_Table-rows-row13"></table:Row>-->
											</table:rows>
										</table:Table>
									</Panel>
								</items>
							</VBox>
						</content>
					</IconTabFilter>
				</items>
			</IconTabBar>
		</content>
	</ScrollContainer>
</core:FragmentDefinition>