<core:FragmentDefinition xmlns="sap.m" xmlns:core="sap.ui.core" xmlns:form="sap.ui.layout.form">
	<ScrollContainer id="ScrollContainer1" width="100%" height="100%" horizontal="false" vertical="true">
		<content>
			<IconTabBar id="IconTabBar" class="zIconTabBar zIconTabBarHeader" selectedKey="KPROFILE" select="onIconBarSelect">
				<items>
					<IconTabFilter id="Profile" text="{i18n>byProfile}" key="KPROFILE">
						<content>
						
						</content>
					</IconTabFilter>
				</items>
			</IconTabBar>
		</content>
	</ScrollContainer>
</core:FragmentDefinition>