<core:FragmentDefinition xmlns:core="sap.ui.core"
    xmlns:mvc="sap.ui.core.mvc"
    xmlns:ui="sap.ui.table"
    xmlns="sap.m"
    xmlns:f="sap.ui.layout.form"
    xmlns:l="sap.ui.layout"
    xmlns:u="sap.ui.unified">
    <Dialog id="CVCST_Dialog" class="zNDialog" title="SoldTo" contentWidth="620px" contentHeight="480px" draggable="true">
        <content>
            <IconTabBar id="idIconTabBar" headerMode="Inline" selectedKey="{cvcModel>/MPNSelTab}">
                <items>
                    <IconTabFilter id="Basic_IconTabFilter" text="Basic" key="Basic">
                        <content>
                            <Panel id="Basic_Panel" width="580px">
                                <content>
                                    <Table id="SoldToBasic_Table" mode="MultiSelect" noDataText="No data" items="{ path: 'cvcModel>/soldToData', sorter : {path: 'Low', descending: false, group: false} }" selectionChange="onTableSelectionChange($event, '/selCountSoldTo')">
                                        <items>
                                            <ColumnListItem>
                                                <cells>
                                                    <Text text="{cvcModel>Low}"></Text>
                                                    <Text text="{cvcModel>Txtsh}"></Text>
                                                </cells>
                                            </ColumnListItem>
                                        </items>
                                        <columns>
                                            <Column width="7rem">
                                                <header>
                                                    <Label text="Sold To"></Label>
                                                </header>
                                            </Column>
                                            <Column>
                                                <header>
                                                    <Label text="Description"></Label>
                                                </header>
                                            </Column>
                                        </columns>
                                    </Table>
                                </content>
                                <headerToolbar>
                                    <Toolbar>
                                        <content>
                                            <SearchField placeholder="Search" value="{cvcModel>/SoldToSearchField}" liveChange=".utilities.onHandleLiveChangeFilter($event,'SoldToBasic_Table',['Low','Txtsh'])"></SearchField>
                                            <ToolbarSpacer></ToolbarSpacer>
                                            <Button class="zBtnBlue" text="Clear" type="Emphasized" width="3.5rem" press=".utilities.onClearBasic('SoldTo')"></Button>
                                        </content>
                                    </Toolbar>
                                </headerToolbar>
                                <infoToolbar>
                                    <OverflowToolbar>
                                        <content>
                                            <Text class="appleUiMText" text="{= ${cvcModel>/selCountSoldTo} === 0 ? '' : 'Selected ' + ${cvcModel>/selCountSoldTo} }" />
                                        </content>
                                    </OverflowToolbar>
                                </infoToolbar>
                            </Panel>
                        </content>
                    </IconTabFilter>
                    <IconTabFilter id="Adv_IconTabFilter" text="Advanced" key="Advance">
                        <content>
                            <VBox height="396px" width="570px" direction="Column">
                                <items>
                                    <Panel class="appleUiPanelBorderBottom" expandable="true" expanded="true">
                                        <content>
                                            <List id="AdvInclude_List" class="appleUiMLIBBorderBottom zMPNSOLDToAdvDelBtn" mode="Delete" noDataText="No data" items="{cvcModel>/CVCSTIncListData}" delete=".utilities.onListItemDelete($event,'/CVCSTIncListData','/CVCSTinclCount')">
                                                <items>
                                                    <CustomListItem>
                                                        <content>
                                                            <HBox>
                                                                <items>
                                                                    <Select width="8rem" selectedKey="{cvcModel>Option}" items="{path:'cvcModel>/selOptions', templateShareable:false}">
                                                                        <items>
                                                                            <core:Item text="{cvcModel>text}" key="{cvcModel>key}"/>
                                                                        </items>
                                                                    </Select>
                                                                    <Input id="AdvInc_Input" value="{cvcModel>Low}" width="23.5rem" placeholder="Value" maxLength="255" fieldWidth="100%" change=".utilities.onChangeAdvInput('/CVCSTIncListData','/CVCSTinclCount')"  class="sapUiTinyMarginBegin"></Input>
                                                                </items>
                                                            </HBox>
                                                        </content>
                                                    </CustomListItem>
                                                </items>
                                            </List>
                                        </content>
                                        <headerToolbar>
                                            <OverflowToolbar>
                                                <content>
                                                    <Title text="{= ${cvcModel>/CVCSTinclCount} === 0 ? 'Include' : 'Include(' + ${cvcModel>/CVCSTinclCount} + ')'}"></Title>
                                                    <ToolbarSpacer></ToolbarSpacer>
                                                    <Button id="AdvIncAdd_Button" class="zBtnBlue" type="Emphasized" icon="sap-icon://add" press=".utilities.onOptionsAdd('/CVCSTIncListData', 'I')"></Button>
                                                    <Button id="AdvClearInc_Button" class="zBtnBlue" text="Clear" type="Emphasized" width="3.5rem" tooltip="Clear Selection" press=".utilities.onOptionsClear('/CVCSTIncListData','I', '/CVCSTinclCount')"></Button>
                                                </content>
                                            </OverflowToolbar>
                                        </headerToolbar>
                                    </Panel>
                                    <Panel class="appleUiPanelBorderBottom" expandable="true">
                                        <content>
                                            <List id="AdvExclude_List" class="appleUiMLIBBorderBottom zMPNSOLDToAdvDelBtn" mode="Delete" noDataText="No data" items="{cvcModel>/CVCSTExcListData}" delete=".utilities.onListItemDelete($event,'/CVCSTExcListData','/CVCSTexclCount')">
                                                <items>
                                                    <CustomListItem>
                                                        <content>
                                                            <HBox>
                                                                <items>
                                                                    <Select width="8rem" selectedKey="{cvcModel>Option}" items="{path:'cvcModel>/selOptions', templateShareable:false}">
                                                                        <items >
                                                                            <core:Item text="{cvcModel>text}" key="{cvcModel>key}"/>
                                                                        </items>
                                                                    </Select>
                                                                    <Input value="{cvcModel>Low}" width="23.5rem" placeholder="Value" maxLength="255" fieldWidth="100%" change=".utilities.onChangeAdvInput('/CVCSTExcListData','/CVCSTexclCount')"  class="sapUiTinyMarginBegin"></Input>
                                                                </items>
                                                            </HBox>
                                                        </content>
                                                    </CustomListItem>
                                                </items>
                                            </List>
                                        </content>
                                        <headerToolbar>
                                            <OverflowToolbar>
                                                <content>
                                                    <Title text="{= ${cvcModel>/CVCSTexclCount} === 0 ? 'Exclude' : 'Exclude(' + ${cvcModel>/CVCSTexclCount} + ')'}"></Title>
                                                    <ToolbarSpacer></ToolbarSpacer>
                                                    <Button class="zBtnBlue" type="Emphasized" icon="sap-icon://add" press=".utilities.onOptionsAdd('/CVCSTExcListData', 'E')"></Button>
                                                    <Button class="zBtnBlue" text="Clear" type="Emphasized" width="3.5rem" tooltip="Clear Selection" press=".utilities.onOptionsClear('/CVCSTExcListData','E', '/CVCSTexclCount')"></Button>
                                                </content>
                                            </OverflowToolbar>
                                        </headerToolbar>
                                    </Panel>
                                </items>
                            </VBox>

                        </content>
                    </IconTabFilter>
                </items>
            </IconTabBar>
        </content>
        <buttons>
            <Button class="zBtnBlue" text="Ok" type="Emphasized" press=".utilities.onHandleMultiInpOk('SoldTo')"></Button>
            <Button class="zBtnBlue" text="Close" type="Emphasized" press=".utilities.onHandleMultiInpClose(false, 'SoldTo')"></Button>
        </buttons>
    </Dialog>
</core:FragmentDefinition>