<core:FragmentDefinition xmlns="sap.m"
    xmlns:form="sap.ui.layout.form"
    xmlns:core="sap.ui.core">
    <Dialog class="zNDialog" title="Release Immediate" contentWidth="300px" contentHeight="200px" horizontalScrolling="false" verticalScrolling="false">
        <content>
            <form:SimpleForm class="zSFormProfile" width="100%" editable="true" labelMinWidth="0" layout="ResponsiveGridLayout" labelSpanL="0" labelSpanM="0" labelSpanS="0" adjustLabelSpan="false" columnsXL="3" columnsM="3" breakpointL="1200" breakpointM="400">
                <form:content>
                    <core:Title text="Wave Number"/>
                    <Input class="zMInputProf1" value="{gridModel>/WaveNumRW}" width="25%" fieldWidth="20%"/>
                </form:content>
            </form:SimpleForm>
        </content>
        <beginButton>
            <Button class="zBtnBlue" text="Ok" type="Emphasized" press=".gridUtil.onWaveReleaseOk"/>
        </beginButton>
        <endButton>
            <Button class="zBtnBlue" text="Close" type="Emphasized" press=".gridUtil.dialogClose"/>
        </endButton>
    </Dialog>
</core:FragmentDefinition>