<core:FragmentDefinition xmlns="sap.m"
    xmlns:core="sap.ui.core"
    xmlns:form="sap.ui.layout.form">
                            <ScrollContainer id="ScrollContainer1" width="100%" height="100%" horizontal="false" vertical="true">
                                <content>
                                    <VBox id="VBox2_w" width="100%" direction="Column">
                                        <items>
                                            <Panel id="oPanelProfile_w" class="zPanel zPaddingLeft3 zPanelBorderB MPanelPBC sapUiSmallMarginBottom" width="80%" backgroundDesign="Transparent">
                                                <content>
                                                    <form:SimpleForm id="oSFormProfile_w" class="zForm zMainForm" maxContainerCols="4" width="100%" editable="true" layout="ResponsiveGridLayout" labelSpanL="12" labelSpanM="12" adjustLabelSpan="false" columnsXL="4" columnsL="4" columnsM="4" breakpointL="1200" breakpointM="400" title="Profile">
                                                        <form:content>
                                                            <core:Title id="oTitleP_Date_w"/>
                                                            <Label id="oProf_Lbl_Week_w" text="Week" required="true"/>
                                                            <Select id="oProfileForm_Week_w" class="zSecProf" change="onProfileWeek_w"/>

                                                            <core:Title id="oTitle_w"/>
                                                            <Label id="oProf_Lbl_Profile_w" text="Wave Profile" required="true"/>
                                                            <Select id="oProfileForm_Profile_w" class="zSecProf" change="onProfileChg_prof_w"/>

                                                            <core:Title id="oProfileForm_WAVE_Title_w"/>
                                                            <Label id="oProf_Lbl_WAVE_w" text="Wave" required="true"/>
                                                            <HBox id="WaveProf_HBox" class="sapUiMarginEnd">
                                                                <items>
                                                                    <VBox id="WaveProf_VBox1" class="sapUiTinyMarginEnd" width="84%" direction="Column">
                                                                        <items>
                                                                            <Select id="oProfileForm_WAVE_w" class="zSecProf" width="100%" forceSelection="false" change="onWaveChangeProfile"/>
                                                                        </items>
                                                                    </VBox>
                                                                    <VBox id="WaveprofRef_VBox"  width="10%" direction="Column">
                                                                        <items>
                                                                            <Button id="oProRefresh_Button" class="zBtnBlue" type="Emphasized" width="2rem" icon="sap-icon://refresh" press="onProfRefresh"/>
                                                                        </items>
                                                                    </VBox>
                                                                </items>
                                                            </HBox>
                                                            <core:Title id="oTitle_CO"/>
                                                            <Label id="LblCO_Text" text="Created on"/>
                                                            <Text id="CO_Text" visible="false"/>
                                                        </form:content>
                                                    </form:SimpleForm>
                                                </content>
                                            </Panel>
                                            <Panel id="Grid_Panel_w" class="zPanel zPanelBorderB">
                                                <content>
                                                    <Panel id="SummaryPanel" class="zPanel zPanelBorderB zPanelPLP80" expandable="true">
                                                        <content>
                                                            <VBox id="oVBoxRsumry" height="113px" direction="Column">
                                                                <items>
                                                                    <HBox id="HBox3" width="100%">
                                                                        <items>
                                                                            <VBox id="oVboxCVCSumry" class="zSchdHdrBGC" width="51.45%" direction="Column">
                                                                                <items>
                                                                                    <Toolbar id="RS1_Toolbar" class="zLeftPadding45 zSchdHdrBGC">
                                                                                        <content>
                                                                                            <Label id="RS1_Label" class="zSSLabel sapUiSmallMarginBegin" text="Wave Settings"/>
                                                                                            <core:Icon id="oRSV_Icon" src="sap-icon://fa-solid/info-circle" width="10px" press=".utilities.onPressSelectedVariants"/>
                                                                                            <ToolbarSpacer id="RS1_ToolbarSpacer3"/>
                                                                                            <Label id="SSHdr_Label_log" class="zSSLabel" text="Run Log"/>
                                                                                            <core:Icon id="SSSRSV1_Icon_log" src="sap-icon://fa-solid/info-circle" class="sapUiSmallMarginEnd" width="10px"/>
                                                                                        </content>
                                                                                    </Toolbar>
                                                                                    <HBox id="oHBoxRsumry" class="zLeftPadding45" width="100%" alignContent="Start">
                                                                                        <items>
                                                                                            <form:SimpleForm id="oSFormRsumry" class="zStrgRevHdrForm" maxContainerCols="5" layout="ResponsiveGridLayout" labelSpanL="5" labelSpanM="5" columnsL="5" columnsM="5" breakpointM="200">
                                                                                                <form:content>
                                                                                                    <core:Title id="oTitleRMPN" text="MPN"/>
                                                                                                    <HBox id="oRevSumMPN_HBox1" width="6rem" fitContainer="true">
                                                                                                        <items>
                                                                                                            <Text id="oRMPN_Text" wrapping="false" width="5rem"/>
                                                                                                            <core:Icon id="oRMPN_Icon" class="zIconSumry" src="sap-icon://fa-regular/question-circle" size="12px"/>
                                                                                                        </items>
                                                                                                    </HBox>
                                                                                                    <core:Title id="oTitleROPSSubc" text="OPS Subclass"/>
                                                                                                    <HBox id="oRevSumOPS_HBox" width="6rem">
                                                                                                        <items>
                                                                                                            <Text id="oTextROPS_Text" wrapping="false" width="5rem"/>
                                                                                                            <core:Icon id="oROPS_Icon" class="zIconSumry" src="sap-icon://fa-regular/question-circle" size="12px"/>
                                                                                                        </items>
                                                                                                    </HBox>
                                                                                                    <core:Title id="oTitleRSalesOrg" text="Sales Org"/>
                                                                                                    <HBox id="oRevSumSO_HBox" width="6rem">
                                                                                                        <items>
                                                                                                            <Text id="oRSalesOrg_Text" wrapping="false" width="5rem"/>
                                                                                                            <core:Icon id="oRSalesOrg_Icon" class="zIconSumry" src="sap-icon://fa-regular/question-circle" size="12px"/>
                                                                                                        </items>
                                                                                                    </HBox>
                                                                                                    <core:Title id="oTitleRDC" text="Dist. Channel"/>
                                                                                                    <HBox id="oRevSumDC_HBox">
                                                                                                        <items>
                                                                                                            <Text id="oRDC_Text" wrapping="false" width="8rem"/>
                                                                                                            <core:Icon id="oRDC_Icon" class="zIconSumry" src="sap-icon://fa-regular/question-circle" size="12px"/>
                                                                                                        </items>
                                                                                                    </HBox>
                                                                                                    <core:Title id="oTitleRSoldTo" text="Sold To"/>
                                                                                                    <HBox id="oRevSumST_HBox" width="6rem">
                                                                                                        <items>
                                                                                                            <Text id="oRSoldTo_Text" wrapping="false" width="5rem"/>
                                                                                                            <core:Icon id="oRSoldTo_Icon" class="zIconSumry" src="sap-icon://fa-regular/question-circle" size="12px"/>
                                                                                                        </items>
                                                                                                    </HBox>
                                                                                                </form:content>
                                                                                            </form:SimpleForm>
                                                                                        </items>
                                                                                    </HBox>
                                                                                </items>
                                                                            </VBox>
                                                                            <VBox id="oVboxStratSumry" class="zSchdHdrBGC sapUiTinyMarginBegin" width="47.93%" direction="Column">
                                                                                <items>
                                                                                    <Toolbar id="RS2_Toolbar" class="zSchdHdrBGC">
                                                                                        <content>
                                                                                            <Label id="RS2_Label" class="zSSLabel sapUiSmallMarginBegin" text="Strategy Details"/>
                                                                                            <core:Icon id="oRSStrgDet_Icon" src="sap-icon://fa-solid/info-circle" width="10px"/>
                                                                                        </content>
                                                                                    </Toolbar>
                                                                                    <HBox id="oHBoxRsumrystg" class="zSchdHdrBGC" width="100%" fitContainer="true">
                                                                                        <items>
                                                                                            <form:SimpleForm id="oSFormRsumrystg" class="zStrgRevHdrForm" maxContainerCols="5" width="100%" layout="ResponsiveGridLayout" labelSpanL="1" labelSpanM="1" columnsL="5" columnsM="5" breakpointM="200">
                                                                                                <form:content>
                                                                                                    <core:Title id="oTitleRStartegy" text="Strategy"/>
                                                                                                    <Text id="oTextRStartegy" width="15rem"/>
                                                                                                    <core:Title id="oTitleRelease" text="Release"/>
                                                                                                    <Text id="SRel_Text" wrapping="false" width="5rem"/>
                                                                                                    <core:Title id="oRSBL_Title" text="Backlog Cap"/>
                                                                                                    <Text id="oRSBL_Text"/>
                                                                                                    <core:Title id="oRSBP_Title" text="Base Plan"/>
                                                                                                    <Text id="oRSBP_Text"/>
                                                                                                    <core:Title id="oSupplyTilte" text="Supply(Plant)"/>
                                                                                                    <HBox id="S_HBox_Supply" width="6rem">
                                                                                                        <items>
                                                                                                            <Text id="S_Text_Supply" wrapping="false" width="5rem"/>
                                                                                                            <core:Icon id="S_Icon_Supply" class="zIconSumry" src="sap-icon://fa-regular/question-circle" size="12px"/>
                                                                                                        </items>
                                                                                                    </HBox>
                                                                                                </form:content>
                                                                                            </form:SimpleForm>
                                                                                        </items>
                                                                                    </HBox>
                                                                                </items>
                                                                            </VBox>
                                                                        </items>
                                                                    </HBox>
                                                                </items>
                                                            </VBox>
                                                        </content>
                                                        <headerToolbar>
                                                            <Toolbar id="SumP_Toolbar">
                                                                <customData>
                                                                    <core:CustomData key="sap-ui-fastnavgroup" value="true" writeToDom="true"/>
                                                                </customData>
                                                                <content>
                                                                    <Label id="SSHdr_Label" class="zcvclabel" text="Wave Information"/>
                                                                </content>
                                                            </Toolbar>
                                                        </headerToolbar>
                                                    </Panel>
                                                </content>
                                            </Panel>
                                            <Panel id="PanelWaveGrid" class="zPanel zPanelBorderB zpanelAGW sapUiMediumMarginBeginEnd" visible="false">
                                                <content>
                                                    <VBox id="oVBoxCardbut_w" class="zPaddingLeftP5" visible="false" direction="Column">
                                                        <items>
                                                            <Toolbar id="oToolbarcard_w" height="2.5rem">
                                                                <content>
                                                                    <ToolbarSpacer id="ToolbarSpacer_w"/>
                                                                    <Button id="oButtondown_w" class="zBtnBlue" type="Emphasized" icon="sap-icon://download" press=".gridUtil.onWaveDownloadPress"/>
                                                                    <Select id="oSelectGridvarWave" class="zDropDownBR" visible="false" forceSelection="false" change=".gridUtil.oSelectGridvarWaveChange($event,'AG_GRID_WAVE')"/>
                                                                    <Button id="oButtonsetW" class="zBtnBlue" type="Emphasized" icon="sap-icon://key-user-settings" press=".gridUtil.onGridVariantPress('KWAVE', $controller)"/>
                                                                </content>
                                                            </Toolbar>
                                                            <HBox id="oHBoxWave" class="zFlxHdrWidth">
                                                                <items>
                                                                    <core:HTML id="oGrid_HTM_w"/>
                                                                </items>
                                                            </HBox>
                                                        </items>
                                                    </VBox>
                                                </content>
                                            </Panel>
                                        </items>
                                    </VBox>
                                </content>
                            </ScrollContainer>
</core:FragmentDefinition>   



        
        
        
