{
    "DisplayMode": true,
    "editSaveTrigger": false,
    "createAccess": false,
    "editAccess": false,
    "displayAccess": false,
    "SelectedTabConfig": {
        "keyME": {
            "ServiceEntitySet": "materialextension",
            "i18nHeaderProperty": "meHeader",
            "FilterID": "container-masterdataconfigsetting---PrimaryData--meFragment--idsmartFilterBar",
            "TableID": "container-masterdataconfigsetting---PrimaryData--meFragment--idsmartTable",
            "DateFields": {},
            "BooleanFields" : {
                "Mark_For_Deletion" : true
            }
        },
        "keySL": {
            "ServiceEntitySet": "sourcelist",
            "i18nHeaderProperty": "slHeader",
            "FilterID": "container-masterdataconfigsetting---PrimaryData--slFragment--idsmartFilterBar",
            "TableID": "container-masterdataconfigsetting---PrimaryData--slFragment--idsmartTable",
            "DateFields": {
                "Created_On": true,
                "Valid_From": true,
                "Valid_To": true
            },
            "BooleanFields" : {
                "Mark_For_Deletion" : true
            }
        }
    }
}