{
    "d": {
        "results": [
            {
                "__metadata": {
                    "id": "https://olympusoem-dev-cp.corp.apple.com:10443/odata/v2/ConfigSettings/DisplaySupplierShipTOFromAddr('00013202P')",
                    "uri": "https://olympusoem-dev-cp.corp.apple.com:10443/odata/v2/ConfigSettings/DisplaySupplierShipTOFromAddr('00013202P')",
                    "type": "ConfigSettings.DisplaySupplierShipTOFromAddr"
                },
                "Vendor": "00013202P"
            },
            {
                "__metadata": {
                    "id": "https://olympusoem-dev-cp.corp.apple.com:10443/odata/v2/ConfigSettings/DisplaySupplierShipTOFromAddr('00029514P')",
                    "uri": "https://olympusoem-dev-cp.corp.apple.com:10443/odata/v2/ConfigSettings/DisplaySupplierShipTOFromAddr('00029514P')",
                    "type": "ConfigSettings.DisplaySupplierShipTOFromAddr"
                },
                "Vendor": "00029514P"
            },
            {
                "__metadata": {
                    "id": "https://olympusoem-dev-cp.corp.apple.com:10443/odata/v2/ConfigSettings/DisplaySupplierShipTOFromAddr('00233101P')",
                    "uri": "https://olympusoem-dev-cp.corp.apple.com:10443/odata/v2/ConfigSettings/DisplaySupplierShipTOFromAddr('00233101P')",
                    "type": "ConfigSettings.DisplaySupplierShipTOFromAddr"
                },
                "Vendor": "00233101P"
            },
            {
                "__metadata": {
                    "id": "https://olympusoem-dev-cp.corp.apple.com:10443/odata/v2/ConfigSettings/DisplaySupplierShipTOFromAddr('00312101P')",
                    "uri": "https://olympusoem-dev-cp.corp.apple.com:10443/odata/v2/ConfigSettings/DisplaySupplierShipTOFromAddr('00312101P')",
                    "type": "ConfigSettings.DisplaySupplierShipTOFromAddr"
                },
                "Vendor": "00312101P"
            },
            {
                "__metadata": {
                    "id": "https://olympusoem-dev-cp.corp.apple.com:10443/odata/v2/ConfigSettings/DisplaySupplierShipTOFromAddr('00456701P')",
                    "uri": "https://olympusoem-dev-cp.corp.apple.com:10443/odata/v2/ConfigSettings/DisplaySupplierShipTOFromAddr('00456701P')",
                    "type": "ConfigSettings.DisplaySupplierShipTOFromAddr"
                },
                "Vendor": "00456701P"
            },
            {
                "__metadata": {
                    "id": "https://olympusoem-dev-cp.corp.apple.com:10443/odata/v2/ConfigSettings/DisplaySupplierShipTOFromAddr('00588601PD')",
                    "uri": "https://olympusoem-dev-cp.corp.apple.com:10443/odata/v2/ConfigSettings/DisplaySupplierShipTOFromAddr('00588601PD')",
                    "type": "ConfigSettings.DisplaySupplierShipTOFromAddr"
                },
                "Vendor": "00588601PD"
            },
            {
                "__metadata": {
                    "id": "https://olympusoem-dev-cp.corp.apple.com:10443/odata/v2/ConfigSettings/DisplaySupplierShipTOFromAddr('5601')",
                    "uri": "https://olympusoem-dev-cp.corp.apple.com:10443/odata/v2/ConfigSettings/DisplaySupplierShipTOFromAddr('5601')",
                    "type": "ConfigSettings.DisplaySupplierShipTOFromAddr"
                },
                "Vendor": "5601"
            },
            {
                "__metadata": {
                    "id": "https://olympusoem-dev-cp.corp.apple.com:10443/odata/v2/ConfigSettings/DisplaySupplierShipTOFromAddr('7250')",
                    "uri": "https://olympusoem-dev-cp.corp.apple.com:10443/odata/v2/ConfigSettings/DisplaySupplierShipTOFromAddr('7250')",
                    "type": "ConfigSettings.DisplaySupplierShipTOFromAddr"
                },
                "Vendor": "7250"
            },
            {
                "__metadata": {
                    "id": "https://olympusoem-dev-cp.corp.apple.com:10443/odata/v2/ConfigSettings/DisplaySupplierShipTOFromAddr('P0056SRV')",
                    "uri": "https://olympusoem-dev-cp.corp.apple.com:10443/odata/v2/ConfigSettings/DisplaySupplierShipTOFromAddr('P0056SRV')",
                    "type": "ConfigSettings.DisplaySupplierShipTOFromAddr"
                },
                "Vendor": "P0056SRV"
            },
            {
                "__metadata": {
                    "id": "https://olympusoem-dev-cp.corp.apple.com:10443/odata/v2/ConfigSettings/DisplaySupplierShipTOFromAddr('P0056SRVR')",
                    "uri": "https://olympusoem-dev-cp.corp.apple.com:10443/odata/v2/ConfigSettings/DisplaySupplierShipTOFromAddr('P0056SRVR')",
                    "type": "ConfigSettings.DisplaySupplierShipTOFromAddr"
                },
                "Vendor": "P0056SRVR"
            },
            {
                "__metadata": {
                    "id": "https://olympusoem-dev-cp.corp.apple.com:10443/odata/v2/ConfigSettings/DisplaySupplierShipTOFromAddr('P0056SRVRI')",
                    "uri": "https://olympusoem-dev-cp.corp.apple.com:10443/odata/v2/ConfigSettings/DisplaySupplierShipTOFromAddr('P0056SRVRI')",
                    "type": "ConfigSettings.DisplaySupplierShipTOFromAddr"
                },
                "Vendor": "P0056SRVRI"
            },
            {
                "__metadata": {
                    "id": "https://olympusoem-dev-cp.corp.apple.com:10443/odata/v2/ConfigSettings/DisplaySupplierShipTOFromAddr('P0056SRVV')",
                    "uri": "https://olympusoem-dev-cp.corp.apple.com:10443/odata/v2/ConfigSettings/DisplaySupplierShipTOFromAddr('P0056SRVV')",
                    "type": "ConfigSettings.DisplaySupplierShipTOFromAddr"
                },
                "Vendor": "P0056SRVV"
            },
            {
                "__metadata": {
                    "id": "https://olympusoem-dev-cp.corp.apple.com:10443/odata/v2/ConfigSettings/DisplaySupplierShipTOFromAddr('P0061')",
                    "uri": "https://olympusoem-dev-cp.corp.apple.com:10443/odata/v2/ConfigSettings/DisplaySupplierShipTOFromAddr('P0061')",
                    "type": "ConfigSettings.DisplaySupplierShipTOFromAddr"
                },
                "Vendor": "P0061"
            },
            {
                "__metadata": {
                    "id": "https://olympusoem-dev-cp.corp.apple.com:10443/odata/v2/ConfigSettings/DisplaySupplierShipTOFromAddr('P0062')",
                    "uri": "https://olympusoem-dev-cp.corp.apple.com:10443/odata/v2/ConfigSettings/DisplaySupplierShipTOFromAddr('P0062')",
                    "type": "ConfigSettings.DisplaySupplierShipTOFromAddr"
                },
                "Vendor": "P0062"
            },
            {
                "__metadata": {
                    "id": "https://olympusoem-dev-cp.corp.apple.com:10443/odata/v2/ConfigSettings/DisplaySupplierShipTOFromAddr('P0063')",
                    "uri": "https://olympusoem-dev-cp.corp.apple.com:10443/odata/v2/ConfigSettings/DisplaySupplierShipTOFromAddr('P0063')",
                    "type": "ConfigSettings.DisplaySupplierShipTOFromAddr"
                },
                "Vendor": "P0063"
            },
            {
                "__metadata": {
                    "id": "https://olympusoem-dev-cp.corp.apple.com:10443/odata/v2/ConfigSettings/DisplaySupplierShipTOFromAddr('P0064')",
                    "uri": "https://olympusoem-dev-cp.corp.apple.com:10443/odata/v2/ConfigSettings/DisplaySupplierShipTOFromAddr('P0064')",
                    "type": "ConfigSettings.DisplaySupplierShipTOFromAddr"
                },
                "Vendor": "P0064"
            },
            {
                "__metadata": {
                    "id": "https://olympusoem-dev-cp.corp.apple.com:10443/odata/v2/ConfigSettings/DisplaySupplierShipTOFromAddr('P0065')",
                    "uri": "https://olympusoem-dev-cp.corp.apple.com:10443/odata/v2/ConfigSettings/DisplaySupplierShipTOFromAddr('P0065')",
                    "type": "ConfigSettings.DisplaySupplierShipTOFromAddr"
                },
                "Vendor": "P0065"
            }
        ]
    }
}