{
    "d": {
        "results": [
            {
                "__metadata": {
                    "id": "https://olympusoem-dev-cp.corp.apple.com:10443/odata/v2/ConfigSettings/shiptofromaddress('00013202P')",
                    "uri": "https://olympusoem-dev-cp.corp.apple.com:10443/odata/v2/ConfigSettings/shiptofromaddress('00013202P')",
                    "type": "ConfigSettings.shiptofromaddress"
                },
                "Vendor": "00013202P",
                "Name1": "cherish Lin",
                "Name2": "Cherish Lin",
                "City": "Santa Clara",
                "Postal_Code": "95054-1519",
                "Region": "CA",
                "Sort_Field": "12345",
                "Street_House_NO": "2051 MISSION COLLEGE BL",
                "Telephone": "+1 111 000 4119",
                "Fax": "NULL",
                "Mark_For_Deletion": false
            },
            {
                "__metadata": {
                    "id": "https://olympusoem-dev-cp.corp.apple.com:10443/odata/v2/ConfigSettings/shiptofromaddress('00233101P')",
                    "uri": "https://olympusoem-dev-cp.corp.apple.com:10443/odata/v2/ConfigSettings/shiptofromaddress('00233101P')",
                    "type": "ConfigSettings.shiptofromaddress"
                },
                "Vendor": "00233101P",
                "Name1": "JOHN100000011793 J&J Company Test1",
                "Name2": "John and John Company10000001218 Te",
                "City": "CUPERTINO",
                "Postal_Code": "95014",
                "Region": "1",
                "Sort_Field": null,
                "Street_House_NO": "1 Infinite Loop",
                "Telephone": "+1 213 555 9854",
                "Fax": "+1-212-9876543",
                "Mark_For_Deletion": false
            },
            {
                "__metadata": {
                    "id": "https://olympusoem-dev-cp.corp.apple.com:10443/odata/v2/ConfigSettings/shiptofromaddress('00312101P')",
                    "uri": "https://olympusoem-dev-cp.corp.apple.com:10443/odata/v2/ConfigSettings/shiptofromaddress('00312101P')",
                    "type": "ConfigSettings.shiptofromaddress"
                },
                "Vendor": "00312101P",
                "Name1": "NAVARRE CO",
                "Name2": "Navarre",
                "City": "New Hope",
                "Postal_Code": "55428-4258",
                "Region": "MN",
                "Sort_Field": "123",
                "Street_House_NO": "7400 49th Ave . N",
                "Telephone": "+1 111 856 3422",
                "Fax": "+1-212-9876546",
                "Mark_For_Deletion": false
            },
            {
                "__metadata": {
                    "id": "https://olympusoem-dev-cp.corp.apple.com:10443/odata/v2/ConfigSettings/shiptofromaddress('00456701P')",
                    "uri": "https://olympusoem-dev-cp.corp.apple.com:10443/odata/v2/ConfigSettings/shiptofromaddress('00456701P')",
                    "type": "ConfigSettings.shiptofromaddress"
                },
                "Vendor": "00456701P",
                "Name1": "cherish Lin",
                "Name2": "Cherish Lin",
                "City": "Dunstable",
                "Postal_Code": "LU5 4TS",
                "Region": "CO",
                "Sort_Field": "test",
                "Street_House_NO": "UNIT 19, Woodside estate",
                "Telephone": "+1 213 555 3478",
                "Fax": "+1-212-9876544",
                "Mark_For_Deletion": false
            },
            {
                "__metadata": {
                    "id": "https://olympusoem-dev-cp.corp.apple.com:10443/odata/v2/ConfigSettings/shiptofromaddress('00588601PD')",
                    "uri": "https://olympusoem-dev-cp.corp.apple.com:10443/odata/v2/ConfigSettings/shiptofromaddress('00588601PD')",
                    "type": "ConfigSettings.shiptofromaddress"
                },
                "Vendor": "00588601PD",
                "Name1": "AMERICA CORP.",
                "Name2": null,
                "City": "Rancho Dominguez",
                "Postal_Code": "90221-5607",
                "Region": "CA",
                "Sort_Field": "IDEMIA",
                "Street_House_NO": "3150 E, ANA ST",
                "Telephone": null,
                "Fax": null,
                "Mark_For_Deletion": false
            },
            {
                "__metadata": {
                    "id": "https://olympusoem-dev-cp.corp.apple.com:10443/odata/v2/ConfigSettings/shiptofromaddress('7250')",
                    "uri": "https://olympusoem-dev-cp.corp.apple.com:10443/odata/v2/ConfigSettings/shiptofromaddress('7250')",
                    "type": "ConfigSettings.shiptofromaddress"
                },
                "Vendor": "7250",
                "Name1": "Apple Distribution Int. Ltd.",
                "Name2": "HighTech Log",
                "City": "Breda",
                "Postal_Code": "4824 AE",
                "Region": "ZZ",
                "Sort_Field": null,
                "Street_House_NO": "Hekven 6 3619",
                "Telephone": "+1 111 555 6087",
                "Fax": "+1-212-9876543",
                "Mark_For_Deletion": false
            },
            {
                "__metadata": {
                    "id": "https://olympusoem-dev-cp.corp.apple.com:10443/odata/v2/ConfigSettings/shiptofromaddress('P0056SRV')",
                    "uri": "https://olympusoem-dev-cp.corp.apple.com:10443/odata/v2/ConfigSettings/shiptofromaddress('P0056SRV')",
                    "type": "ConfigSettings.shiptofromaddress"
                },
                "Vendor": "P0056SRV",
                "Name1": "APPLE INC.",
                "Name2": "Apple Inc",
                "City": "Elk Grove",
                "Postal_Code": "95624",
                "Region": "CA",
                "Sort_Field": "test123",
                "Street_House_NO": "Stevens creek blvd",
                "Telephone": "+1 213 555 4087",
                "Fax": "+1-212-9876543",
                "Mark_For_Deletion": false
            },
            {
                "__metadata": {
                    "id": "https://olympusoem-dev-cp.corp.apple.com:10443/odata/v2/ConfigSettings/shiptofromaddress('P0056SRVR')",
                    "uri": "https://olympusoem-dev-cp.corp.apple.com:10443/odata/v2/ConfigSettings/shiptofromaddress('P0056SRVR')",
                    "type": "ConfigSettings.shiptofromaddress"
                },
                "Vendor": "P0056SRVR",
                "Name1": "Product Apple",
                "Name2": "Apple Inc",
                "City": "NewYork",
                "Postal_Code": "95624",
                "Region": "CA",
                "Sort_Field": "test123",
                "Street_House_NO": "Stevens creek blvd",
                "Telephone": "+1 213 555 4087",
                "Fax": "+1-212-9876543",
                "Mark_For_Deletion": false
            },
            {
                "__metadata": {
                    "id": "https://olympusoem-dev-cp.corp.apple.com:10443/odata/v2/ConfigSettings/shiptofromaddress('P0056SRVRI')",
                    "uri": "https://olympusoem-dev-cp.corp.apple.com:10443/odata/v2/ConfigSettings/shiptofromaddress('P0056SRVRI')",
                    "type": "ConfigSettings.shiptofromaddress"
                },
                "Vendor": "P0056SRVRI",
                "Name1": "Product Apple",
                "Name2": "Apple Inc",
                "City": "NewYork",
                "Postal_Code": "95624",
                "Region": "CA",
                "Sort_Field": "test123",
                "Street_House_NO": "Stevens creek blvd",
                "Telephone": "+1 213 555 4087",
                "Fax": "+1-212-9876543",
                "Mark_For_Deletion": false
            },
            {
                "__metadata": {
                    "id": "https://olympusoem-dev-cp.corp.apple.com:10443/odata/v2/ConfigSettings/shiptofromaddress('P0056SRVV')",
                    "uri": "https://olympusoem-dev-cp.corp.apple.com:10443/odata/v2/ConfigSettings/shiptofromaddress('P0056SRVV')",
                    "type": "ConfigSettings.shiptofromaddress"
                },
                "Vendor": "P0056SRVV",
                "Name1": "Product Apple",
                "Name2": "Apple Inc",
                "City": "NewYork",
                "Postal_Code": "95624",
                "Region": "CA",
                "Sort_Field": "test123",
                "Street_House_NO": "Stevens creek blvd",
                "Telephone": "+1 213 555 4087",
                "Fax": "+1-212-9876543",
                "Mark_For_Deletion": false
            },
            {
                "__metadata": {
                    "id": "https://olympusoem-dev-cp.corp.apple.com:10443/odata/v2/ConfigSettings/shiptofromaddress('P0062')",
                    "uri": "https://olympusoem-dev-cp.corp.apple.com:10443/odata/v2/ConfigSettings/shiptofromaddress('P0062')",
                    "type": "ConfigSettings.shiptofromaddress"
                },
                "Vendor": "P0062",
                "Name1": "ABC Inc",
                "Name2": "ABC Inc",
                "City": "Austin",
                "Postal_Code": "78754-5206",
                "Region": "RZ",
                "Sort_Field": null,
                "Street_House_NO": "Road Loop",
                "Telephone": "+1 213 555 0023",
                "Fax": "1-212-9877829",
                "Mark_For_Deletion": false
            },
            {
                "__metadata": {
                    "id": "https://olympusoem-dev-cp.corp.apple.com:10443/odata/v2/ConfigSettings/shiptofromaddress('P0064')",
                    "uri": "https://olympusoem-dev-cp.corp.apple.com:10443/odata/v2/ConfigSettings/shiptofromaddress('P0064')",
                    "type": "ConfigSettings.shiptofromaddress"
                },
                "Vendor": "P0064",
                "Name1": "Nomax",
                "Name2": "Nomax ltd",
                "City": "Newyork",
                "Postal_Code": "78754-5213",
                "Region": "LA",
                "Sort_Field": "nomax",
                "Street_House_NO": "Loop road",
                "Telephone": "+1 213 555 0024",
                "Fax": "1-212-9877830",
                "Mark_For_Deletion": false
            },
            {
                "__metadata": {
                    "id": "https://olympusoem-dev-cp.corp.apple.com:10443/odata/v2/ConfigSettings/shiptofromaddress('P0065')",
                    "uri": "https://olympusoem-dev-cp.corp.apple.com:10443/odata/v2/ConfigSettings/shiptofromaddress('P0065')",
                    "type": "ConfigSettings.shiptofromaddress"
                },
                "Vendor": "P0065",
                "Name1": "APPLE INC",
                "Name2": "Apple Inc",
                "City": "Austin",
                "Postal_Code": "78754-5205",
                "Region": "TX",
                "Sort_Field": null,
                "Street_House_NO": "1 Infinite Loop",
                "Telephone": "+1 213 555 3912",
                "Fax": "+1-212-9876548",
                "Mark_For_Deletion": false
            }
        ]
    }
}