{
    "d": {
        "results": [
            {
                "__metadata": {
                    "id": "https://olympusoem-dev-cp.corp.apple.com:10443/odata/v2/API/POHeaders('0350161066')",
                    "uri": "https://olympusoem-dev-cp.corp.apple.com:10443/odata/v2/API/POHeaders('0350161066')",
                    "type": "API.POHeaders"
                },
                "PO": "0618248265",
                "Company_Code": "0056",
                "Created_On": "20201207",
                "Created_By": "C5200749PG",
                "Vendor": "00560VEN1",
                "Doc_Date": "20201206",
                "Status": "PARTIALLY SHIPPED"
            },
            {
                "__metadata": {
                    "id": "https://olympusoem-dev-cp.corp.apple.com:10443/odata/v2/API/POHeaders('0350162157')",
                    "uri": "https://olympusoem-dev-cp.corp.apple.com:10443/odata/v2/API/POHeaders('0350162157')",
                    "type": "API.POHeaders"
                },
                "PO": "0350162157",
                "Company_Code": "0056",
                "Created_On": "20210107",
                "Created_By": "C5200749PG",
                "Vendor": "00560VEN1",
                "Doc_Date": "20201206",
                "Status": "OPEN"
            },
            {
                "__metadata": {
                    "id": "https://olympusoem-dev-cp.corp.apple.com:10443/odata/v2/API/POHeaders('0350164338')",
                    "uri": "https://olympusoem-dev-cp.corp.apple.com:10443/odata/v2/API/POHeaders('0350164338')",
                    "type": "API.POHeaders"
                },
                "PO": "0350164338",
                "Company_Code": "0056",
                "Created_On": "20201206",
                "Created_By": "C5200749PG",
                "Vendor": "00560VEN1",
                "Doc_Date": "20201206",
                "Status": "PARTIALLY SHIPPED"
            },
            {
                "__metadata": {
                    "id": "https://olympusoem-dev-cp.corp.apple.com:10443/odata/v2/API/POHeaders('0410216115')",
                    "uri": "https://olympusoem-dev-cp.corp.apple.com:10443/odata/v2/API/POHeaders('0410216115')",
                    "type": "API.POHeaders"
                },
                "PO": "0410216115",
                "Company_Code": "0056",
                "Created_On": "20181011",
                "Created_By": "C1203607LS",
                "Vendor": "00414202P",
                "Doc_Date": "20181011",
                "Status": "OPEN"
            },
            {
                "__metadata": {
                    "id": "https://olympusoem-dev-cp.corp.apple.com:10443/odata/v2/API/POHeaders('0470000000')",
                    "uri": "https://olympusoem-dev-cp.corp.apple.com:10443/odata/v2/API/POHeaders('0470000000')",
                    "type": "API.POHeaders"
                },
                "PO": "0470000000",
                "Company_Code": "0056",
                "Created_On": "19990923",
                "Created_By": "V64080RV",
                "Vendor": "00029200A",
                "Doc_Date": "19990923",
                "Status": "SHIPPED"
            },
            {
                "__metadata": {
                    "id": "https://olympusoem-dev-cp.corp.apple.com:10443/odata/v2/API/POHeaders('0470000001')",
                    "uri": "https://olympusoem-dev-cp.corp.apple.com:10443/odata/v2/API/POHeaders('0470000001')",
                    "type": "API.POHeaders"
                },
                "PO": "0470000001",
                "Company_Code": "0056",
                "Created_On": "19990923",
                "Created_By": "V64080RV",
                "Vendor": "00029200A",
                "Doc_Date": "19990923",
                "Status": "PARTIALLY SHIPPED"
            },
            {
                "__metadata": {
                    "id": "https://olympusoem-dev-cp.corp.apple.com:10443/odata/v2/API/POHeaders('0470000002')",
                    "uri": "https://olympusoem-dev-cp.corp.apple.com:10443/odata/v2/API/POHeaders('0470000002')",
                    "type": "API.POHeaders"
                },
                "PO": "0470000002",
                "Company_Code": "0056",
                "Created_On": "19990923",
                "Created_By": "V64080RV",
                "Vendor": "00029200A",
                "Doc_Date": "19990923",
                "Status": "SHIPPED"
            },
            {
                "__metadata": {
                    "id": "https://olympusoem-dev-cp.corp.apple.com:10443/odata/v2/API/POHeaders('0470000024')",
                    "uri": "https://olympusoem-dev-cp.corp.apple.com:10443/odata/v2/API/POHeaders('0470000024')",
                    "type": "API.POHeaders"
                },
                "PO": "0470000024",
                "Company_Code": "0056",
                "Created_On": "20000503",
                "Created_By": "E0022078",
                "Vendor": "0080000021",
                "Doc_Date": "20000503",
                "Status": "SHIPPED"
            },
            {
                "__metadata": {
                    "id": "https://olympusoem-dev-cp.corp.apple.com:10443/odata/v2/API/POHeaders('0470000034')",
                    "uri": "https://olympusoem-dev-cp.corp.apple.com:10443/odata/v2/API/POHeaders('0470000034')",
                    "type": "API.POHeaders"
                },
                "PO": "0470000034",
                "Company_Code": "0056",
                "Created_On": "20030127",
                "Created_By": "V23755SP",
                "Vendor": "0080000010",
                "Doc_Date": "20030128",
                "Status": "SHIPPED"
            },
            {
                "__metadata": {
                    "id": "https://olympusoem-dev-cp.corp.apple.com:10443/odata/v2/API/POHeaders('0470000092')",
                    "uri": "https://olympusoem-dev-cp.corp.apple.com:10443/odata/v2/API/POHeaders('0470000092')",
                    "type": "API.POHeaders"
                },
                "PO": "0470000092",
                "Company_Code": "0056",
                "Created_On": "20030127",
                "Created_By": "V23755SP",
                "Vendor": "0080000001",
                "Doc_Date": "20030127",
                "Status": "SHIPPED"
            },
            {
                "__metadata": {
                    "id": "https://olympusoem-dev-cp.corp.apple.com:10443/odata/v2/API/POHeaders('0470000118')",
                    "uri": "https://olympusoem-dev-cp.corp.apple.com:10443/odata/v2/API/POHeaders('0470000118')",
                    "type": "API.POHeaders"
                },
                "PO": "0470000118",
                "Company_Code": "0056",
                "Created_On": "20030127",
                "Created_By": "V23755SP",
                "Vendor": "0080000007",
                "Doc_Date": "20030127",
                "Status": "SHIPPED"
            },
            {
                "__metadata": {
                    "id": "https://olympusoem-dev-cp.corp.apple.com:10443/odata/v2/API/POHeaders('0470000135')",
                    "uri": "https://olympusoem-dev-cp.corp.apple.com:10443/odata/v2/API/POHeaders('0470000135')",
                    "type": "API.POHeaders"
                },
                "PO": "0470000135",
                "Company_Code": "0056",
                "Created_On": "20030128",
                "Created_By": "V23755SP",
                "Vendor": "0080000004",
                "Doc_Date": "20030128",
                "Status": "SHIPPED"
            },
            {
                "__metadata": {
                    "id": "https://olympusoem-dev-cp.corp.apple.com:10443/odata/v2/API/POHeaders('0470000136')",
                    "uri": "https://olympusoem-dev-cp.corp.apple.com:10443/odata/v2/API/POHeaders('0470000136')",
                    "type": "API.POHeaders"
                },
                "PO": "0470000136",
                "Company_Code": "0056",
                "Created_On": "20030128",
                "Created_By": "V23755SP",
                "Vendor": "0080000005",
                "Doc_Date": "20030128",
                "Status": "SHIPPED"
            },
            {
                "__metadata": {
                    "id": "https://olympusoem-dev-cp.corp.apple.com:10443/odata/v2/API/POHeaders('0470000137')",
                    "uri": "https://olympusoem-dev-cp.corp.apple.com:10443/odata/v2/API/POHeaders('0470000137')",
                    "type": "API.POHeaders"
                },
                "PO": "0470000137",
                "Company_Code": "0056",
                "Created_On": "20030128",
                "Created_By": "V23755SP",
                "Vendor": "0080000006",
                "Doc_Date": "20030128",
                "Status": "SHIPPED"
            },
            {
                "__metadata": {
                    "id": "https://olympusoem-dev-cp.corp.apple.com:10443/odata/v2/API/POHeaders('0470000138')",
                    "uri": "https://olympusoem-dev-cp.corp.apple.com:10443/odata/v2/API/POHeaders('0470000138')",
                    "type": "API.POHeaders"
                },
                "PO": "0470000138",
                "Company_Code": "0056",
                "Created_On": "20030128",
                "Created_By": "V23755SP",
                "Vendor": "0080000007",
                "Doc_Date": "20030128",
                "Status": "SHIPPED"
            },
            {
                "__metadata": {
                    "id": "https://olympusoem-dev-cp.corp.apple.com:10443/odata/v2/API/POHeaders('0470000139')",
                    "uri": "https://olympusoem-dev-cp.corp.apple.com:10443/odata/v2/API/POHeaders('0470000139')",
                    "type": "API.POHeaders"
                },
                "PO": "0470000139",
                "Company_Code": "0056",
                "Created_On": "20030128",
                "Created_By": "V23755SP",
                "Vendor": "0080000008",
                "Doc_Date": "20030128",
                "Status": "SHIPPED"
            },
            {
                "__metadata": {
                    "id": "https://olympusoem-dev-cp.corp.apple.com:10443/odata/v2/API/POHeaders('0470000140')",
                    "uri": "https://olympusoem-dev-cp.corp.apple.com:10443/odata/v2/API/POHeaders('0470000140')",
                    "type": "API.POHeaders"
                },
                "PO": "0470000140",
                "Company_Code": "0056",
                "Created_On": "20030128",
                "Created_By": "V23755SP",
                "Vendor": "0080000009",
                "Doc_Date": "20030128",
                "Status": "SHIPPED"
            },
            {
                "__metadata": {
                    "id": "https://olympusoem-dev-cp.corp.apple.com:10443/odata/v2/API/POHeaders('0470000141')",
                    "uri": "https://olympusoem-dev-cp.corp.apple.com:10443/odata/v2/API/POHeaders('0470000141')",
                    "type": "API.POHeaders"
                },
                "PO": "0470000141",
                "Company_Code": "0056",
                "Created_On": "20030128",
                "Created_By": "V23755SP",
                "Vendor": "0080000010",
                "Doc_Date": "20030128",
                "Status": "SHIPPED"
            },
            {
                "__metadata": {
                    "id": "https://olympusoem-dev-cp.corp.apple.com:10443/odata/v2/API/POHeaders('0470000142')",
                    "uri": "https://olympusoem-dev-cp.corp.apple.com:10443/odata/v2/API/POHeaders('0470000142')",
                    "type": "API.POHeaders"
                },
                "PO": "0470000142",
                "Company_Code": "0056",
                "Created_On": "20030128",
                "Created_By": "V23755SP",
                "Vendor": "0080000010",
                "Doc_Date": "20030128",
                "Status": "SHIPPED"
            },
            {
                "__metadata": {
                    "id": "https://olympusoem-dev-cp.corp.apple.com:10443/odata/v2/API/POHeaders('0470000143')",
                    "uri": "https://olympusoem-dev-cp.corp.apple.com:10443/odata/v2/API/POHeaders('0470000143')",
                    "type": "API.POHeaders"
                },
                "PO": "0470000143",
                "Company_Code": "0056",
                "Created_On": "20030128",
                "Created_By": "V23755SP",
                "Vendor": "0080000010",
                "Doc_Date": "20030128",
                "Status": "SHIPPED"
            }
        ]
    }
}