{
    "d": {
        "results": [
            {
                "__metadata": {
                    "id": "https://olympusoem-dev-cp.corp.apple.com:10443/odata/v2/API/POHeaders('0618248265')",
                    "uri": "https://olympusoem-dev-cp.corp.apple.com:10443/odata/v2/API/POHeaders('0618248265')",
                    "type": "API.POHeaders"
                },
                "PO": "0618248265",
                "Company_Code": "0056",
                "Created_On": "20201207",
                "Created_By": "C5200749PG",
                "Vendor": "00560VEN1",
                "Doc_Date": "20201206",
                "Purchase_Organization": "A002",
                "Document_Type": "NB",
                "Plant": "0MSC",
                "Status": "PARTIALLY SHIPPED",
                "Material": null,
                "POItems": {
                    "results": [
                        {
                            "__metadata": {
                                "id": "https://olympusoem-uat-cp.corp.apple.com:10443/odata/v2/API/ScheduleLine('0618248265')",
                                "uri": "https://olympusoem-uat-cp.corp.apple.com:10443/odata/v2/API/ScheduleLine('0618248265')",
                                "type": "API.ScheduleLine"
                            },
                            "PO": "0618248265",
                            "Line": "00010",
                            "ScheduleLine": "0001",
                            "Order_date": "20210107",
                            "Quantity": "1.000",
                            "Delivery_Date": "20210118"
                        }
                    ]
                },
                "ShipFrom": {
                    "results": []
                },
                "ShipTo": {
                    "results": []
                }
            }
        ]
    }
}
