{
    "d": {
      "__count": "14",
      "results": [
        {
          "__metadata": {
            "id": "https://dv5devcert:8437/sap/opu/odata/sap/zod_ac_itc_srv/GetITCUploadFileSet(guid'98be9466-106d-1edc-bce0-94b74bd257d2')",
            "uri": "https://dv5devcert:8437/sap/opu/odata/sap/zod_ac_itc_srv/GetITCUploadFileSet(guid'98be9466-106d-1edc-bce0-94b74bd257d2')",
            "type": "ZOD_AC_ITC_SRV.GetITCUploadFile"
          },
          "RequestId": "98be9466-106d-1edc-bce0-94b74bd257d2",
          "FileName": "AC_ITC_20220622203814.XLSX",
          "Status": "E",
          "StatusDescription": "Error",
          "Erdat": "/Date(1655942400000)/",
          "Erzet": "PT07H56M22S",
          "Ernam": "C8817319SS"
        },
        {
          "__metadata": {
            "id": "https://dv5devcert:8437/sap/opu/odata/sap/zod_ac_itc_srv/GetITCUploadFileSet(guid'98be9466-106d-1edc-bce0-869f08db186b')",
            "uri": "https://dv5devcert:8437/sap/opu/odata/sap/zod_ac_itc_srv/GetITCUploadFileSet(guid'98be9466-106d-1edc-bce0-869f08db186b')",
            "type": "ZOD_AC_ITC_SRV.GetITCUploadFile"
          },
          "RequestId": "98be9466-106d-1edc-bce0-869f08db186b",
          "FileName": "AC_ITC_20220622203814.XLSX",
          "Status": "E",
          "StatusDescription": "Error",
          "Erdat": "/Date(1655942400000)/",
          "Erzet": "PT07H53M13S",
          "Ernam": "C8817319SS"
        },
        {
          "__metadata": {
            "id": "https://dv5devcert:8437/sap/opu/odata/sap/zod_ac_itc_srv/GetITCUploadFileSet(guid'98be9466-106d-1edc-bce0-84d3eb70186b')",
            "uri": "https://dv5devcert:8437/sap/opu/odata/sap/zod_ac_itc_srv/GetITCUploadFileSet(guid'98be9466-106d-1edc-bce0-84d3eb70186b')",
            "type": "ZOD_AC_ITC_SRV.GetITCUploadFile"
          },
          "RequestId": "98be9466-106d-1edc-bce0-84d3eb70186b",
          "FileName": "AC_ITC_20220622203814.XLSX",
          "Status": "E",
          "StatusDescription": "Error",
          "Erdat": "/Date(1655942400000)/",
          "Erzet": "PT07H52M49S",
          "Ernam": "C8817319SS"
        },
        {
          "__metadata": {
            "id": "https://dv5devcert:8437/sap/opu/odata/sap/zod_ac_itc_srv/GetITCUploadFileSet(guid'98be9466-106d-1edc-bce0-1fac637ed862')",
            "uri": "https://dv5devcert:8437/sap/opu/odata/sap/zod_ac_itc_srv/GetITCUploadFileSet(guid'98be9466-106d-1edc-bce0-1fac637ed862')",
            "type": "ZOD_AC_ITC_SRV.GetITCUploadFile"
          },
          "RequestId": "98be9466-106d-1edc-bce0-1fac637ed862",
          "FileName": "AC_ITC_20220622203814.XLSX",
          "Status": "E",
          "StatusDescription": "Error",
          "Erdat": "/Date(1655942400000)/",
          "Erzet": "PT07H30M11S",
          "Ernam": "C8817319SS"
        },
        {
          "__metadata": {
            "id": "https://dv5devcert:8437/sap/opu/odata/sap/zod_ac_itc_srv/GetITCUploadFileSet(guid'98be9466-106d-1edc-bce0-1ba54bb3588e')",
            "uri": "https://dv5devcert:8437/sap/opu/odata/sap/zod_ac_itc_srv/GetITCUploadFileSet(guid'98be9466-106d-1edc-bce0-1ba54bb3588e')",
            "type": "ZOD_AC_ITC_SRV.GetITCUploadFile"
          },
          "RequestId": "98be9466-106d-1edc-bce0-1ba54bb3588e",
          "FileName": "AC_ITC_20220622203814.XLSX",
          "Status": "E",
          "StatusDescription": "Error",
          "Erdat": "/Date(1655942400000)/",
          "Erzet": "PT07H29M17S",
          "Ernam": "C8817319SS"
        }
      ]
    }
  }