{
    "d": {
      "__count": "223",
      "results": [
        {
          "__metadata": {
            "id": "https://dv5devcert:8437/sap/opu/odata/sap/zod_ac_itc_srv/ZC_ACITCProgramIds('1000000001')",
            "uri": "https://dv5devcert:8437/sap/opu/odata/sap/zod_ac_itc_srv/ZC_ACITCProgramIds('1000000001')",
            "type": "ZOD_AC_ITC_SRV.ZC_ACITCProgramIdsType"
          },
          "ProgramId": "1000000001"
        },
        {
          "__metadata": {
            "id": "https://dv5devcert:8437/sap/opu/odata/sap/zod_ac_itc_srv/ZC_ACITCProgramIds('10000000A1')",
            "uri": "https://dv5devcert:8437/sap/opu/odata/sap/zod_ac_itc_srv/ZC_ACITCProgramIds('10000000A1')",
            "type": "ZOD_AC_ITC_SRV.ZC_ACITCProgramIdsType"
          },
          "ProgramId": "10000000A1"
        },
        {
          "__metadata": {
            "id": "https://dv5devcert:8437/sap/opu/odata/sap/zod_ac_itc_srv/ZC_ACITCProgramIds('10000000A2')",
            "uri": "https://dv5devcert:8437/sap/opu/odata/sap/zod_ac_itc_srv/ZC_ACITCProgramIds('10000000A2')",
            "type": "ZOD_AC_ITC_SRV.ZC_ACITCProgramIdsType"
          },
          "ProgramId": "10000000A2"
        },
        {
          "__metadata": {
            "id": "https://dv5devcert:8437/sap/opu/odata/sap/zod_ac_itc_srv/ZC_ACITCProgramIds('10000000A3')",
            "uri": "https://dv5devcert:8437/sap/opu/odata/sap/zod_ac_itc_srv/ZC_ACITCProgramIds('10000000A3')",
            "type": "ZOD_AC_ITC_SRV.ZC_ACITCProgramIdsType"
          },
          "ProgramId": "10000000A3"
        },
        {
          "__metadata": {
            "id": "https://dv5devcert:8437/sap/opu/odata/sap/zod_ac_itc_srv/ZC_ACITCProgramIds('10000000A6')",
            "uri": "https://dv5devcert:8437/sap/opu/odata/sap/zod_ac_itc_srv/ZC_ACITCProgramIds('10000000A6')",
            "type": "ZOD_AC_ITC_SRV.ZC_ACITCProgramIdsType"
          },
          "ProgramId": "10000000A6"
        },
        {
          "__metadata": {
            "id": "https://dv5devcert:8437/sap/opu/odata/sap/zod_ac_itc_srv/ZC_ACITCProgramIds('10000000A9')",
            "uri": "https://dv5devcert:8437/sap/opu/odata/sap/zod_ac_itc_srv/ZC_ACITCProgramIds('10000000A9')",
            "type": "ZOD_AC_ITC_SRV.ZC_ACITCProgramIdsType"
          },
          "ProgramId": "10000000A9"
        },
        {
          "__metadata": {
            "id": "https://dv5devcert:8437/sap/opu/odata/sap/zod_ac_itc_srv/ZC_ACITCProgramIds('10000000B1')",
            "uri": "https://dv5devcert:8437/sap/opu/odata/sap/zod_ac_itc_srv/ZC_ACITCProgramIds('10000000B1')",
            "type": "ZOD_AC_ITC_SRV.ZC_ACITCProgramIdsType"
          },
          "ProgramId": "10000000B1"
        },
        {
          "__metadata": {
            "id": "https://dv5devcert:8437/sap/opu/odata/sap/zod_ac_itc_srv/ZC_ACITCProgramIds('10000000B2')",
            "uri": "https://dv5devcert:8437/sap/opu/odata/sap/zod_ac_itc_srv/ZC_ACITCProgramIds('10000000B2')",
            "type": "ZOD_AC_ITC_SRV.ZC_ACITCProgramIdsType"
          },
          "ProgramId": "10000000B2"
        },
        {
          "__metadata": {
            "id": "https://dv5devcert:8437/sap/opu/odata/sap/zod_ac_itc_srv/ZC_ACITCProgramIds('10000000B3')",
            "uri": "https://dv5devcert:8437/sap/opu/odata/sap/zod_ac_itc_srv/ZC_ACITCProgramIds('10000000B3')",
            "type": "ZOD_AC_ITC_SRV.ZC_ACITCProgramIdsType"
          },
          "ProgramId": "10000000B3"
        },
        {
          "__metadata": {
            "id": "https://dv5devcert:8437/sap/opu/odata/sap/zod_ac_itc_srv/ZC_ACITCProgramIds('10000000B5')",
            "uri": "https://dv5devcert:8437/sap/opu/odata/sap/zod_ac_itc_srv/ZC_ACITCProgramIds('10000000B5')",
            "type": "ZOD_AC_ITC_SRV.ZC_ACITCProgramIdsType"
          },
          "ProgramId": "10000000B5"
        },
        {
          "__metadata": {
            "id": "https://dv5devcert:8437/sap/opu/odata/sap/zod_ac_itc_srv/ZC_ACITCProgramIds('A200')",
            "uri": "https://dv5devcert:8437/sap/opu/odata/sap/zod_ac_itc_srv/ZC_ACITCProgramIds('A200')",
            "type": "ZOD_AC_ITC_SRV.ZC_ACITCProgramIdsType"
          },
          "ProgramId": "A200"
        },
        {
          "__metadata": {
            "id": "https://dv5devcert:8437/sap/opu/odata/sap/zod_ac_itc_srv/ZC_ACITCProgramIds('ADK22MAY2')",
            "uri": "https://dv5devcert:8437/sap/opu/odata/sap/zod_ac_itc_srv/ZC_ACITCProgramIds('ADK22MAY2')",
            "type": "ZOD_AC_ITC_SRV.ZC_ACITCProgramIdsType"
          },
          "ProgramId": "ADK22MAY2"
        },
        {
          "__metadata": {
            "id": "https://dv5devcert:8437/sap/opu/odata/sap/zod_ac_itc_srv/ZC_ACITCProgramIds('AT101')",
            "uri": "https://dv5devcert:8437/sap/opu/odata/sap/zod_ac_itc_srv/ZC_ACITCProgramIds('AT101')",
            "type": "ZOD_AC_ITC_SRV.ZC_ACITCProgramIdsType"
          },
          "ProgramId": "AT101"
        },
        {
          "__metadata": {
            "id": "https://dv5devcert:8437/sap/opu/odata/sap/zod_ac_itc_srv/ZC_ACITCProgramIds('AT102')",
            "uri": "https://dv5devcert:8437/sap/opu/odata/sap/zod_ac_itc_srv/ZC_ACITCProgramIds('AT102')",
            "type": "ZOD_AC_ITC_SRV.ZC_ACITCProgramIdsType"
          },
          "ProgramId": "AT102"
        },
        {
          "__metadata": {
            "id": "https://dv5devcert:8437/sap/opu/odata/sap/zod_ac_itc_srv/ZC_ACITCProgramIds('AT111')",
            "uri": "https://dv5devcert:8437/sap/opu/odata/sap/zod_ac_itc_srv/ZC_ACITCProgramIds('AT111')",
            "type": "ZOD_AC_ITC_SRV.ZC_ACITCProgramIdsType"
          },
          "ProgramId": "AT111"
        },
        {
          "__metadata": {
            "id": "https://dv5devcert:8437/sap/opu/odata/sap/zod_ac_itc_srv/ZC_ACITCProgramIds('AT187')",
            "uri": "https://dv5devcert:8437/sap/opu/odata/sap/zod_ac_itc_srv/ZC_ACITCProgramIds('AT187')",
            "type": "ZOD_AC_ITC_SRV.ZC_ACITCProgramIdsType"
          },
          "ProgramId": "AT187"
        },
        {
          "__metadata": {
            "id": "https://dv5devcert:8437/sap/opu/odata/sap/zod_ac_itc_srv/ZC_ACITCProgramIds('AT201')",
            "uri": "https://dv5devcert:8437/sap/opu/odata/sap/zod_ac_itc_srv/ZC_ACITCProgramIds('AT201')",
            "type": "ZOD_AC_ITC_SRV.ZC_ACITCProgramIdsType"
          },
          "ProgramId": "AT201"
        },
        {
          "__metadata": {
            "id": "https://dv5devcert:8437/sap/opu/odata/sap/zod_ac_itc_srv/ZC_ACITCProgramIds('AT202')",
            "uri": "https://dv5devcert:8437/sap/opu/odata/sap/zod_ac_itc_srv/ZC_ACITCProgramIds('AT202')",
            "type": "ZOD_AC_ITC_SRV.ZC_ACITCProgramIdsType"
          },
          "ProgramId": "AT202"
        },
        {
          "__metadata": {
            "id": "https://dv5devcert:8437/sap/opu/odata/sap/zod_ac_itc_srv/ZC_ACITCProgramIds('AT203')",
            "uri": "https://dv5devcert:8437/sap/opu/odata/sap/zod_ac_itc_srv/ZC_ACITCProgramIds('AT203')",
            "type": "ZOD_AC_ITC_SRV.ZC_ACITCProgramIdsType"
          },
          "ProgramId": "AT203"
        },
        {
          "__metadata": {
            "id": "https://dv5devcert:8437/sap/opu/odata/sap/zod_ac_itc_srv/ZC_ACITCProgramIds('AT206')",
            "uri": "https://dv5devcert:8437/sap/opu/odata/sap/zod_ac_itc_srv/ZC_ACITCProgramIds('AT206')",
            "type": "ZOD_AC_ITC_SRV.ZC_ACITCProgramIdsType"
          },
          "ProgramId": "AT206"
        },
        {
          "__metadata": {
            "id": "https://dv5devcert:8437/sap/opu/odata/sap/zod_ac_itc_srv/ZC_ACITCProgramIds('AT57')",
            "uri": "https://dv5devcert:8437/sap/opu/odata/sap/zod_ac_itc_srv/ZC_ACITCProgramIds('AT57')",
            "type": "ZOD_AC_ITC_SRV.ZC_ACITCProgramIdsType"
          },
          "ProgramId": "AT57"
        },
        {
          "__metadata": {
            "id": "https://dv5devcert:8437/sap/opu/odata/sap/zod_ac_itc_srv/ZC_ACITCProgramIds('AT999')",
            "uri": "https://dv5devcert:8437/sap/opu/odata/sap/zod_ac_itc_srv/ZC_ACITCProgramIds('AT999')",
            "type": "ZOD_AC_ITC_SRV.ZC_ACITCProgramIdsType"
          },
          "ProgramId": "AT999"
        },
        {
          "__metadata": {
            "id": "https://dv5devcert:8437/sap/opu/odata/sap/zod_ac_itc_srv/ZC_ACITCProgramIds('ATALLCNT')",
            "uri": "https://dv5devcert:8437/sap/opu/odata/sap/zod_ac_itc_srv/ZC_ACITCProgramIds('ATALLCNT')",
            "type": "ZOD_AC_ITC_SRV.ZC_ACITCProgramIdsType"
          },
          "ProgramId": "ATALLCNT"
        },
        {
          "__metadata": {
            "id": "https://dv5devcert:8437/sap/opu/odata/sap/zod_ac_itc_srv/ZC_ACITCProgramIds('ATAMRAP')",
            "uri": "https://dv5devcert:8437/sap/opu/odata/sap/zod_ac_itc_srv/ZC_ACITCProgramIds('ATAMRAP')",
            "type": "ZOD_AC_ITC_SRV.ZC_ACITCProgramIdsType"
          },
          "ProgramId": "ATAMRAP"
        },
        {
          "__metadata": {
            "id": "https://dv5devcert:8437/sap/opu/odata/sap/zod_ac_itc_srv/ZC_ACITCProgramIds('ATAMREM')",
            "uri": "https://dv5devcert:8437/sap/opu/odata/sap/zod_ac_itc_srv/ZC_ACITCProgramIds('ATAMREM')",
            "type": "ZOD_AC_ITC_SRV.ZC_ACITCProgramIdsType"
          },
          "ProgramId": "ATAMREM"
        },
        {
          "__metadata": {
            "id": "https://dv5devcert:8437/sap/opu/odata/sap/zod_ac_itc_srv/ZC_ACITCProgramIds('ATAPAC')",
            "uri": "https://dv5devcert:8437/sap/opu/odata/sap/zod_ac_itc_srv/ZC_ACITCProgramIds('ATAPAC')",
            "type": "ZOD_AC_ITC_SRV.ZC_ACITCProgramIdsType"
          },
          "ProgramId": "ATAPAC"
        },
        {
          "__metadata": {
            "id": "https://dv5devcert:8437/sap/opu/odata/sap/zod_ac_itc_srv/ZC_ACITCProgramIds('ATAPALL')",
            "uri": "https://dv5devcert:8437/sap/opu/odata/sap/zod_ac_itc_srv/ZC_ACITCProgramIds('ATAPALL')",
            "type": "ZOD_AC_ITC_SRV.ZC_ACITCProgramIdsType"
          },
          "ProgramId": "ATAPALL"
        },
        {
          "__metadata": {
            "id": "https://dv5devcert:8437/sap/opu/odata/sap/zod_ac_itc_srv/ZC_ACITCProgramIds('ATEMAIL')",
            "uri": "https://dv5devcert:8437/sap/opu/odata/sap/zod_ac_itc_srv/ZC_ACITCProgramIds('ATEMAIL')",
            "type": "ZOD_AC_ITC_SRV.ZC_ACITCProgramIdsType"
          },
          "ProgramId": "ATEMAIL"
        },
        {
          "__metadata": {
            "id": "https://dv5devcert:8437/sap/opu/odata/sap/zod_ac_itc_srv/ZC_ACITCProgramIds('ATEMEIA')",
            "uri": "https://dv5devcert:8437/sap/opu/odata/sap/zod_ac_itc_srv/ZC_ACITCProgramIds('ATEMEIA')",
            "type": "ZOD_AC_ITC_SRV.ZC_ACITCProgramIdsType"
          },
          "ProgramId": "ATEMEIA"
        },
        {
          "__metadata": {
            "id": "https://dv5devcert:8437/sap/opu/odata/sap/zod_ac_itc_srv/ZC_ACITCProgramIds('ATRUS')",
            "uri": "https://dv5devcert:8437/sap/opu/odata/sap/zod_ac_itc_srv/ZC_ACITCProgramIds('ATRUS')",
            "type": "ZOD_AC_ITC_SRV.ZC_ACITCProgramIdsType"
          },
          "ProgramId": "ATRUS"
        },
        {
          "__metadata": {
            "id": "https://dv5devcert:8437/sap/opu/odata/sap/zod_ac_itc_srv/ZC_ACITCProgramIds('ATSUB5')",
            "uri": "https://dv5devcert:8437/sap/opu/odata/sap/zod_ac_itc_srv/ZC_ACITCProgramIds('ATSUB5')",
            "type": "ZOD_AC_ITC_SRV.ZC_ACITCProgramIdsType"
          },
          "ProgramId": "ATSUB5"
        },
        {
          "__metadata": {
            "id": "https://dv5devcert:8437/sap/opu/odata/sap/zod_ac_itc_srv/ZC_ACITCProgramIds('ATSUB8')",
            "uri": "https://dv5devcert:8437/sap/opu/odata/sap/zod_ac_itc_srv/ZC_ACITCProgramIds('ATSUB8')",
            "type": "ZOD_AC_ITC_SRV.ZC_ACITCProgramIdsType"
          },
          "ProgramId": "ATSUB8"
        },
        {
          "__metadata": {
            "id": "https://dv5devcert:8437/sap/opu/odata/sap/zod_ac_itc_srv/ZC_ACITCProgramIds('BRFB28')",
            "uri": "https://dv5devcert:8437/sap/opu/odata/sap/zod_ac_itc_srv/ZC_ACITCProgramIds('BRFB28')",
            "type": "ZOD_AC_ITC_SRV.ZC_ACITCProgramIdsType"
          },
          "ProgramId": "BRFB28"
        },
        {
          "__metadata": {
            "id": "https://dv5devcert:8437/sap/opu/odata/sap/zod_ac_itc_srv/ZC_ACITCProgramIds('D20')",
            "uri": "https://dv5devcert:8437/sap/opu/odata/sap/zod_ac_itc_srv/ZC_ACITCProgramIds('D20')",
            "type": "ZOD_AC_ITC_SRV.ZC_ACITCProgramIdsType"
          },
          "ProgramId": "D20"
        },
        {
          "__metadata": {
            "id": "https://dv5devcert:8437/sap/opu/odata/sap/zod_ac_itc_srv/ZC_ACITCProgramIds('D20A')",
            "uri": "https://dv5devcert:8437/sap/opu/odata/sap/zod_ac_itc_srv/ZC_ACITCProgramIds('D20A')",
            "type": "ZOD_AC_ITC_SRV.ZC_ACITCProgramIdsType"
          },
          "ProgramId": "D20A"
        },
        {
          "__metadata": {
            "id": "https://dv5devcert:8437/sap/opu/odata/sap/zod_ac_itc_srv/ZC_ACITCProgramIds('DEV02')",
            "uri": "https://dv5devcert:8437/sap/opu/odata/sap/zod_ac_itc_srv/ZC_ACITCProgramIds('DEV02')",
            "type": "ZOD_AC_ITC_SRV.ZC_ACITCProgramIdsType"
          },
          "ProgramId": "DEV02"
        },
        {
          "__metadata": {
            "id": "https://dv5devcert:8437/sap/opu/odata/sap/zod_ac_itc_srv/ZC_ACITCProgramIds('DEV03')",
            "uri": "https://dv5devcert:8437/sap/opu/odata/sap/zod_ac_itc_srv/ZC_ACITCProgramIds('DEV03')",
            "type": "ZOD_AC_ITC_SRV.ZC_ACITCProgramIdsType"
          },
          "ProgramId": "DEV03"
        },
        {
          "__metadata": {
            "id": "https://dv5devcert:8437/sap/opu/odata/sap/zod_ac_itc_srv/ZC_ACITCProgramIds('DEV05')",
            "uri": "https://dv5devcert:8437/sap/opu/odata/sap/zod_ac_itc_srv/ZC_ACITCProgramIds('DEV05')",
            "type": "ZOD_AC_ITC_SRV.ZC_ACITCProgramIdsType"
          },
          "ProgramId": "DEV05"
        },
        {
          "__metadata": {
            "id": "https://dv5devcert:8437/sap/opu/odata/sap/zod_ac_itc_srv/ZC_ACITCProgramIds('DK_REFURB1')",
            "uri": "https://dv5devcert:8437/sap/opu/odata/sap/zod_ac_itc_srv/ZC_ACITCProgramIds('DK_REFURB1')",
            "type": "ZOD_AC_ITC_SRV.ZC_ACITCProgramIdsType"
          },
          "ProgramId": "DK_REFURB1"
        },
        {
          "__metadata": {
            "id": "https://dv5devcert:8437/sap/opu/odata/sap/zod_ac_itc_srv/ZC_ACITCProgramIds('DP125')",
            "uri": "https://dv5devcert:8437/sap/opu/odata/sap/zod_ac_itc_srv/ZC_ACITCProgramIds('DP125')",
            "type": "ZOD_AC_ITC_SRV.ZC_ACITCProgramIdsType"
          },
          "ProgramId": "DP125"
        },
        {
          "__metadata": {
            "id": "https://dv5devcert:8437/sap/opu/odata/sap/zod_ac_itc_srv/ZC_ACITCProgramIds('DP147')",
            "uri": "https://dv5devcert:8437/sap/opu/odata/sap/zod_ac_itc_srv/ZC_ACITCProgramIds('DP147')",
            "type": "ZOD_AC_ITC_SRV.ZC_ACITCProgramIdsType"
          },
          "ProgramId": "DP147"
        },
        {
          "__metadata": {
            "id": "https://dv5devcert:8437/sap/opu/odata/sap/zod_ac_itc_srv/ZC_ACITCProgramIds('DP159')",
            "uri": "https://dv5devcert:8437/sap/opu/odata/sap/zod_ac_itc_srv/ZC_ACITCProgramIds('DP159')",
            "type": "ZOD_AC_ITC_SRV.ZC_ACITCProgramIdsType"
          },
          "ProgramId": "DP159"
        },
        {
          "__metadata": {
            "id": "https://dv5devcert:8437/sap/opu/odata/sap/zod_ac_itc_srv/ZC_ACITCProgramIds('DP161')",
            "uri": "https://dv5devcert:8437/sap/opu/odata/sap/zod_ac_itc_srv/ZC_ACITCProgramIds('DP161')",
            "type": "ZOD_AC_ITC_SRV.ZC_ACITCProgramIdsType"
          },
          "ProgramId": "DP161"
        },
        {
          "__metadata": {
            "id": "https://dv5devcert:8437/sap/opu/odata/sap/zod_ac_itc_srv/ZC_ACITCProgramIds('DP170')",
            "uri": "https://dv5devcert:8437/sap/opu/odata/sap/zod_ac_itc_srv/ZC_ACITCProgramIds('DP170')",
            "type": "ZOD_AC_ITC_SRV.ZC_ACITCProgramIdsType"
          },
          "ProgramId": "DP170"
        },
        {
          "__metadata": {
            "id": "https://dv5devcert:8437/sap/opu/odata/sap/zod_ac_itc_srv/ZC_ACITCProgramIds('DP187')",
            "uri": "https://dv5devcert:8437/sap/opu/odata/sap/zod_ac_itc_srv/ZC_ACITCProgramIds('DP187')",
            "type": "ZOD_AC_ITC_SRV.ZC_ACITCProgramIdsType"
          },
          "ProgramId": "DP187"
        },
        {
          "__metadata": {
            "id": "https://dv5devcert:8437/sap/opu/odata/sap/zod_ac_itc_srv/ZC_ACITCProgramIds('DP191')",
            "uri": "https://dv5devcert:8437/sap/opu/odata/sap/zod_ac_itc_srv/ZC_ACITCProgramIds('DP191')",
            "type": "ZOD_AC_ITC_SRV.ZC_ACITCProgramIdsType"
          },
          "ProgramId": "DP191"
        },
        {
          "__metadata": {
            "id": "https://dv5devcert:8437/sap/opu/odata/sap/zod_ac_itc_srv/ZC_ACITCProgramIds('DP211')",
            "uri": "https://dv5devcert:8437/sap/opu/odata/sap/zod_ac_itc_srv/ZC_ACITCProgramIds('DP211')",
            "type": "ZOD_AC_ITC_SRV.ZC_ACITCProgramIdsType"
          },
          "ProgramId": "DP211"
        },
        {
          "__metadata": {
            "id": "https://dv5devcert:8437/sap/opu/odata/sap/zod_ac_itc_srv/ZC_ACITCProgramIds('DP212')",
            "uri": "https://dv5devcert:8437/sap/opu/odata/sap/zod_ac_itc_srv/ZC_ACITCProgramIds('DP212')",
            "type": "ZOD_AC_ITC_SRV.ZC_ACITCProgramIdsType"
          },
          "ProgramId": "DP212"
        },
        {
          "__metadata": {
            "id": "https://dv5devcert:8437/sap/opu/odata/sap/zod_ac_itc_srv/ZC_ACITCProgramIds('DP213')",
            "uri": "https://dv5devcert:8437/sap/opu/odata/sap/zod_ac_itc_srv/ZC_ACITCProgramIds('DP213')",
            "type": "ZOD_AC_ITC_SRV.ZC_ACITCProgramIdsType"
          },
          "ProgramId": "DP213"
        },
        {
          "__metadata": {
            "id": "https://dv5devcert:8437/sap/opu/odata/sap/zod_ac_itc_srv/ZC_ACITCProgramIds('DP215')",
            "uri": "https://dv5devcert:8437/sap/opu/odata/sap/zod_ac_itc_srv/ZC_ACITCProgramIds('DP215')",
            "type": "ZOD_AC_ITC_SRV.ZC_ACITCProgramIdsType"
          },
          "ProgramId": "DP215"
        },
        {
          "__metadata": {
            "id": "https://dv5devcert:8437/sap/opu/odata/sap/zod_ac_itc_srv/ZC_ACITCProgramIds('DP216')",
            "uri": "https://dv5devcert:8437/sap/opu/odata/sap/zod_ac_itc_srv/ZC_ACITCProgramIds('DP216')",
            "type": "ZOD_AC_ITC_SRV.ZC_ACITCProgramIdsType"
          },
          "ProgramId": "DP216"
        },
        {
          "__metadata": {
            "id": "https://dv5devcert:8437/sap/opu/odata/sap/zod_ac_itc_srv/ZC_ACITCProgramIds('DP217')",
            "uri": "https://dv5devcert:8437/sap/opu/odata/sap/zod_ac_itc_srv/ZC_ACITCProgramIds('DP217')",
            "type": "ZOD_AC_ITC_SRV.ZC_ACITCProgramIdsType"
          },
          "ProgramId": "DP217"
        },
        {
          "__metadata": {
            "id": "https://dv5devcert:8437/sap/opu/odata/sap/zod_ac_itc_srv/ZC_ACITCProgramIds('DP218')",
            "uri": "https://dv5devcert:8437/sap/opu/odata/sap/zod_ac_itc_srv/ZC_ACITCProgramIds('DP218')",
            "type": "ZOD_AC_ITC_SRV.ZC_ACITCProgramIdsType"
          },
          "ProgramId": "DP218"
        },
        {
          "__metadata": {
            "id": "https://dv5devcert:8437/sap/opu/odata/sap/zod_ac_itc_srv/ZC_ACITCProgramIds('DP228')",
            "uri": "https://dv5devcert:8437/sap/opu/odata/sap/zod_ac_itc_srv/ZC_ACITCProgramIds('DP228')",
            "type": "ZOD_AC_ITC_SRV.ZC_ACITCProgramIdsType"
          },
          "ProgramId": "DP228"
        },
        {
          "__metadata": {
            "id": "https://dv5devcert:8437/sap/opu/odata/sap/zod_ac_itc_srv/ZC_ACITCProgramIds('DP231')",
            "uri": "https://dv5devcert:8437/sap/opu/odata/sap/zod_ac_itc_srv/ZC_ACITCProgramIds('DP231')",
            "type": "ZOD_AC_ITC_SRV.ZC_ACITCProgramIdsType"
          },
          "ProgramId": "DP231"
        },
        {
          "__metadata": {
            "id": "https://dv5devcert:8437/sap/opu/odata/sap/zod_ac_itc_srv/ZC_ACITCProgramIds('DP235')",
            "uri": "https://dv5devcert:8437/sap/opu/odata/sap/zod_ac_itc_srv/ZC_ACITCProgramIds('DP235')",
            "type": "ZOD_AC_ITC_SRV.ZC_ACITCProgramIdsType"
          },
          "ProgramId": "DP235"
        },
        {
          "__metadata": {
            "id": "https://dv5devcert:8437/sap/opu/odata/sap/zod_ac_itc_srv/ZC_ACITCProgramIds('DP236')",
            "uri": "https://dv5devcert:8437/sap/opu/odata/sap/zod_ac_itc_srv/ZC_ACITCProgramIds('DP236')",
            "type": "ZOD_AC_ITC_SRV.ZC_ACITCProgramIdsType"
          },
          "ProgramId": "DP236"
        },
        {
          "__metadata": {
            "id": "https://dv5devcert:8437/sap/opu/odata/sap/zod_ac_itc_srv/ZC_ACITCProgramIds('DP237')",
            "uri": "https://dv5devcert:8437/sap/opu/odata/sap/zod_ac_itc_srv/ZC_ACITCProgramIds('DP237')",
            "type": "ZOD_AC_ITC_SRV.ZC_ACITCProgramIdsType"
          },
          "ProgramId": "DP237"
        },
        {
          "__metadata": {
            "id": "https://dv5devcert:8437/sap/opu/odata/sap/zod_ac_itc_srv/ZC_ACITCProgramIds('DP238')",
            "uri": "https://dv5devcert:8437/sap/opu/odata/sap/zod_ac_itc_srv/ZC_ACITCProgramIds('DP238')",
            "type": "ZOD_AC_ITC_SRV.ZC_ACITCProgramIdsType"
          },
          "ProgramId": "DP238"
        },
        {
          "__metadata": {
            "id": "https://dv5devcert:8437/sap/opu/odata/sap/zod_ac_itc_srv/ZC_ACITCProgramIds('DP239')",
            "uri": "https://dv5devcert:8437/sap/opu/odata/sap/zod_ac_itc_srv/ZC_ACITCProgramIds('DP239')",
            "type": "ZOD_AC_ITC_SRV.ZC_ACITCProgramIdsType"
          },
          "ProgramId": "DP239"
        },
        {
          "__metadata": {
            "id": "https://dv5devcert:8437/sap/opu/odata/sap/zod_ac_itc_srv/ZC_ACITCProgramIds('DP240')",
            "uri": "https://dv5devcert:8437/sap/opu/odata/sap/zod_ac_itc_srv/ZC_ACITCProgramIds('DP240')",
            "type": "ZOD_AC_ITC_SRV.ZC_ACITCProgramIdsType"
          },
          "ProgramId": "DP240"
        },
        {
          "__metadata": {
            "id": "https://dv5devcert:8437/sap/opu/odata/sap/zod_ac_itc_srv/ZC_ACITCProgramIds('DP244')",
            "uri": "https://dv5devcert:8437/sap/opu/odata/sap/zod_ac_itc_srv/ZC_ACITCProgramIds('DP244')",
            "type": "ZOD_AC_ITC_SRV.ZC_ACITCProgramIdsType"
          },
          "ProgramId": "DP244"
        },
        {
          "__metadata": {
            "id": "https://dv5devcert:8437/sap/opu/odata/sap/zod_ac_itc_srv/ZC_ACITCProgramIds('DP256')",
            "uri": "https://dv5devcert:8437/sap/opu/odata/sap/zod_ac_itc_srv/ZC_ACITCProgramIds('DP256')",
            "type": "ZOD_AC_ITC_SRV.ZC_ACITCProgramIdsType"
          },
          "ProgramId": "DP256"
        },
        {
          "__metadata": {
            "id": "https://dv5devcert:8437/sap/opu/odata/sap/zod_ac_itc_srv/ZC_ACITCProgramIds('DP259')",
            "uri": "https://dv5devcert:8437/sap/opu/odata/sap/zod_ac_itc_srv/ZC_ACITCProgramIds('DP259')",
            "type": "ZOD_AC_ITC_SRV.ZC_ACITCProgramIdsType"
          },
          "ProgramId": "DP259"
        },
        {
          "__metadata": {
            "id": "https://dv5devcert:8437/sap/opu/odata/sap/zod_ac_itc_srv/ZC_ACITCProgramIds('DP301')",
            "uri": "https://dv5devcert:8437/sap/opu/odata/sap/zod_ac_itc_srv/ZC_ACITCProgramIds('DP301')",
            "type": "ZOD_AC_ITC_SRV.ZC_ACITCProgramIdsType"
          },
          "ProgramId": "DP301"
        },
        {
          "__metadata": {
            "id": "https://dv5devcert:8437/sap/opu/odata/sap/zod_ac_itc_srv/ZC_ACITCProgramIds('DP302')",
            "uri": "https://dv5devcert:8437/sap/opu/odata/sap/zod_ac_itc_srv/ZC_ACITCProgramIds('DP302')",
            "type": "ZOD_AC_ITC_SRV.ZC_ACITCProgramIdsType"
          },
          "ProgramId": "DP302"
        },
        {
          "__metadata": {
            "id": "https://dv5devcert:8437/sap/opu/odata/sap/zod_ac_itc_srv/ZC_ACITCProgramIds('DP303')",
            "uri": "https://dv5devcert:8437/sap/opu/odata/sap/zod_ac_itc_srv/ZC_ACITCProgramIds('DP303')",
            "type": "ZOD_AC_ITC_SRV.ZC_ACITCProgramIdsType"
          },
          "ProgramId": "DP303"
        },
        {
          "__metadata": {
            "id": "https://dv5devcert:8437/sap/opu/odata/sap/zod_ac_itc_srv/ZC_ACITCProgramIds('DP5JUL2')",
            "uri": "https://dv5devcert:8437/sap/opu/odata/sap/zod_ac_itc_srv/ZC_ACITCProgramIds('DP5JUL2')",
            "type": "ZOD_AC_ITC_SRV.ZC_ACITCProgramIdsType"
          },
          "ProgramId": "DP5JUL2"
        },
        {
          "__metadata": {
            "id": "https://dv5devcert:8437/sap/opu/odata/sap/zod_ac_itc_srv/ZC_ACITCProgramIds('DP68')",
            "uri": "https://dv5devcert:8437/sap/opu/odata/sap/zod_ac_itc_srv/ZC_ACITCProgramIds('DP68')",
            "type": "ZOD_AC_ITC_SRV.ZC_ACITCProgramIdsType"
          },
          "ProgramId": "DP68"
        },
        {
          "__metadata": {
            "id": "https://dv5devcert:8437/sap/opu/odata/sap/zod_ac_itc_srv/ZC_ACITCProgramIds('DP69')",
            "uri": "https://dv5devcert:8437/sap/opu/odata/sap/zod_ac_itc_srv/ZC_ACITCProgramIds('DP69')",
            "type": "ZOD_AC_ITC_SRV.ZC_ACITCProgramIdsType"
          },
          "ProgramId": "DP69"
        },
        {
          "__metadata": {
            "id": "https://dv5devcert:8437/sap/opu/odata/sap/zod_ac_itc_srv/ZC_ACITCProgramIds('DP71')",
            "uri": "https://dv5devcert:8437/sap/opu/odata/sap/zod_ac_itc_srv/ZC_ACITCProgramIds('DP71')",
            "type": "ZOD_AC_ITC_SRV.ZC_ACITCProgramIdsType"
          },
          "ProgramId": "DP71"
        },
        {
          "__metadata": {
            "id": "https://dv5devcert:8437/sap/opu/odata/sap/zod_ac_itc_srv/ZC_ACITCProgramIds('DP75')",
            "uri": "https://dv5devcert:8437/sap/opu/odata/sap/zod_ac_itc_srv/ZC_ACITCProgramIds('DP75')",
            "type": "ZOD_AC_ITC_SRV.ZC_ACITCProgramIdsType"
          },
          "ProgramId": "DP75"
        },
        {
          "__metadata": {
            "id": "https://dv5devcert:8437/sap/opu/odata/sap/zod_ac_itc_srv/ZC_ACITCProgramIds('DP82')",
            "uri": "https://dv5devcert:8437/sap/opu/odata/sap/zod_ac_itc_srv/ZC_ACITCProgramIds('DP82')",
            "type": "ZOD_AC_ITC_SRV.ZC_ACITCProgramIdsType"
          },
          "ProgramId": "DP82"
        },
        {
          "__metadata": {
            "id": "https://dv5devcert:8437/sap/opu/odata/sap/zod_ac_itc_srv/ZC_ACITCProgramIds('DP93')",
            "uri": "https://dv5devcert:8437/sap/opu/odata/sap/zod_ac_itc_srv/ZC_ACITCProgramIds('DP93')",
            "type": "ZOD_AC_ITC_SRV.ZC_ACITCProgramIdsType"
          },
          "ProgramId": "DP93"
        },
        {
          "__metadata": {
            "id": "https://dv5devcert:8437/sap/opu/odata/sap/zod_ac_itc_srv/ZC_ACITCProgramIds('DP96')",
            "uri": "https://dv5devcert:8437/sap/opu/odata/sap/zod_ac_itc_srv/ZC_ACITCProgramIds('DP96')",
            "type": "ZOD_AC_ITC_SRV.ZC_ACITCProgramIdsType"
          },
          "ProgramId": "DP96"
        },
        {
          "__metadata": {
            "id": "https://dv5devcert:8437/sap/opu/odata/sap/zod_ac_itc_srv/ZC_ACITCProgramIds('DP98')",
            "uri": "https://dv5devcert:8437/sap/opu/odata/sap/zod_ac_itc_srv/ZC_ACITCProgramIds('DP98')",
            "type": "ZOD_AC_ITC_SRV.ZC_ACITCProgramIdsType"
          },
          "ProgramId": "DP98"
        },
        {
          "__metadata": {
            "id": "https://dv5devcert:8437/sap/opu/odata/sap/zod_ac_itc_srv/ZC_ACITCProgramIds('DP99')",
            "uri": "https://dv5devcert:8437/sap/opu/odata/sap/zod_ac_itc_srv/ZC_ACITCProgramIds('DP99')",
            "type": "ZOD_AC_ITC_SRV.ZC_ACITCProgramIdsType"
          },
          "ProgramId": "DP99"
        },
        {
          "__metadata": {
            "id": "https://dv5devcert:8437/sap/opu/odata/sap/zod_ac_itc_srv/ZC_ACITCProgramIds('DPJUL30')",
            "uri": "https://dv5devcert:8437/sap/opu/odata/sap/zod_ac_itc_srv/ZC_ACITCProgramIds('DPJUL30')",
            "type": "ZOD_AC_ITC_SRV.ZC_ACITCProgramIdsType"
          },
          "ProgramId": "DPJUL30"
        },
        {
          "__metadata": {
            "id": "https://dv5devcert:8437/sap/opu/odata/sap/zod_ac_itc_srv/ZC_ACITCProgramIds('DPJUNE25')",
            "uri": "https://dv5devcert:8437/sap/opu/odata/sap/zod_ac_itc_srv/ZC_ACITCProgramIds('DPJUNE25')",
            "type": "ZOD_AC_ITC_SRV.ZC_ACITCProgramIdsType"
          },
          "ProgramId": "DPJUNE25"
        },
        {
          "__metadata": {
            "id": "https://dv5devcert:8437/sap/opu/odata/sap/zod_ac_itc_srv/ZC_ACITCProgramIds('DPSERVIC10')",
            "uri": "https://dv5devcert:8437/sap/opu/odata/sap/zod_ac_itc_srv/ZC_ACITCProgramIds('DPSERVIC10')",
            "type": "ZOD_AC_ITC_SRV.ZC_ACITCProgramIdsType"
          },
          "ProgramId": "DPSERVIC10"
        },
        {
          "__metadata": {
            "id": "https://dv5devcert:8437/sap/opu/odata/sap/zod_ac_itc_srv/ZC_ACITCProgramIds('DPSERVIC90')",
            "uri": "https://dv5devcert:8437/sap/opu/odata/sap/zod_ac_itc_srv/ZC_ACITCProgramIds('DPSERVIC90')",
            "type": "ZOD_AC_ITC_SRV.ZC_ACITCProgramIdsType"
          },
          "ProgramId": "DPSERVIC90"
        },
        {
          "__metadata": {
            "id": "https://dv5devcert:8437/sap/opu/odata/sap/zod_ac_itc_srv/ZC_ACITCProgramIds('DPSEV1')",
            "uri": "https://dv5devcert:8437/sap/opu/odata/sap/zod_ac_itc_srv/ZC_ACITCProgramIds('DPSEV1')",
            "type": "ZOD_AC_ITC_SRV.ZC_ACITCProgramIdsType"
          },
          "ProgramId": "DPSEV1"
        },
        {
          "__metadata": {
            "id": "https://dv5devcert:8437/sap/opu/odata/sap/zod_ac_itc_srv/ZC_ACITCProgramIds('DPSEV4')",
            "uri": "https://dv5devcert:8437/sap/opu/odata/sap/zod_ac_itc_srv/ZC_ACITCProgramIds('DPSEV4')",
            "type": "ZOD_AC_ITC_SRV.ZC_ACITCProgramIdsType"
          },
          "ProgramId": "DPSEV4"
        },
        {
          "__metadata": {
            "id": "https://dv5devcert:8437/sap/opu/odata/sap/zod_ac_itc_srv/ZC_ACITCProgramIds('DPSEV5')",
            "uri": "https://dv5devcert:8437/sap/opu/odata/sap/zod_ac_itc_srv/ZC_ACITCProgramIds('DPSEV5')",
            "type": "ZOD_AC_ITC_SRV.ZC_ACITCProgramIdsType"
          },
          "ProgramId": "DPSEV5"
        },
        {
          "__metadata": {
            "id": "https://dv5devcert:8437/sap/opu/odata/sap/zod_ac_itc_srv/ZC_ACITCProgramIds('DPSEV6')",
            "uri": "https://dv5devcert:8437/sap/opu/odata/sap/zod_ac_itc_srv/ZC_ACITCProgramIds('DPSEV6')",
            "type": "ZOD_AC_ITC_SRV.ZC_ACITCProgramIdsType"
          },
          "ProgramId": "DPSEV6"
        },
        {
          "__metadata": {
            "id": "https://dv5devcert:8437/sap/opu/odata/sap/zod_ac_itc_srv/ZC_ACITCProgramIds('DPSEV7')",
            "uri": "https://dv5devcert:8437/sap/opu/odata/sap/zod_ac_itc_srv/ZC_ACITCProgramIds('DPSEV7')",
            "type": "ZOD_AC_ITC_SRV.ZC_ACITCProgramIdsType"
          },
          "ProgramId": "DPSEV7"
        },
        {
          "__metadata": {
            "id": "https://dv5devcert:8437/sap/opu/odata/sap/zod_ac_itc_srv/ZC_ACITCProgramIds('DRF')",
            "uri": "https://dv5devcert:8437/sap/opu/odata/sap/zod_ac_itc_srv/ZC_ACITCProgramIds('DRF')",
            "type": "ZOD_AC_ITC_SRV.ZC_ACITCProgramIdsType"
          },
          "ProgramId": "DRF"
        },
        {
          "__metadata": {
            "id": "https://dv5devcert:8437/sap/opu/odata/sap/zod_ac_itc_srv/ZC_ACITCProgramIds('DRF1')",
            "uri": "https://dv5devcert:8437/sap/opu/odata/sap/zod_ac_itc_srv/ZC_ACITCProgramIds('DRF1')",
            "type": "ZOD_AC_ITC_SRV.ZC_ACITCProgramIdsType"
          },
          "ProgramId": "DRF1"
        },
        {
          "__metadata": {
            "id": "https://dv5devcert:8437/sap/opu/odata/sap/zod_ac_itc_srv/ZC_ACITCProgramIds('DRFB12')",
            "uri": "https://dv5devcert:8437/sap/opu/odata/sap/zod_ac_itc_srv/ZC_ACITCProgramIds('DRFB12')",
            "type": "ZOD_AC_ITC_SRV.ZC_ACITCProgramIdsType"
          },
          "ProgramId": "DRFB12"
        },
        {
          "__metadata": {
            "id": "https://dv5devcert:8437/sap/opu/odata/sap/zod_ac_itc_srv/ZC_ACITCProgramIds('DRFB16')",
            "uri": "https://dv5devcert:8437/sap/opu/odata/sap/zod_ac_itc_srv/ZC_ACITCProgramIds('DRFB16')",
            "type": "ZOD_AC_ITC_SRV.ZC_ACITCProgramIdsType"
          },
          "ProgramId": "DRFB16"
        },
        {
          "__metadata": {
            "id": "https://dv5devcert:8437/sap/opu/odata/sap/zod_ac_itc_srv/ZC_ACITCProgramIds('DRFB17')",
            "uri": "https://dv5devcert:8437/sap/opu/odata/sap/zod_ac_itc_srv/ZC_ACITCProgramIds('DRFB17')",
            "type": "ZOD_AC_ITC_SRV.ZC_ACITCProgramIdsType"
          },
          "ProgramId": "DRFB17"
        },
        {
          "__metadata": {
            "id": "https://dv5devcert:8437/sap/opu/odata/sap/zod_ac_itc_srv/ZC_ACITCProgramIds('DRFB200')",
            "uri": "https://dv5devcert:8437/sap/opu/odata/sap/zod_ac_itc_srv/ZC_ACITCProgramIds('DRFB200')",
            "type": "ZOD_AC_ITC_SRV.ZC_ACITCProgramIdsType"
          },
          "ProgramId": "DRFB200"
        },
        {
          "__metadata": {
            "id": "https://dv5devcert:8437/sap/opu/odata/sap/zod_ac_itc_srv/ZC_ACITCProgramIds('DRFB201')",
            "uri": "https://dv5devcert:8437/sap/opu/odata/sap/zod_ac_itc_srv/ZC_ACITCProgramIds('DRFB201')",
            "type": "ZOD_AC_ITC_SRV.ZC_ACITCProgramIdsType"
          },
          "ProgramId": "DRFB201"
        },
        {
          "__metadata": {
            "id": "https://dv5devcert:8437/sap/opu/odata/sap/zod_ac_itc_srv/ZC_ACITCProgramIds('DRFB202')",
            "uri": "https://dv5devcert:8437/sap/opu/odata/sap/zod_ac_itc_srv/ZC_ACITCProgramIds('DRFB202')",
            "type": "ZOD_AC_ITC_SRV.ZC_ACITCProgramIdsType"
          },
          "ProgramId": "DRFB202"
        },
        {
          "__metadata": {
            "id": "https://dv5devcert:8437/sap/opu/odata/sap/zod_ac_itc_srv/ZC_ACITCProgramIds('DRFB203')",
            "uri": "https://dv5devcert:8437/sap/opu/odata/sap/zod_ac_itc_srv/ZC_ACITCProgramIds('DRFB203')",
            "type": "ZOD_AC_ITC_SRV.ZC_ACITCProgramIdsType"
          },
          "ProgramId": "DRFB203"
        },
        {
          "__metadata": {
            "id": "https://dv5devcert:8437/sap/opu/odata/sap/zod_ac_itc_srv/ZC_ACITCProgramIds('DRFB204')",
            "uri": "https://dv5devcert:8437/sap/opu/odata/sap/zod_ac_itc_srv/ZC_ACITCProgramIds('DRFB204')",
            "type": "ZOD_AC_ITC_SRV.ZC_ACITCProgramIdsType"
          },
          "ProgramId": "DRFB204"
        },
        {
          "__metadata": {
            "id": "https://dv5devcert:8437/sap/opu/odata/sap/zod_ac_itc_srv/ZC_ACITCProgramIds('DRFB205')",
            "uri": "https://dv5devcert:8437/sap/opu/odata/sap/zod_ac_itc_srv/ZC_ACITCProgramIds('DRFB205')",
            "type": "ZOD_AC_ITC_SRV.ZC_ACITCProgramIdsType"
          },
          "ProgramId": "DRFB205"
        },
        {
          "__metadata": {
            "id": "https://dv5devcert:8437/sap/opu/odata/sap/zod_ac_itc_srv/ZC_ACITCProgramIds('DRFB206')",
            "uri": "https://dv5devcert:8437/sap/opu/odata/sap/zod_ac_itc_srv/ZC_ACITCProgramIds('DRFB206')",
            "type": "ZOD_AC_ITC_SRV.ZC_ACITCProgramIdsType"
          },
          "ProgramId": "DRFB206"
        },
        {
          "__metadata": {
            "id": "https://dv5devcert:8437/sap/opu/odata/sap/zod_ac_itc_srv/ZC_ACITCProgramIds('DRFB23')",
            "uri": "https://dv5devcert:8437/sap/opu/odata/sap/zod_ac_itc_srv/ZC_ACITCProgramIds('DRFB23')",
            "type": "ZOD_AC_ITC_SRV.ZC_ACITCProgramIdsType"
          },
          "ProgramId": "DRFB23"
        },
        {
          "__metadata": {
            "id": "https://dv5devcert:8437/sap/opu/odata/sap/zod_ac_itc_srv/ZC_ACITCProgramIds('DRFB24')",
            "uri": "https://dv5devcert:8437/sap/opu/odata/sap/zod_ac_itc_srv/ZC_ACITCProgramIds('DRFB24')",
            "type": "ZOD_AC_ITC_SRV.ZC_ACITCProgramIdsType"
          },
          "ProgramId": "DRFB24"
        }
      ]
    }
  }