{
    "d": {
      "__count": "1267",
      "results": [
        {
          "__metadata": {
            "id": "https://dv5devcert:8437/sap/opu/odata/sap/zod_ac_itc_srv/ZC_ACITCBuyerCodes('000')",
            "uri": "https://dv5devcert:8437/sap/opu/odata/sap/zod_ac_itc_srv/ZC_ACITCBuyerCodes('000')",
            "type": "ZOD_AC_ITC_SRV.ZC_ACITCBuyerCodesType"
          },
          "Buyercode": "000"
        },
        {
          "__metadata": {
            "id": "https://dv5devcert:8437/sap/opu/odata/sap/zod_ac_itc_srv/ZC_ACITCBuyerCodes('001')",
            "uri": "https://dv5devcert:8437/sap/opu/odata/sap/zod_ac_itc_srv/ZC_ACITCBuyerCodes('001')",
            "type": "ZOD_AC_ITC_SRV.ZC_ACITCBuyerCodesType"
          },
          "Buyercode": "001"
        },
        {
          "__metadata": {
            "id": "https://dv5devcert:8437/sap/opu/odata/sap/zod_ac_itc_srv/ZC_ACITCBuyerCodes('002')",
            "uri": "https://dv5devcert:8437/sap/opu/odata/sap/zod_ac_itc_srv/ZC_ACITCBuyerCodes('002')",
            "type": "ZOD_AC_ITC_SRV.ZC_ACITCBuyerCodesType"
          },
          "Buyercode": "002"
        },
        {
          "__metadata": {
            "id": "https://dv5devcert:8437/sap/opu/odata/sap/zod_ac_itc_srv/ZC_ACITCBuyerCodes('003')",
            "uri": "https://dv5devcert:8437/sap/opu/odata/sap/zod_ac_itc_srv/ZC_ACITCBuyerCodes('003')",
            "type": "ZOD_AC_ITC_SRV.ZC_ACITCBuyerCodesType"
          },
          "Buyercode": "003"
        },
        {
          "__metadata": {
            "id": "https://dv5devcert:8437/sap/opu/odata/sap/zod_ac_itc_srv/ZC_ACITCBuyerCodes('007')",
            "uri": "https://dv5devcert:8437/sap/opu/odata/sap/zod_ac_itc_srv/ZC_ACITCBuyerCodes('007')",
            "type": "ZOD_AC_ITC_SRV.ZC_ACITCBuyerCodesType"
          },
          "Buyercode": "007"
        },
        {
          "__metadata": {
            "id": "https://dv5devcert:8437/sap/opu/odata/sap/zod_ac_itc_srv/ZC_ACITCBuyerCodes('123')",
            "uri": "https://dv5devcert:8437/sap/opu/odata/sap/zod_ac_itc_srv/ZC_ACITCBuyerCodes('123')",
            "type": "ZOD_AC_ITC_SRV.ZC_ACITCBuyerCodesType"
          },
          "Buyercode": "123"
        },
        {
          "__metadata": {
            "id": "https://dv5devcert:8437/sap/opu/odata/sap/zod_ac_itc_srv/ZC_ACITCBuyerCodes('196')",
            "uri": "https://dv5devcert:8437/sap/opu/odata/sap/zod_ac_itc_srv/ZC_ACITCBuyerCodes('196')",
            "type": "ZOD_AC_ITC_SRV.ZC_ACITCBuyerCodesType"
          },
          "Buyercode": "196"
        },
        {
          "__metadata": {
            "id": "https://dv5devcert:8437/sap/opu/odata/sap/zod_ac_itc_srv/ZC_ACITCBuyerCodes('203')",
            "uri": "https://dv5devcert:8437/sap/opu/odata/sap/zod_ac_itc_srv/ZC_ACITCBuyerCodes('203')",
            "type": "ZOD_AC_ITC_SRV.ZC_ACITCBuyerCodesType"
          },
          "Buyercode": "203"
        },
        {
          "__metadata": {
            "id": "https://dv5devcert:8437/sap/opu/odata/sap/zod_ac_itc_srv/ZC_ACITCBuyerCodes('321')",
            "uri": "https://dv5devcert:8437/sap/opu/odata/sap/zod_ac_itc_srv/ZC_ACITCBuyerCodes('321')",
            "type": "ZOD_AC_ITC_SRV.ZC_ACITCBuyerCodesType"
          },
          "Buyercode": "321"
        },
        {
          "__metadata": {
            "id": "https://dv5devcert:8437/sap/opu/odata/sap/zod_ac_itc_srv/ZC_ACITCBuyerCodes('999')",
            "uri": "https://dv5devcert:8437/sap/opu/odata/sap/zod_ac_itc_srv/ZC_ACITCBuyerCodes('999')",
            "type": "ZOD_AC_ITC_SRV.ZC_ACITCBuyerCodesType"
          },
          "Buyercode": "999"
        },
        {
          "__metadata": {
            "id": "https://dv5devcert:8437/sap/opu/odata/sap/zod_ac_itc_srv/ZC_ACITCBuyerCodes('A%24%24')",
            "uri": "https://dv5devcert:8437/sap/opu/odata/sap/zod_ac_itc_srv/ZC_ACITCBuyerCodes('A%24%24')",
            "type": "ZOD_AC_ITC_SRV.ZC_ACITCBuyerCodesType"
          },
          "Buyercode": "A$$"
        },
        {
          "__metadata": {
            "id": "https://dv5devcert:8437/sap/opu/odata/sap/zod_ac_itc_srv/ZC_ACITCBuyerCodes('A%26%26')",
            "uri": "https://dv5devcert:8437/sap/opu/odata/sap/zod_ac_itc_srv/ZC_ACITCBuyerCodes('A%26%26')",
            "type": "ZOD_AC_ITC_SRV.ZC_ACITCBuyerCodesType"
          },
          "Buyercode": "A&&"
        },
        {
          "__metadata": {
            "id": "https://dv5devcert:8437/sap/opu/odata/sap/zod_ac_itc_srv/ZC_ACITCBuyerCodes('A01')",
            "uri": "https://dv5devcert:8437/sap/opu/odata/sap/zod_ac_itc_srv/ZC_ACITCBuyerCodes('A01')",
            "type": "ZOD_AC_ITC_SRV.ZC_ACITCBuyerCodesType"
          },
          "Buyercode": "A01"
        },
        {
          "__metadata": {
            "id": "https://dv5devcert:8437/sap/opu/odata/sap/zod_ac_itc_srv/ZC_ACITCBuyerCodes('A02')",
            "uri": "https://dv5devcert:8437/sap/opu/odata/sap/zod_ac_itc_srv/ZC_ACITCBuyerCodes('A02')",
            "type": "ZOD_AC_ITC_SRV.ZC_ACITCBuyerCodesType"
          },
          "Buyercode": "A02"
        },
        {
          "__metadata": {
            "id": "https://dv5devcert:8437/sap/opu/odata/sap/zod_ac_itc_srv/ZC_ACITCBuyerCodes('A03')",
            "uri": "https://dv5devcert:8437/sap/opu/odata/sap/zod_ac_itc_srv/ZC_ACITCBuyerCodes('A03')",
            "type": "ZOD_AC_ITC_SRV.ZC_ACITCBuyerCodesType"
          },
          "Buyercode": "A03"
        },
        {
          "__metadata": {
            "id": "https://dv5devcert:8437/sap/opu/odata/sap/zod_ac_itc_srv/ZC_ACITCBuyerCodes('A04')",
            "uri": "https://dv5devcert:8437/sap/opu/odata/sap/zod_ac_itc_srv/ZC_ACITCBuyerCodes('A04')",
            "type": "ZOD_AC_ITC_SRV.ZC_ACITCBuyerCodesType"
          },
          "Buyercode": "A04"
        },
        {
          "__metadata": {
            "id": "https://dv5devcert:8437/sap/opu/odata/sap/zod_ac_itc_srv/ZC_ACITCBuyerCodes('A05')",
            "uri": "https://dv5devcert:8437/sap/opu/odata/sap/zod_ac_itc_srv/ZC_ACITCBuyerCodes('A05')",
            "type": "ZOD_AC_ITC_SRV.ZC_ACITCBuyerCodesType"
          },
          "Buyercode": "A05"
        },
        {
          "__metadata": {
            "id": "https://dv5devcert:8437/sap/opu/odata/sap/zod_ac_itc_srv/ZC_ACITCBuyerCodes('A06')",
            "uri": "https://dv5devcert:8437/sap/opu/odata/sap/zod_ac_itc_srv/ZC_ACITCBuyerCodes('A06')",
            "type": "ZOD_AC_ITC_SRV.ZC_ACITCBuyerCodesType"
          },
          "Buyercode": "A06"
        },
        {
          "__metadata": {
            "id": "https://dv5devcert:8437/sap/opu/odata/sap/zod_ac_itc_srv/ZC_ACITCBuyerCodes('A07')",
            "uri": "https://dv5devcert:8437/sap/opu/odata/sap/zod_ac_itc_srv/ZC_ACITCBuyerCodes('A07')",
            "type": "ZOD_AC_ITC_SRV.ZC_ACITCBuyerCodesType"
          },
          "Buyercode": "A07"
        },
        {
          "__metadata": {
            "id": "https://dv5devcert:8437/sap/opu/odata/sap/zod_ac_itc_srv/ZC_ACITCBuyerCodes('A08')",
            "uri": "https://dv5devcert:8437/sap/opu/odata/sap/zod_ac_itc_srv/ZC_ACITCBuyerCodes('A08')",
            "type": "ZOD_AC_ITC_SRV.ZC_ACITCBuyerCodesType"
          },
          "Buyercode": "A08"
        },
        {
          "__metadata": {
            "id": "https://dv5devcert:8437/sap/opu/odata/sap/zod_ac_itc_srv/ZC_ACITCBuyerCodes('A09')",
            "uri": "https://dv5devcert:8437/sap/opu/odata/sap/zod_ac_itc_srv/ZC_ACITCBuyerCodes('A09')",
            "type": "ZOD_AC_ITC_SRV.ZC_ACITCBuyerCodesType"
          },
          "Buyercode": "A09"
        },
        {
          "__metadata": {
            "id": "https://dv5devcert:8437/sap/opu/odata/sap/zod_ac_itc_srv/ZC_ACITCBuyerCodes('A10')",
            "uri": "https://dv5devcert:8437/sap/opu/odata/sap/zod_ac_itc_srv/ZC_ACITCBuyerCodes('A10')",
            "type": "ZOD_AC_ITC_SRV.ZC_ACITCBuyerCodesType"
          },
          "Buyercode": "A10"
        },
        {
          "__metadata": {
            "id": "https://dv5devcert:8437/sap/opu/odata/sap/zod_ac_itc_srv/ZC_ACITCBuyerCodes('A11')",
            "uri": "https://dv5devcert:8437/sap/opu/odata/sap/zod_ac_itc_srv/ZC_ACITCBuyerCodes('A11')",
            "type": "ZOD_AC_ITC_SRV.ZC_ACITCBuyerCodesType"
          },
          "Buyercode": "A11"
        },
        {
          "__metadata": {
            "id": "https://dv5devcert:8437/sap/opu/odata/sap/zod_ac_itc_srv/ZC_ACITCBuyerCodes('A12')",
            "uri": "https://dv5devcert:8437/sap/opu/odata/sap/zod_ac_itc_srv/ZC_ACITCBuyerCodes('A12')",
            "type": "ZOD_AC_ITC_SRV.ZC_ACITCBuyerCodesType"
          },
          "Buyercode": "A12"
        },
        {
          "__metadata": {
            "id": "https://dv5devcert:8437/sap/opu/odata/sap/zod_ac_itc_srv/ZC_ACITCBuyerCodes('A13')",
            "uri": "https://dv5devcert:8437/sap/opu/odata/sap/zod_ac_itc_srv/ZC_ACITCBuyerCodes('A13')",
            "type": "ZOD_AC_ITC_SRV.ZC_ACITCBuyerCodesType"
          },
          "Buyercode": "A13"
        },
        {
          "__metadata": {
            "id": "https://dv5devcert:8437/sap/opu/odata/sap/zod_ac_itc_srv/ZC_ACITCBuyerCodes('A14')",
            "uri": "https://dv5devcert:8437/sap/opu/odata/sap/zod_ac_itc_srv/ZC_ACITCBuyerCodes('A14')",
            "type": "ZOD_AC_ITC_SRV.ZC_ACITCBuyerCodesType"
          },
          "Buyercode": "A14"
        },
        {
          "__metadata": {
            "id": "https://dv5devcert:8437/sap/opu/odata/sap/zod_ac_itc_srv/ZC_ACITCBuyerCodes('A15')",
            "uri": "https://dv5devcert:8437/sap/opu/odata/sap/zod_ac_itc_srv/ZC_ACITCBuyerCodes('A15')",
            "type": "ZOD_AC_ITC_SRV.ZC_ACITCBuyerCodesType"
          },
          "Buyercode": "A15"
        },
        {
          "__metadata": {
            "id": "https://dv5devcert:8437/sap/opu/odata/sap/zod_ac_itc_srv/ZC_ACITCBuyerCodes('A16')",
            "uri": "https://dv5devcert:8437/sap/opu/odata/sap/zod_ac_itc_srv/ZC_ACITCBuyerCodes('A16')",
            "type": "ZOD_AC_ITC_SRV.ZC_ACITCBuyerCodesType"
          },
          "Buyercode": "A16"
        },
        {
          "__metadata": {
            "id": "https://dv5devcert:8437/sap/opu/odata/sap/zod_ac_itc_srv/ZC_ACITCBuyerCodes('A17')",
            "uri": "https://dv5devcert:8437/sap/opu/odata/sap/zod_ac_itc_srv/ZC_ACITCBuyerCodes('A17')",
            "type": "ZOD_AC_ITC_SRV.ZC_ACITCBuyerCodesType"
          },
          "Buyercode": "A17"
        },
        {
          "__metadata": {
            "id": "https://dv5devcert:8437/sap/opu/odata/sap/zod_ac_itc_srv/ZC_ACITCBuyerCodes('A18')",
            "uri": "https://dv5devcert:8437/sap/opu/odata/sap/zod_ac_itc_srv/ZC_ACITCBuyerCodes('A18')",
            "type": "ZOD_AC_ITC_SRV.ZC_ACITCBuyerCodesType"
          },
          "Buyercode": "A18"
        },
        {
          "__metadata": {
            "id": "https://dv5devcert:8437/sap/opu/odata/sap/zod_ac_itc_srv/ZC_ACITCBuyerCodes('A19')",
            "uri": "https://dv5devcert:8437/sap/opu/odata/sap/zod_ac_itc_srv/ZC_ACITCBuyerCodes('A19')",
            "type": "ZOD_AC_ITC_SRV.ZC_ACITCBuyerCodesType"
          },
          "Buyercode": "A19"
        },
        {
          "__metadata": {
            "id": "https://dv5devcert:8437/sap/opu/odata/sap/zod_ac_itc_srv/ZC_ACITCBuyerCodes('A1A')",
            "uri": "https://dv5devcert:8437/sap/opu/odata/sap/zod_ac_itc_srv/ZC_ACITCBuyerCodes('A1A')",
            "type": "ZOD_AC_ITC_SRV.ZC_ACITCBuyerCodesType"
          },
          "Buyercode": "A1A"
        },
        {
          "__metadata": {
            "id": "https://dv5devcert:8437/sap/opu/odata/sap/zod_ac_itc_srv/ZC_ACITCBuyerCodes('A20')",
            "uri": "https://dv5devcert:8437/sap/opu/odata/sap/zod_ac_itc_srv/ZC_ACITCBuyerCodes('A20')",
            "type": "ZOD_AC_ITC_SRV.ZC_ACITCBuyerCodesType"
          },
          "Buyercode": "A20"
        },
        {
          "__metadata": {
            "id": "https://dv5devcert:8437/sap/opu/odata/sap/zod_ac_itc_srv/ZC_ACITCBuyerCodes('A21')",
            "uri": "https://dv5devcert:8437/sap/opu/odata/sap/zod_ac_itc_srv/ZC_ACITCBuyerCodes('A21')",
            "type": "ZOD_AC_ITC_SRV.ZC_ACITCBuyerCodesType"
          },
          "Buyercode": "A21"
        },
        {
          "__metadata": {
            "id": "https://dv5devcert:8437/sap/opu/odata/sap/zod_ac_itc_srv/ZC_ACITCBuyerCodes('A22')",
            "uri": "https://dv5devcert:8437/sap/opu/odata/sap/zod_ac_itc_srv/ZC_ACITCBuyerCodes('A22')",
            "type": "ZOD_AC_ITC_SRV.ZC_ACITCBuyerCodesType"
          },
          "Buyercode": "A22"
        },
        {
          "__metadata": {
            "id": "https://dv5devcert:8437/sap/opu/odata/sap/zod_ac_itc_srv/ZC_ACITCBuyerCodes('A23')",
            "uri": "https://dv5devcert:8437/sap/opu/odata/sap/zod_ac_itc_srv/ZC_ACITCBuyerCodes('A23')",
            "type": "ZOD_AC_ITC_SRV.ZC_ACITCBuyerCodesType"
          },
          "Buyercode": "A23"
        },
        {
          "__metadata": {
            "id": "https://dv5devcert:8437/sap/opu/odata/sap/zod_ac_itc_srv/ZC_ACITCBuyerCodes('A24')",
            "uri": "https://dv5devcert:8437/sap/opu/odata/sap/zod_ac_itc_srv/ZC_ACITCBuyerCodes('A24')",
            "type": "ZOD_AC_ITC_SRV.ZC_ACITCBuyerCodesType"
          },
          "Buyercode": "A24"
        },
        {
          "__metadata": {
            "id": "https://dv5devcert:8437/sap/opu/odata/sap/zod_ac_itc_srv/ZC_ACITCBuyerCodes('A25')",
            "uri": "https://dv5devcert:8437/sap/opu/odata/sap/zod_ac_itc_srv/ZC_ACITCBuyerCodes('A25')",
            "type": "ZOD_AC_ITC_SRV.ZC_ACITCBuyerCodesType"
          },
          "Buyercode": "A25"
        },
        {
          "__metadata": {
            "id": "https://dv5devcert:8437/sap/opu/odata/sap/zod_ac_itc_srv/ZC_ACITCBuyerCodes('A26')",
            "uri": "https://dv5devcert:8437/sap/opu/odata/sap/zod_ac_itc_srv/ZC_ACITCBuyerCodes('A26')",
            "type": "ZOD_AC_ITC_SRV.ZC_ACITCBuyerCodesType"
          },
          "Buyercode": "A26"
        },
        {
          "__metadata": {
            "id": "https://dv5devcert:8437/sap/opu/odata/sap/zod_ac_itc_srv/ZC_ACITCBuyerCodes('A27')",
            "uri": "https://dv5devcert:8437/sap/opu/odata/sap/zod_ac_itc_srv/ZC_ACITCBuyerCodes('A27')",
            "type": "ZOD_AC_ITC_SRV.ZC_ACITCBuyerCodesType"
          },
          "Buyercode": "A27"
        },
        {
          "__metadata": {
            "id": "https://dv5devcert:8437/sap/opu/odata/sap/zod_ac_itc_srv/ZC_ACITCBuyerCodes('A28')",
            "uri": "https://dv5devcert:8437/sap/opu/odata/sap/zod_ac_itc_srv/ZC_ACITCBuyerCodes('A28')",
            "type": "ZOD_AC_ITC_SRV.ZC_ACITCBuyerCodesType"
          },
          "Buyercode": "A28"
        },
        {
          "__metadata": {
            "id": "https://dv5devcert:8437/sap/opu/odata/sap/zod_ac_itc_srv/ZC_ACITCBuyerCodes('A29')",
            "uri": "https://dv5devcert:8437/sap/opu/odata/sap/zod_ac_itc_srv/ZC_ACITCBuyerCodes('A29')",
            "type": "ZOD_AC_ITC_SRV.ZC_ACITCBuyerCodesType"
          },
          "Buyercode": "A29"
        },
        {
          "__metadata": {
            "id": "https://dv5devcert:8437/sap/opu/odata/sap/zod_ac_itc_srv/ZC_ACITCBuyerCodes('A30')",
            "uri": "https://dv5devcert:8437/sap/opu/odata/sap/zod_ac_itc_srv/ZC_ACITCBuyerCodes('A30')",
            "type": "ZOD_AC_ITC_SRV.ZC_ACITCBuyerCodesType"
          },
          "Buyercode": "A30"
        },
        {
          "__metadata": {
            "id": "https://dv5devcert:8437/sap/opu/odata/sap/zod_ac_itc_srv/ZC_ACITCBuyerCodes('A31')",
            "uri": "https://dv5devcert:8437/sap/opu/odata/sap/zod_ac_itc_srv/ZC_ACITCBuyerCodes('A31')",
            "type": "ZOD_AC_ITC_SRV.ZC_ACITCBuyerCodesType"
          },
          "Buyercode": "A31"
        },
        {
          "__metadata": {
            "id": "https://dv5devcert:8437/sap/opu/odata/sap/zod_ac_itc_srv/ZC_ACITCBuyerCodes('A32')",
            "uri": "https://dv5devcert:8437/sap/opu/odata/sap/zod_ac_itc_srv/ZC_ACITCBuyerCodes('A32')",
            "type": "ZOD_AC_ITC_SRV.ZC_ACITCBuyerCodesType"
          },
          "Buyercode": "A32"
        },
        {
          "__metadata": {
            "id": "https://dv5devcert:8437/sap/opu/odata/sap/zod_ac_itc_srv/ZC_ACITCBuyerCodes('A33')",
            "uri": "https://dv5devcert:8437/sap/opu/odata/sap/zod_ac_itc_srv/ZC_ACITCBuyerCodes('A33')",
            "type": "ZOD_AC_ITC_SRV.ZC_ACITCBuyerCodesType"
          },
          "Buyercode": "A33"
        },
        {
          "__metadata": {
            "id": "https://dv5devcert:8437/sap/opu/odata/sap/zod_ac_itc_srv/ZC_ACITCBuyerCodes('A34')",
            "uri": "https://dv5devcert:8437/sap/opu/odata/sap/zod_ac_itc_srv/ZC_ACITCBuyerCodes('A34')",
            "type": "ZOD_AC_ITC_SRV.ZC_ACITCBuyerCodesType"
          },
          "Buyercode": "A34"
        },
        {
          "__metadata": {
            "id": "https://dv5devcert:8437/sap/opu/odata/sap/zod_ac_itc_srv/ZC_ACITCBuyerCodes('A35')",
            "uri": "https://dv5devcert:8437/sap/opu/odata/sap/zod_ac_itc_srv/ZC_ACITCBuyerCodes('A35')",
            "type": "ZOD_AC_ITC_SRV.ZC_ACITCBuyerCodesType"
          },
          "Buyercode": "A35"
        },
        {
          "__metadata": {
            "id": "https://dv5devcert:8437/sap/opu/odata/sap/zod_ac_itc_srv/ZC_ACITCBuyerCodes('A36')",
            "uri": "https://dv5devcert:8437/sap/opu/odata/sap/zod_ac_itc_srv/ZC_ACITCBuyerCodes('A36')",
            "type": "ZOD_AC_ITC_SRV.ZC_ACITCBuyerCodesType"
          },
          "Buyercode": "A36"
        },
        {
          "__metadata": {
            "id": "https://dv5devcert:8437/sap/opu/odata/sap/zod_ac_itc_srv/ZC_ACITCBuyerCodes('A37')",
            "uri": "https://dv5devcert:8437/sap/opu/odata/sap/zod_ac_itc_srv/ZC_ACITCBuyerCodes('A37')",
            "type": "ZOD_AC_ITC_SRV.ZC_ACITCBuyerCodesType"
          },
          "Buyercode": "A37"
        },
        {
          "__metadata": {
            "id": "https://dv5devcert:8437/sap/opu/odata/sap/zod_ac_itc_srv/ZC_ACITCBuyerCodes('A38')",
            "uri": "https://dv5devcert:8437/sap/opu/odata/sap/zod_ac_itc_srv/ZC_ACITCBuyerCodes('A38')",
            "type": "ZOD_AC_ITC_SRV.ZC_ACITCBuyerCodesType"
          },
          "Buyercode": "A38"
        },
        {
          "__metadata": {
            "id": "https://dv5devcert:8437/sap/opu/odata/sap/zod_ac_itc_srv/ZC_ACITCBuyerCodes('A39')",
            "uri": "https://dv5devcert:8437/sap/opu/odata/sap/zod_ac_itc_srv/ZC_ACITCBuyerCodes('A39')",
            "type": "ZOD_AC_ITC_SRV.ZC_ACITCBuyerCodesType"
          },
          "Buyercode": "A39"
        },
        {
          "__metadata": {
            "id": "https://dv5devcert:8437/sap/opu/odata/sap/zod_ac_itc_srv/ZC_ACITCBuyerCodes('A40')",
            "uri": "https://dv5devcert:8437/sap/opu/odata/sap/zod_ac_itc_srv/ZC_ACITCBuyerCodes('A40')",
            "type": "ZOD_AC_ITC_SRV.ZC_ACITCBuyerCodesType"
          },
          "Buyercode": "A40"
        },
        {
          "__metadata": {
            "id": "https://dv5devcert:8437/sap/opu/odata/sap/zod_ac_itc_srv/ZC_ACITCBuyerCodes('A41')",
            "uri": "https://dv5devcert:8437/sap/opu/odata/sap/zod_ac_itc_srv/ZC_ACITCBuyerCodes('A41')",
            "type": "ZOD_AC_ITC_SRV.ZC_ACITCBuyerCodesType"
          },
          "Buyercode": "A41"
        },
        {
          "__metadata": {
            "id": "https://dv5devcert:8437/sap/opu/odata/sap/zod_ac_itc_srv/ZC_ACITCBuyerCodes('A42')",
            "uri": "https://dv5devcert:8437/sap/opu/odata/sap/zod_ac_itc_srv/ZC_ACITCBuyerCodes('A42')",
            "type": "ZOD_AC_ITC_SRV.ZC_ACITCBuyerCodesType"
          },
          "Buyercode": "A42"
        },
        {
          "__metadata": {
            "id": "https://dv5devcert:8437/sap/opu/odata/sap/zod_ac_itc_srv/ZC_ACITCBuyerCodes('A43')",
            "uri": "https://dv5devcert:8437/sap/opu/odata/sap/zod_ac_itc_srv/ZC_ACITCBuyerCodes('A43')",
            "type": "ZOD_AC_ITC_SRV.ZC_ACITCBuyerCodesType"
          },
          "Buyercode": "A43"
        },
        {
          "__metadata": {
            "id": "https://dv5devcert:8437/sap/opu/odata/sap/zod_ac_itc_srv/ZC_ACITCBuyerCodes('A44')",
            "uri": "https://dv5devcert:8437/sap/opu/odata/sap/zod_ac_itc_srv/ZC_ACITCBuyerCodes('A44')",
            "type": "ZOD_AC_ITC_SRV.ZC_ACITCBuyerCodesType"
          },
          "Buyercode": "A44"
        },
        {
          "__metadata": {
            "id": "https://dv5devcert:8437/sap/opu/odata/sap/zod_ac_itc_srv/ZC_ACITCBuyerCodes('A45')",
            "uri": "https://dv5devcert:8437/sap/opu/odata/sap/zod_ac_itc_srv/ZC_ACITCBuyerCodes('A45')",
            "type": "ZOD_AC_ITC_SRV.ZC_ACITCBuyerCodesType"
          },
          "Buyercode": "A45"
        },
        {
          "__metadata": {
            "id": "https://dv5devcert:8437/sap/opu/odata/sap/zod_ac_itc_srv/ZC_ACITCBuyerCodes('A46')",
            "uri": "https://dv5devcert:8437/sap/opu/odata/sap/zod_ac_itc_srv/ZC_ACITCBuyerCodes('A46')",
            "type": "ZOD_AC_ITC_SRV.ZC_ACITCBuyerCodesType"
          },
          "Buyercode": "A46"
        },
        {
          "__metadata": {
            "id": "https://dv5devcert:8437/sap/opu/odata/sap/zod_ac_itc_srv/ZC_ACITCBuyerCodes('A47')",
            "uri": "https://dv5devcert:8437/sap/opu/odata/sap/zod_ac_itc_srv/ZC_ACITCBuyerCodes('A47')",
            "type": "ZOD_AC_ITC_SRV.ZC_ACITCBuyerCodesType"
          },
          "Buyercode": "A47"
        },
        {
          "__metadata": {
            "id": "https://dv5devcert:8437/sap/opu/odata/sap/zod_ac_itc_srv/ZC_ACITCBuyerCodes('A48')",
            "uri": "https://dv5devcert:8437/sap/opu/odata/sap/zod_ac_itc_srv/ZC_ACITCBuyerCodes('A48')",
            "type": "ZOD_AC_ITC_SRV.ZC_ACITCBuyerCodesType"
          },
          "Buyercode": "A48"
        },
        {
          "__metadata": {
            "id": "https://dv5devcert:8437/sap/opu/odata/sap/zod_ac_itc_srv/ZC_ACITCBuyerCodes('A49')",
            "uri": "https://dv5devcert:8437/sap/opu/odata/sap/zod_ac_itc_srv/ZC_ACITCBuyerCodes('A49')",
            "type": "ZOD_AC_ITC_SRV.ZC_ACITCBuyerCodesType"
          },
          "Buyercode": "A49"
        },
        {
          "__metadata": {
            "id": "https://dv5devcert:8437/sap/opu/odata/sap/zod_ac_itc_srv/ZC_ACITCBuyerCodes('A50')",
            "uri": "https://dv5devcert:8437/sap/opu/odata/sap/zod_ac_itc_srv/ZC_ACITCBuyerCodes('A50')",
            "type": "ZOD_AC_ITC_SRV.ZC_ACITCBuyerCodesType"
          },
          "Buyercode": "A50"
        },
        {
          "__metadata": {
            "id": "https://dv5devcert:8437/sap/opu/odata/sap/zod_ac_itc_srv/ZC_ACITCBuyerCodes('A51')",
            "uri": "https://dv5devcert:8437/sap/opu/odata/sap/zod_ac_itc_srv/ZC_ACITCBuyerCodes('A51')",
            "type": "ZOD_AC_ITC_SRV.ZC_ACITCBuyerCodesType"
          },
          "Buyercode": "A51"
        },
        {
          "__metadata": {
            "id": "https://dv5devcert:8437/sap/opu/odata/sap/zod_ac_itc_srv/ZC_ACITCBuyerCodes('A52')",
            "uri": "https://dv5devcert:8437/sap/opu/odata/sap/zod_ac_itc_srv/ZC_ACITCBuyerCodes('A52')",
            "type": "ZOD_AC_ITC_SRV.ZC_ACITCBuyerCodesType"
          },
          "Buyercode": "A52"
        },
        {
          "__metadata": {
            "id": "https://dv5devcert:8437/sap/opu/odata/sap/zod_ac_itc_srv/ZC_ACITCBuyerCodes('A53')",
            "uri": "https://dv5devcert:8437/sap/opu/odata/sap/zod_ac_itc_srv/ZC_ACITCBuyerCodes('A53')",
            "type": "ZOD_AC_ITC_SRV.ZC_ACITCBuyerCodesType"
          },
          "Buyercode": "A53"
        },
        {
          "__metadata": {
            "id": "https://dv5devcert:8437/sap/opu/odata/sap/zod_ac_itc_srv/ZC_ACITCBuyerCodes('A54')",
            "uri": "https://dv5devcert:8437/sap/opu/odata/sap/zod_ac_itc_srv/ZC_ACITCBuyerCodes('A54')",
            "type": "ZOD_AC_ITC_SRV.ZC_ACITCBuyerCodesType"
          },
          "Buyercode": "A54"
        },
        {
          "__metadata": {
            "id": "https://dv5devcert:8437/sap/opu/odata/sap/zod_ac_itc_srv/ZC_ACITCBuyerCodes('A55')",
            "uri": "https://dv5devcert:8437/sap/opu/odata/sap/zod_ac_itc_srv/ZC_ACITCBuyerCodes('A55')",
            "type": "ZOD_AC_ITC_SRV.ZC_ACITCBuyerCodesType"
          },
          "Buyercode": "A55"
        },
        {
          "__metadata": {
            "id": "https://dv5devcert:8437/sap/opu/odata/sap/zod_ac_itc_srv/ZC_ACITCBuyerCodes('A56')",
            "uri": "https://dv5devcert:8437/sap/opu/odata/sap/zod_ac_itc_srv/ZC_ACITCBuyerCodes('A56')",
            "type": "ZOD_AC_ITC_SRV.ZC_ACITCBuyerCodesType"
          },
          "Buyercode": "A56"
        },
        {
          "__metadata": {
            "id": "https://dv5devcert:8437/sap/opu/odata/sap/zod_ac_itc_srv/ZC_ACITCBuyerCodes('A57')",
            "uri": "https://dv5devcert:8437/sap/opu/odata/sap/zod_ac_itc_srv/ZC_ACITCBuyerCodes('A57')",
            "type": "ZOD_AC_ITC_SRV.ZC_ACITCBuyerCodesType"
          },
          "Buyercode": "A57"
        },
        {
          "__metadata": {
            "id": "https://dv5devcert:8437/sap/opu/odata/sap/zod_ac_itc_srv/ZC_ACITCBuyerCodes('A58')",
            "uri": "https://dv5devcert:8437/sap/opu/odata/sap/zod_ac_itc_srv/ZC_ACITCBuyerCodes('A58')",
            "type": "ZOD_AC_ITC_SRV.ZC_ACITCBuyerCodesType"
          },
          "Buyercode": "A58"
        },
        {
          "__metadata": {
            "id": "https://dv5devcert:8437/sap/opu/odata/sap/zod_ac_itc_srv/ZC_ACITCBuyerCodes('A59')",
            "uri": "https://dv5devcert:8437/sap/opu/odata/sap/zod_ac_itc_srv/ZC_ACITCBuyerCodes('A59')",
            "type": "ZOD_AC_ITC_SRV.ZC_ACITCBuyerCodesType"
          },
          "Buyercode": "A59"
        },
        {
          "__metadata": {
            "id": "https://dv5devcert:8437/sap/opu/odata/sap/zod_ac_itc_srv/ZC_ACITCBuyerCodes('A60')",
            "uri": "https://dv5devcert:8437/sap/opu/odata/sap/zod_ac_itc_srv/ZC_ACITCBuyerCodes('A60')",
            "type": "ZOD_AC_ITC_SRV.ZC_ACITCBuyerCodesType"
          },
          "Buyercode": "A60"
        },
        {
          "__metadata": {
            "id": "https://dv5devcert:8437/sap/opu/odata/sap/zod_ac_itc_srv/ZC_ACITCBuyerCodes('A61')",
            "uri": "https://dv5devcert:8437/sap/opu/odata/sap/zod_ac_itc_srv/ZC_ACITCBuyerCodes('A61')",
            "type": "ZOD_AC_ITC_SRV.ZC_ACITCBuyerCodesType"
          },
          "Buyercode": "A61"
        },
        {
          "__metadata": {
            "id": "https://dv5devcert:8437/sap/opu/odata/sap/zod_ac_itc_srv/ZC_ACITCBuyerCodes('A62')",
            "uri": "https://dv5devcert:8437/sap/opu/odata/sap/zod_ac_itc_srv/ZC_ACITCBuyerCodes('A62')",
            "type": "ZOD_AC_ITC_SRV.ZC_ACITCBuyerCodesType"
          },
          "Buyercode": "A62"
        },
        {
          "__metadata": {
            "id": "https://dv5devcert:8437/sap/opu/odata/sap/zod_ac_itc_srv/ZC_ACITCBuyerCodes('A63')",
            "uri": "https://dv5devcert:8437/sap/opu/odata/sap/zod_ac_itc_srv/ZC_ACITCBuyerCodes('A63')",
            "type": "ZOD_AC_ITC_SRV.ZC_ACITCBuyerCodesType"
          },
          "Buyercode": "A63"
        },
        {
          "__metadata": {
            "id": "https://dv5devcert:8437/sap/opu/odata/sap/zod_ac_itc_srv/ZC_ACITCBuyerCodes('A64')",
            "uri": "https://dv5devcert:8437/sap/opu/odata/sap/zod_ac_itc_srv/ZC_ACITCBuyerCodes('A64')",
            "type": "ZOD_AC_ITC_SRV.ZC_ACITCBuyerCodesType"
          },
          "Buyercode": "A64"
        },
        {
          "__metadata": {
            "id": "https://dv5devcert:8437/sap/opu/odata/sap/zod_ac_itc_srv/ZC_ACITCBuyerCodes('A65')",
            "uri": "https://dv5devcert:8437/sap/opu/odata/sap/zod_ac_itc_srv/ZC_ACITCBuyerCodes('A65')",
            "type": "ZOD_AC_ITC_SRV.ZC_ACITCBuyerCodesType"
          },
          "Buyercode": "A65"
        },
        {
          "__metadata": {
            "id": "https://dv5devcert:8437/sap/opu/odata/sap/zod_ac_itc_srv/ZC_ACITCBuyerCodes('A66')",
            "uri": "https://dv5devcert:8437/sap/opu/odata/sap/zod_ac_itc_srv/ZC_ACITCBuyerCodes('A66')",
            "type": "ZOD_AC_ITC_SRV.ZC_ACITCBuyerCodesType"
          },
          "Buyercode": "A66"
        },
        {
          "__metadata": {
            "id": "https://dv5devcert:8437/sap/opu/odata/sap/zod_ac_itc_srv/ZC_ACITCBuyerCodes('A67')",
            "uri": "https://dv5devcert:8437/sap/opu/odata/sap/zod_ac_itc_srv/ZC_ACITCBuyerCodes('A67')",
            "type": "ZOD_AC_ITC_SRV.ZC_ACITCBuyerCodesType"
          },
          "Buyercode": "A67"
        },
        {
          "__metadata": {
            "id": "https://dv5devcert:8437/sap/opu/odata/sap/zod_ac_itc_srv/ZC_ACITCBuyerCodes('A68')",
            "uri": "https://dv5devcert:8437/sap/opu/odata/sap/zod_ac_itc_srv/ZC_ACITCBuyerCodes('A68')",
            "type": "ZOD_AC_ITC_SRV.ZC_ACITCBuyerCodesType"
          },
          "Buyercode": "A68"
        },
        {
          "__metadata": {
            "id": "https://dv5devcert:8437/sap/opu/odata/sap/zod_ac_itc_srv/ZC_ACITCBuyerCodes('A70')",
            "uri": "https://dv5devcert:8437/sap/opu/odata/sap/zod_ac_itc_srv/ZC_ACITCBuyerCodes('A70')",
            "type": "ZOD_AC_ITC_SRV.ZC_ACITCBuyerCodesType"
          },
          "Buyercode": "A70"
        },
        {
          "__metadata": {
            "id": "https://dv5devcert:8437/sap/opu/odata/sap/zod_ac_itc_srv/ZC_ACITCBuyerCodes('A71')",
            "uri": "https://dv5devcert:8437/sap/opu/odata/sap/zod_ac_itc_srv/ZC_ACITCBuyerCodes('A71')",
            "type": "ZOD_AC_ITC_SRV.ZC_ACITCBuyerCodesType"
          },
          "Buyercode": "A71"
        },
        {
          "__metadata": {
            "id": "https://dv5devcert:8437/sap/opu/odata/sap/zod_ac_itc_srv/ZC_ACITCBuyerCodes('A72')",
            "uri": "https://dv5devcert:8437/sap/opu/odata/sap/zod_ac_itc_srv/ZC_ACITCBuyerCodes('A72')",
            "type": "ZOD_AC_ITC_SRV.ZC_ACITCBuyerCodesType"
          },
          "Buyercode": "A72"
        },
        {
          "__metadata": {
            "id": "https://dv5devcert:8437/sap/opu/odata/sap/zod_ac_itc_srv/ZC_ACITCBuyerCodes('A73')",
            "uri": "https://dv5devcert:8437/sap/opu/odata/sap/zod_ac_itc_srv/ZC_ACITCBuyerCodes('A73')",
            "type": "ZOD_AC_ITC_SRV.ZC_ACITCBuyerCodesType"
          },
          "Buyercode": "A73"
        },
        {
          "__metadata": {
            "id": "https://dv5devcert:8437/sap/opu/odata/sap/zod_ac_itc_srv/ZC_ACITCBuyerCodes('A74')",
            "uri": "https://dv5devcert:8437/sap/opu/odata/sap/zod_ac_itc_srv/ZC_ACITCBuyerCodes('A74')",
            "type": "ZOD_AC_ITC_SRV.ZC_ACITCBuyerCodesType"
          },
          "Buyercode": "A74"
        },
        {
          "__metadata": {
            "id": "https://dv5devcert:8437/sap/opu/odata/sap/zod_ac_itc_srv/ZC_ACITCBuyerCodes('A75')",
            "uri": "https://dv5devcert:8437/sap/opu/odata/sap/zod_ac_itc_srv/ZC_ACITCBuyerCodes('A75')",
            "type": "ZOD_AC_ITC_SRV.ZC_ACITCBuyerCodesType"
          },
          "Buyercode": "A75"
        },
        {
          "__metadata": {
            "id": "https://dv5devcert:8437/sap/opu/odata/sap/zod_ac_itc_srv/ZC_ACITCBuyerCodes('A76')",
            "uri": "https://dv5devcert:8437/sap/opu/odata/sap/zod_ac_itc_srv/ZC_ACITCBuyerCodes('A76')",
            "type": "ZOD_AC_ITC_SRV.ZC_ACITCBuyerCodesType"
          },
          "Buyercode": "A76"
        },
        {
          "__metadata": {
            "id": "https://dv5devcert:8437/sap/opu/odata/sap/zod_ac_itc_srv/ZC_ACITCBuyerCodes('A77')",
            "uri": "https://dv5devcert:8437/sap/opu/odata/sap/zod_ac_itc_srv/ZC_ACITCBuyerCodes('A77')",
            "type": "ZOD_AC_ITC_SRV.ZC_ACITCBuyerCodesType"
          },
          "Buyercode": "A77"
        },
        {
          "__metadata": {
            "id": "https://dv5devcert:8437/sap/opu/odata/sap/zod_ac_itc_srv/ZC_ACITCBuyerCodes('A78')",
            "uri": "https://dv5devcert:8437/sap/opu/odata/sap/zod_ac_itc_srv/ZC_ACITCBuyerCodes('A78')",
            "type": "ZOD_AC_ITC_SRV.ZC_ACITCBuyerCodesType"
          },
          "Buyercode": "A78"
        },
        {
          "__metadata": {
            "id": "https://dv5devcert:8437/sap/opu/odata/sap/zod_ac_itc_srv/ZC_ACITCBuyerCodes('A79')",
            "uri": "https://dv5devcert:8437/sap/opu/odata/sap/zod_ac_itc_srv/ZC_ACITCBuyerCodes('A79')",
            "type": "ZOD_AC_ITC_SRV.ZC_ACITCBuyerCodesType"
          },
          "Buyercode": "A79"
        },
        {
          "__metadata": {
            "id": "https://dv5devcert:8437/sap/opu/odata/sap/zod_ac_itc_srv/ZC_ACITCBuyerCodes('A81')",
            "uri": "https://dv5devcert:8437/sap/opu/odata/sap/zod_ac_itc_srv/ZC_ACITCBuyerCodes('A81')",
            "type": "ZOD_AC_ITC_SRV.ZC_ACITCBuyerCodesType"
          },
          "Buyercode": "A81"
        },
        {
          "__metadata": {
            "id": "https://dv5devcert:8437/sap/opu/odata/sap/zod_ac_itc_srv/ZC_ACITCBuyerCodes('A82')",
            "uri": "https://dv5devcert:8437/sap/opu/odata/sap/zod_ac_itc_srv/ZC_ACITCBuyerCodes('A82')",
            "type": "ZOD_AC_ITC_SRV.ZC_ACITCBuyerCodesType"
          },
          "Buyercode": "A82"
        },
        {
          "__metadata": {
            "id": "https://dv5devcert:8437/sap/opu/odata/sap/zod_ac_itc_srv/ZC_ACITCBuyerCodes('A90')",
            "uri": "https://dv5devcert:8437/sap/opu/odata/sap/zod_ac_itc_srv/ZC_ACITCBuyerCodes('A90')",
            "type": "ZOD_AC_ITC_SRV.ZC_ACITCBuyerCodesType"
          },
          "Buyercode": "A90"
        },
        {
          "__metadata": {
            "id": "https://dv5devcert:8437/sap/opu/odata/sap/zod_ac_itc_srv/ZC_ACITCBuyerCodes('A96')",
            "uri": "https://dv5devcert:8437/sap/opu/odata/sap/zod_ac_itc_srv/ZC_ACITCBuyerCodes('A96')",
            "type": "ZOD_AC_ITC_SRV.ZC_ACITCBuyerCodesType"
          },
          "Buyercode": "A96"
        },
        {
          "__metadata": {
            "id": "https://dv5devcert:8437/sap/opu/odata/sap/zod_ac_itc_srv/ZC_ACITCBuyerCodes('A97')",
            "uri": "https://dv5devcert:8437/sap/opu/odata/sap/zod_ac_itc_srv/ZC_ACITCBuyerCodes('A97')",
            "type": "ZOD_AC_ITC_SRV.ZC_ACITCBuyerCodesType"
          },
          "Buyercode": "A97"
        },
        {
          "__metadata": {
            "id": "https://dv5devcert:8437/sap/opu/odata/sap/zod_ac_itc_srv/ZC_ACITCBuyerCodes('A98')",
            "uri": "https://dv5devcert:8437/sap/opu/odata/sap/zod_ac_itc_srv/ZC_ACITCBuyerCodes('A98')",
            "type": "ZOD_AC_ITC_SRV.ZC_ACITCBuyerCodesType"
          },
          "Buyercode": "A98"
        },
        {
          "__metadata": {
            "id": "https://dv5devcert:8437/sap/opu/odata/sap/zod_ac_itc_srv/ZC_ACITCBuyerCodes('A99')",
            "uri": "https://dv5devcert:8437/sap/opu/odata/sap/zod_ac_itc_srv/ZC_ACITCBuyerCodes('A99')",
            "type": "ZOD_AC_ITC_SRV.ZC_ACITCBuyerCodesType"
          },
          "Buyercode": "A99"
        },
        {
          "__metadata": {
            "id": "https://dv5devcert:8437/sap/opu/odata/sap/zod_ac_itc_srv/ZC_ACITCBuyerCodes('AA1')",
            "uri": "https://dv5devcert:8437/sap/opu/odata/sap/zod_ac_itc_srv/ZC_ACITCBuyerCodes('AA1')",
            "type": "ZOD_AC_ITC_SRV.ZC_ACITCBuyerCodesType"
          },
          "Buyercode": "AA1"
        },
        {
          "__metadata": {
            "id": "https://dv5devcert:8437/sap/opu/odata/sap/zod_ac_itc_srv/ZC_ACITCBuyerCodes('AA2')",
            "uri": "https://dv5devcert:8437/sap/opu/odata/sap/zod_ac_itc_srv/ZC_ACITCBuyerCodes('AA2')",
            "type": "ZOD_AC_ITC_SRV.ZC_ACITCBuyerCodesType"
          },
          "Buyercode": "AA2"
        }
      ]
    }
  }