{
    "d": {
      "__count": "55",
      "results": [
        {
          "__metadata": {
            "id": "https://dv5devcert:8437/sap/opu/odata/sap/zod_ac_itc_srv/ZC_ACITCPlants('1251')",
            "uri": "https://dv5devcert:8437/sap/opu/odata/sap/zod_ac_itc_srv/ZC_ACITCPlants('1251')",
            "type": "ZOD_AC_ITC_SRV.ZC_ACITCPlantsType"
          },
          "Plant": "1251"
        },
        {
          "__metadata": {
            "id": "https://dv5devcert:8437/sap/opu/odata/sap/zod_ac_itc_srv/ZC_ACITCPlants('1252')",
            "uri": "https://dv5devcert:8437/sap/opu/odata/sap/zod_ac_itc_srv/ZC_ACITCPlants('1252')",
            "type": "ZOD_AC_ITC_SRV.ZC_ACITCPlantsType"
          },
          "Plant": "1252"
        },
        {
          "__metadata": {
            "id": "https://dv5devcert:8437/sap/opu/odata/sap/zod_ac_itc_srv/ZC_ACITCPlants('1296')",
            "uri": "https://dv5devcert:8437/sap/opu/odata/sap/zod_ac_itc_srv/ZC_ACITCPlants('1296')",
            "type": "ZOD_AC_ITC_SRV.ZC_ACITCPlantsType"
          },
          "Plant": "1296"
        },
        {
          "__metadata": {
            "id": "https://dv5devcert:8437/sap/opu/odata/sap/zod_ac_itc_srv/ZC_ACITCPlants('1325')",
            "uri": "https://dv5devcert:8437/sap/opu/odata/sap/zod_ac_itc_srv/ZC_ACITCPlants('1325')",
            "type": "ZOD_AC_ITC_SRV.ZC_ACITCPlantsType"
          },
          "Plant": "1325"
        },
        {
          "__metadata": {
            "id": "https://dv5devcert:8437/sap/opu/odata/sap/zod_ac_itc_srv/ZC_ACITCPlants('1326')",
            "uri": "https://dv5devcert:8437/sap/opu/odata/sap/zod_ac_itc_srv/ZC_ACITCPlants('1326')",
            "type": "ZOD_AC_ITC_SRV.ZC_ACITCPlantsType"
          },
          "Plant": "1326"
        },
        {
          "__metadata": {
            "id": "https://dv5devcert:8437/sap/opu/odata/sap/zod_ac_itc_srv/ZC_ACITCPlants('1351')",
            "uri": "https://dv5devcert:8437/sap/opu/odata/sap/zod_ac_itc_srv/ZC_ACITCPlants('1351')",
            "type": "ZOD_AC_ITC_SRV.ZC_ACITCPlantsType"
          },
          "Plant": "1351"
        },
        {
          "__metadata": {
            "id": "https://dv5devcert:8437/sap/opu/odata/sap/zod_ac_itc_srv/ZC_ACITCPlants('1352')",
            "uri": "https://dv5devcert:8437/sap/opu/odata/sap/zod_ac_itc_srv/ZC_ACITCPlants('1352')",
            "type": "ZOD_AC_ITC_SRV.ZC_ACITCPlantsType"
          },
          "Plant": "1352"
        },
        {
          "__metadata": {
            "id": "https://dv5devcert:8437/sap/opu/odata/sap/zod_ac_itc_srv/ZC_ACITCPlants('1435')",
            "uri": "https://dv5devcert:8437/sap/opu/odata/sap/zod_ac_itc_srv/ZC_ACITCPlants('1435')",
            "type": "ZOD_AC_ITC_SRV.ZC_ACITCPlantsType"
          },
          "Plant": "1435"
        },
        {
          "__metadata": {
            "id": "https://dv5devcert:8437/sap/opu/odata/sap/zod_ac_itc_srv/ZC_ACITCPlants('1436')",
            "uri": "https://dv5devcert:8437/sap/opu/odata/sap/zod_ac_itc_srv/ZC_ACITCPlants('1436')",
            "type": "ZOD_AC_ITC_SRV.ZC_ACITCPlantsType"
          },
          "Plant": "1436"
        },
        {
          "__metadata": {
            "id": "https://dv5devcert:8437/sap/opu/odata/sap/zod_ac_itc_srv/ZC_ACITCPlants('1485')",
            "uri": "https://dv5devcert:8437/sap/opu/odata/sap/zod_ac_itc_srv/ZC_ACITCPlants('1485')",
            "type": "ZOD_AC_ITC_SRV.ZC_ACITCPlantsType"
          },
          "Plant": "1485"
        },
        {
          "__metadata": {
            "id": "https://dv5devcert:8437/sap/opu/odata/sap/zod_ac_itc_srv/ZC_ACITCPlants('1486')",
            "uri": "https://dv5devcert:8437/sap/opu/odata/sap/zod_ac_itc_srv/ZC_ACITCPlants('1486')",
            "type": "ZOD_AC_ITC_SRV.ZC_ACITCPlantsType"
          },
          "Plant": "1486"
        },
        {
          "__metadata": {
            "id": "https://dv5devcert:8437/sap/opu/odata/sap/zod_ac_itc_srv/ZC_ACITCPlants('1496')",
            "uri": "https://dv5devcert:8437/sap/opu/odata/sap/zod_ac_itc_srv/ZC_ACITCPlants('1496')",
            "type": "ZOD_AC_ITC_SRV.ZC_ACITCPlantsType"
          },
          "Plant": "1496"
        },
        {
          "__metadata": {
            "id": "https://dv5devcert:8437/sap/opu/odata/sap/zod_ac_itc_srv/ZC_ACITCPlants('1515')",
            "uri": "https://dv5devcert:8437/sap/opu/odata/sap/zod_ac_itc_srv/ZC_ACITCPlants('1515')",
            "type": "ZOD_AC_ITC_SRV.ZC_ACITCPlantsType"
          },
          "Plant": "1515"
        },
        {
          "__metadata": {
            "id": "https://dv5devcert:8437/sap/opu/odata/sap/zod_ac_itc_srv/ZC_ACITCPlants('1516')",
            "uri": "https://dv5devcert:8437/sap/opu/odata/sap/zod_ac_itc_srv/ZC_ACITCPlants('1516')",
            "type": "ZOD_AC_ITC_SRV.ZC_ACITCPlantsType"
          },
          "Plant": "1516"
        },
        {
          "__metadata": {
            "id": "https://dv5devcert:8437/sap/opu/odata/sap/zod_ac_itc_srv/ZC_ACITCPlants('1517')",
            "uri": "https://dv5devcert:8437/sap/opu/odata/sap/zod_ac_itc_srv/ZC_ACITCPlants('1517')",
            "type": "ZOD_AC_ITC_SRV.ZC_ACITCPlantsType"
          },
          "Plant": "1517"
        },
        {
          "__metadata": {
            "id": "https://dv5devcert:8437/sap/opu/odata/sap/zod_ac_itc_srv/ZC_ACITCPlants('1916')",
            "uri": "https://dv5devcert:8437/sap/opu/odata/sap/zod_ac_itc_srv/ZC_ACITCPlants('1916')",
            "type": "ZOD_AC_ITC_SRV.ZC_ACITCPlantsType"
          },
          "Plant": "1916"
        },
        {
          "__metadata": {
            "id": "https://dv5devcert:8437/sap/opu/odata/sap/zod_ac_itc_srv/ZC_ACITCPlants('1963')",
            "uri": "https://dv5devcert:8437/sap/opu/odata/sap/zod_ac_itc_srv/ZC_ACITCPlants('1963')",
            "type": "ZOD_AC_ITC_SRV.ZC_ACITCPlantsType"
          },
          "Plant": "1963"
        },
        {
          "__metadata": {
            "id": "https://dv5devcert:8437/sap/opu/odata/sap/zod_ac_itc_srv/ZC_ACITCPlants('1976')",
            "uri": "https://dv5devcert:8437/sap/opu/odata/sap/zod_ac_itc_srv/ZC_ACITCPlants('1976')",
            "type": "ZOD_AC_ITC_SRV.ZC_ACITCPlantsType"
          },
          "Plant": "1976"
        },
        {
          "__metadata": {
            "id": "https://dv5devcert:8437/sap/opu/odata/sap/zod_ac_itc_srv/ZC_ACITCPlants('2002')",
            "uri": "https://dv5devcert:8437/sap/opu/odata/sap/zod_ac_itc_srv/ZC_ACITCPlants('2002')",
            "type": "ZOD_AC_ITC_SRV.ZC_ACITCPlantsType"
          },
          "Plant": "2002"
        },
        {
          "__metadata": {
            "id": "https://dv5devcert:8437/sap/opu/odata/sap/zod_ac_itc_srv/ZC_ACITCPlants('2023')",
            "uri": "https://dv5devcert:8437/sap/opu/odata/sap/zod_ac_itc_srv/ZC_ACITCPlants('2023')",
            "type": "ZOD_AC_ITC_SRV.ZC_ACITCPlantsType"
          },
          "Plant": "2023"
        },
        {
          "__metadata": {
            "id": "https://dv5devcert:8437/sap/opu/odata/sap/zod_ac_itc_srv/ZC_ACITCPlants('2045')",
            "uri": "https://dv5devcert:8437/sap/opu/odata/sap/zod_ac_itc_srv/ZC_ACITCPlants('2045')",
            "type": "ZOD_AC_ITC_SRV.ZC_ACITCPlantsType"
          },
          "Plant": "2045"
        },
        {
          "__metadata": {
            "id": "https://dv5devcert:8437/sap/opu/odata/sap/zod_ac_itc_srv/ZC_ACITCPlants('2046')",
            "uri": "https://dv5devcert:8437/sap/opu/odata/sap/zod_ac_itc_srv/ZC_ACITCPlants('2046')",
            "type": "ZOD_AC_ITC_SRV.ZC_ACITCPlantsType"
          },
          "Plant": "2046"
        },
        {
          "__metadata": {
            "id": "https://dv5devcert:8437/sap/opu/odata/sap/zod_ac_itc_srv/ZC_ACITCPlants('2322')",
            "uri": "https://dv5devcert:8437/sap/opu/odata/sap/zod_ac_itc_srv/ZC_ACITCPlants('2322')",
            "type": "ZOD_AC_ITC_SRV.ZC_ACITCPlantsType"
          },
          "Plant": "2322"
        },
        {
          "__metadata": {
            "id": "https://dv5devcert:8437/sap/opu/odata/sap/zod_ac_itc_srv/ZC_ACITCPlants('2352')",
            "uri": "https://dv5devcert:8437/sap/opu/odata/sap/zod_ac_itc_srv/ZC_ACITCPlants('2352')",
            "type": "ZOD_AC_ITC_SRV.ZC_ACITCPlantsType"
          },
          "Plant": "2352"
        },
        {
          "__metadata": {
            "id": "https://dv5devcert:8437/sap/opu/odata/sap/zod_ac_itc_srv/ZC_ACITCPlants('3551')",
            "uri": "https://dv5devcert:8437/sap/opu/odata/sap/zod_ac_itc_srv/ZC_ACITCPlants('3551')",
            "type": "ZOD_AC_ITC_SRV.ZC_ACITCPlantsType"
          },
          "Plant": "3551"
        },
        {
          "__metadata": {
            "id": "https://dv5devcert:8437/sap/opu/odata/sap/zod_ac_itc_srv/ZC_ACITCPlants('3552')",
            "uri": "https://dv5devcert:8437/sap/opu/odata/sap/zod_ac_itc_srv/ZC_ACITCPlants('3552')",
            "type": "ZOD_AC_ITC_SRV.ZC_ACITCPlantsType"
          },
          "Plant": "3552"
        },
        {
          "__metadata": {
            "id": "https://dv5devcert:8437/sap/opu/odata/sap/zod_ac_itc_srv/ZC_ACITCPlants('5651')",
            "uri": "https://dv5devcert:8437/sap/opu/odata/sap/zod_ac_itc_srv/ZC_ACITCPlants('5651')",
            "type": "ZOD_AC_ITC_SRV.ZC_ACITCPlantsType"
          },
          "Plant": "5651"
        },
        {
          "__metadata": {
            "id": "https://dv5devcert:8437/sap/opu/odata/sap/zod_ac_itc_srv/ZC_ACITCPlants('5652')",
            "uri": "https://dv5devcert:8437/sap/opu/odata/sap/zod_ac_itc_srv/ZC_ACITCPlants('5652')",
            "type": "ZOD_AC_ITC_SRV.ZC_ACITCPlantsType"
          },
          "Plant": "5652"
        },
        {
          "__metadata": {
            "id": "https://dv5devcert:8437/sap/opu/odata/sap/zod_ac_itc_srv/ZC_ACITCPlants('5653')",
            "uri": "https://dv5devcert:8437/sap/opu/odata/sap/zod_ac_itc_srv/ZC_ACITCPlants('5653')",
            "type": "ZOD_AC_ITC_SRV.ZC_ACITCPlantsType"
          },
          "Plant": "5653"
        },
        {
          "__metadata": {
            "id": "https://dv5devcert:8437/sap/opu/odata/sap/zod_ac_itc_srv/ZC_ACITCPlants('5655')",
            "uri": "https://dv5devcert:8437/sap/opu/odata/sap/zod_ac_itc_srv/ZC_ACITCPlants('5655')",
            "type": "ZOD_AC_ITC_SRV.ZC_ACITCPlantsType"
          },
          "Plant": "5655"
        },
        {
          "__metadata": {
            "id": "https://dv5devcert:8437/sap/opu/odata/sap/zod_ac_itc_srv/ZC_ACITCPlants('5657')",
            "uri": "https://dv5devcert:8437/sap/opu/odata/sap/zod_ac_itc_srv/ZC_ACITCPlants('5657')",
            "type": "ZOD_AC_ITC_SRV.ZC_ACITCPlantsType"
          },
          "Plant": "5657"
        },
        {
          "__metadata": {
            "id": "https://dv5devcert:8437/sap/opu/odata/sap/zod_ac_itc_srv/ZC_ACITCPlants('5658')",
            "uri": "https://dv5devcert:8437/sap/opu/odata/sap/zod_ac_itc_srv/ZC_ACITCPlants('5658')",
            "type": "ZOD_AC_ITC_SRV.ZC_ACITCPlantsType"
          },
          "Plant": "5658"
        },
        {
          "__metadata": {
            "id": "https://dv5devcert:8437/sap/opu/odata/sap/zod_ac_itc_srv/ZC_ACITCPlants('5659')",
            "uri": "https://dv5devcert:8437/sap/opu/odata/sap/zod_ac_itc_srv/ZC_ACITCPlants('5659')",
            "type": "ZOD_AC_ITC_SRV.ZC_ACITCPlantsType"
          },
          "Plant": "5659"
        },
        {
          "__metadata": {
            "id": "https://dv5devcert:8437/sap/opu/odata/sap/zod_ac_itc_srv/ZC_ACITCPlants('5660')",
            "uri": "https://dv5devcert:8437/sap/opu/odata/sap/zod_ac_itc_srv/ZC_ACITCPlants('5660')",
            "type": "ZOD_AC_ITC_SRV.ZC_ACITCPlantsType"
          },
          "Plant": "5660"
        },
        {
          "__metadata": {
            "id": "https://dv5devcert:8437/sap/opu/odata/sap/zod_ac_itc_srv/ZC_ACITCPlants('6151')",
            "uri": "https://dv5devcert:8437/sap/opu/odata/sap/zod_ac_itc_srv/ZC_ACITCPlants('6151')",
            "type": "ZOD_AC_ITC_SRV.ZC_ACITCPlantsType"
          },
          "Plant": "6151"
        },
        {
          "__metadata": {
            "id": "https://dv5devcert:8437/sap/opu/odata/sap/zod_ac_itc_srv/ZC_ACITCPlants('6412')",
            "uri": "https://dv5devcert:8437/sap/opu/odata/sap/zod_ac_itc_srv/ZC_ACITCPlants('6412')",
            "type": "ZOD_AC_ITC_SRV.ZC_ACITCPlantsType"
          },
          "Plant": "6412"
        },
        {
          "__metadata": {
            "id": "https://dv5devcert:8437/sap/opu/odata/sap/zod_ac_itc_srv/ZC_ACITCPlants('6415')",
            "uri": "https://dv5devcert:8437/sap/opu/odata/sap/zod_ac_itc_srv/ZC_ACITCPlants('6415')",
            "type": "ZOD_AC_ITC_SRV.ZC_ACITCPlantsType"
          },
          "Plant": "6415"
        },
        {
          "__metadata": {
            "id": "https://dv5devcert:8437/sap/opu/odata/sap/zod_ac_itc_srv/ZC_ACITCPlants('6451')",
            "uri": "https://dv5devcert:8437/sap/opu/odata/sap/zod_ac_itc_srv/ZC_ACITCPlants('6451')",
            "type": "ZOD_AC_ITC_SRV.ZC_ACITCPlantsType"
          },
          "Plant": "6451"
        },
        {
          "__metadata": {
            "id": "https://dv5devcert:8437/sap/opu/odata/sap/zod_ac_itc_srv/ZC_ACITCPlants('6452')",
            "uri": "https://dv5devcert:8437/sap/opu/odata/sap/zod_ac_itc_srv/ZC_ACITCPlants('6452')",
            "type": "ZOD_AC_ITC_SRV.ZC_ACITCPlantsType"
          },
          "Plant": "6452"
        },
        {
          "__metadata": {
            "id": "https://dv5devcert:8437/sap/opu/odata/sap/zod_ac_itc_srv/ZC_ACITCPlants('7250')",
            "uri": "https://dv5devcert:8437/sap/opu/odata/sap/zod_ac_itc_srv/ZC_ACITCPlants('7250')",
            "type": "ZOD_AC_ITC_SRV.ZC_ACITCPlantsType"
          },
          "Plant": "7250"
        },
        {
          "__metadata": {
            "id": "https://dv5devcert:8437/sap/opu/odata/sap/zod_ac_itc_srv/ZC_ACITCPlants('7252')",
            "uri": "https://dv5devcert:8437/sap/opu/odata/sap/zod_ac_itc_srv/ZC_ACITCPlants('7252')",
            "type": "ZOD_AC_ITC_SRV.ZC_ACITCPlantsType"
          },
          "Plant": "7252"
        },
        {
          "__metadata": {
            "id": "https://dv5devcert:8437/sap/opu/odata/sap/zod_ac_itc_srv/ZC_ACITCPlants('7253')",
            "uri": "https://dv5devcert:8437/sap/opu/odata/sap/zod_ac_itc_srv/ZC_ACITCPlants('7253')",
            "type": "ZOD_AC_ITC_SRV.ZC_ACITCPlantsType"
          },
          "Plant": "7253"
        },
        {
          "__metadata": {
            "id": "https://dv5devcert:8437/sap/opu/odata/sap/zod_ac_itc_srv/ZC_ACITCPlants('7254')",
            "uri": "https://dv5devcert:8437/sap/opu/odata/sap/zod_ac_itc_srv/ZC_ACITCPlants('7254')",
            "type": "ZOD_AC_ITC_SRV.ZC_ACITCPlantsType"
          },
          "Plant": "7254"
        },
        {
          "__metadata": {
            "id": "https://dv5devcert:8437/sap/opu/odata/sap/zod_ac_itc_srv/ZC_ACITCPlants('7256')",
            "uri": "https://dv5devcert:8437/sap/opu/odata/sap/zod_ac_itc_srv/ZC_ACITCPlants('7256')",
            "type": "ZOD_AC_ITC_SRV.ZC_ACITCPlantsType"
          },
          "Plant": "7256"
        },
        {
          "__metadata": {
            "id": "https://dv5devcert:8437/sap/opu/odata/sap/zod_ac_itc_srv/ZC_ACITCPlants('7258')",
            "uri": "https://dv5devcert:8437/sap/opu/odata/sap/zod_ac_itc_srv/ZC_ACITCPlants('7258')",
            "type": "ZOD_AC_ITC_SRV.ZC_ACITCPlantsType"
          },
          "Plant": "7258"
        },
        {
          "__metadata": {
            "id": "https://dv5devcert:8437/sap/opu/odata/sap/zod_ac_itc_srv/ZC_ACITCPlants('7260')",
            "uri": "https://dv5devcert:8437/sap/opu/odata/sap/zod_ac_itc_srv/ZC_ACITCPlants('7260')",
            "type": "ZOD_AC_ITC_SRV.ZC_ACITCPlantsType"
          },
          "Plant": "7260"
        },
        {
          "__metadata": {
            "id": "https://dv5devcert:8437/sap/opu/odata/sap/zod_ac_itc_srv/ZC_ACITCPlants('7350')",
            "uri": "https://dv5devcert:8437/sap/opu/odata/sap/zod_ac_itc_srv/ZC_ACITCPlants('7350')",
            "type": "ZOD_AC_ITC_SRV.ZC_ACITCPlantsType"
          },
          "Plant": "7350"
        },
        {
          "__metadata": {
            "id": "https://dv5devcert:8437/sap/opu/odata/sap/zod_ac_itc_srv/ZC_ACITCPlants('8251')",
            "uri": "https://dv5devcert:8437/sap/opu/odata/sap/zod_ac_itc_srv/ZC_ACITCPlants('8251')",
            "type": "ZOD_AC_ITC_SRV.ZC_ACITCPlantsType"
          },
          "Plant": "8251"
        },
        {
          "__metadata": {
            "id": "https://dv5devcert:8437/sap/opu/odata/sap/zod_ac_itc_srv/ZC_ACITCPlants('8412')",
            "uri": "https://dv5devcert:8437/sap/opu/odata/sap/zod_ac_itc_srv/ZC_ACITCPlants('8412')",
            "type": "ZOD_AC_ITC_SRV.ZC_ACITCPlantsType"
          },
          "Plant": "8412"
        },
        {
          "__metadata": {
            "id": "https://dv5devcert:8437/sap/opu/odata/sap/zod_ac_itc_srv/ZC_ACITCPlants('8451')",
            "uri": "https://dv5devcert:8437/sap/opu/odata/sap/zod_ac_itc_srv/ZC_ACITCPlants('8451')",
            "type": "ZOD_AC_ITC_SRV.ZC_ACITCPlantsType"
          },
          "Plant": "8451"
        },
        {
          "__metadata": {
            "id": "https://dv5devcert:8437/sap/opu/odata/sap/zod_ac_itc_srv/ZC_ACITCPlants('8452')",
            "uri": "https://dv5devcert:8437/sap/opu/odata/sap/zod_ac_itc_srv/ZC_ACITCPlants('8452')",
            "type": "ZOD_AC_ITC_SRV.ZC_ACITCPlantsType"
          },
          "Plant": "8452"
        },
        {
          "__metadata": {
            "id": "https://dv5devcert:8437/sap/opu/odata/sap/zod_ac_itc_srv/ZC_ACITCPlants('IN50')",
            "uri": "https://dv5devcert:8437/sap/opu/odata/sap/zod_ac_itc_srv/ZC_ACITCPlants('IN50')",
            "type": "ZOD_AC_ITC_SRV.ZC_ACITCPlantsType"
          },
          "Plant": "IN50"
        },
        {
          "__metadata": {
            "id": "https://dv5devcert:8437/sap/opu/odata/sap/zod_ac_itc_srv/ZC_ACITCPlants('IN51')",
            "uri": "https://dv5devcert:8437/sap/opu/odata/sap/zod_ac_itc_srv/ZC_ACITCPlants('IN51')",
            "type": "ZOD_AC_ITC_SRV.ZC_ACITCPlantsType"
          },
          "Plant": "IN51"
        },
        {
          "__metadata": {
            "id": "https://dv5devcert:8437/sap/opu/odata/sap/zod_ac_itc_srv/ZC_ACITCPlants('RU50')",
            "uri": "https://dv5devcert:8437/sap/opu/odata/sap/zod_ac_itc_srv/ZC_ACITCPlants('RU50')",
            "type": "ZOD_AC_ITC_SRV.ZC_ACITCPlantsType"
          },
          "Plant": "RU50"
        },
        {
          "__metadata": {
            "id": "https://dv5devcert:8437/sap/opu/odata/sap/zod_ac_itc_srv/ZC_ACITCPlants('TR50')",
            "uri": "https://dv5devcert:8437/sap/opu/odata/sap/zod_ac_itc_srv/ZC_ACITCPlants('TR50')",
            "type": "ZOD_AC_ITC_SRV.ZC_ACITCPlantsType"
          },
          "Plant": "TR50"
        }
      ]
    }
  }