{
    "d": {
      "__count": "907",
      "results": [
        {
          "__metadata": {
            "id": "https://dv5devcert:8437/sap/opu/odata/sap/zod_ac_itc_srv/ZC_ACITCPlannerCodes('000')",
            "uri": "https://dv5devcert:8437/sap/opu/odata/sap/zod_ac_itc_srv/ZC_ACITCPlannerCodes('000')",
            "type": "ZOD_AC_ITC_SRV.ZC_ACITCPlannerCodesType"
          },
          "PlannerCode": "000"
        },
        {
          "__metadata": {
            "id": "https://dv5devcert:8437/sap/opu/odata/sap/zod_ac_itc_srv/ZC_ACITCPlannerCodes('101')",
            "uri": "https://dv5devcert:8437/sap/opu/odata/sap/zod_ac_itc_srv/ZC_ACITCPlannerCodes('101')",
            "type": "ZOD_AC_ITC_SRV.ZC_ACITCPlannerCodesType"
          },
          "PlannerCode": "101"
        },
        {
          "__metadata": {
            "id": "https://dv5devcert:8437/sap/opu/odata/sap/zod_ac_itc_srv/ZC_ACITCPlannerCodes('102')",
            "uri": "https://dv5devcert:8437/sap/opu/odata/sap/zod_ac_itc_srv/ZC_ACITCPlannerCodes('102')",
            "type": "ZOD_AC_ITC_SRV.ZC_ACITCPlannerCodesType"
          },
          "PlannerCode": "102"
        },
        {
          "__metadata": {
            "id": "https://dv5devcert:8437/sap/opu/odata/sap/zod_ac_itc_srv/ZC_ACITCPlannerCodes('103')",
            "uri": "https://dv5devcert:8437/sap/opu/odata/sap/zod_ac_itc_srv/ZC_ACITCPlannerCodes('103')",
            "type": "ZOD_AC_ITC_SRV.ZC_ACITCPlannerCodesType"
          },
          "PlannerCode": "103"
        },
        {
          "__metadata": {
            "id": "https://dv5devcert:8437/sap/opu/odata/sap/zod_ac_itc_srv/ZC_ACITCPlannerCodes('104')",
            "uri": "https://dv5devcert:8437/sap/opu/odata/sap/zod_ac_itc_srv/ZC_ACITCPlannerCodes('104')",
            "type": "ZOD_AC_ITC_SRV.ZC_ACITCPlannerCodesType"
          },
          "PlannerCode": "104"
        },
        {
          "__metadata": {
            "id": "https://dv5devcert:8437/sap/opu/odata/sap/zod_ac_itc_srv/ZC_ACITCPlannerCodes('A26')",
            "uri": "https://dv5devcert:8437/sap/opu/odata/sap/zod_ac_itc_srv/ZC_ACITCPlannerCodes('A26')",
            "type": "ZOD_AC_ITC_SRV.ZC_ACITCPlannerCodesType"
          },
          "PlannerCode": "A26"
        },
        {
          "__metadata": {
            "id": "https://dv5devcert:8437/sap/opu/odata/sap/zod_ac_itc_srv/ZC_ACITCPlannerCodes('B01')",
            "uri": "https://dv5devcert:8437/sap/opu/odata/sap/zod_ac_itc_srv/ZC_ACITCPlannerCodes('B01')",
            "type": "ZOD_AC_ITC_SRV.ZC_ACITCPlannerCodesType"
          },
          "PlannerCode": "B01"
        },
        {
          "__metadata": {
            "id": "https://dv5devcert:8437/sap/opu/odata/sap/zod_ac_itc_srv/ZC_ACITCPlannerCodes('B02')",
            "uri": "https://dv5devcert:8437/sap/opu/odata/sap/zod_ac_itc_srv/ZC_ACITCPlannerCodes('B02')",
            "type": "ZOD_AC_ITC_SRV.ZC_ACITCPlannerCodesType"
          },
          "PlannerCode": "B02"
        },
        {
          "__metadata": {
            "id": "https://dv5devcert:8437/sap/opu/odata/sap/zod_ac_itc_srv/ZC_ACITCPlannerCodes('B03')",
            "uri": "https://dv5devcert:8437/sap/opu/odata/sap/zod_ac_itc_srv/ZC_ACITCPlannerCodes('B03')",
            "type": "ZOD_AC_ITC_SRV.ZC_ACITCPlannerCodesType"
          },
          "PlannerCode": "B03"
        },
        {
          "__metadata": {
            "id": "https://dv5devcert:8437/sap/opu/odata/sap/zod_ac_itc_srv/ZC_ACITCPlannerCodes('B04')",
            "uri": "https://dv5devcert:8437/sap/opu/odata/sap/zod_ac_itc_srv/ZC_ACITCPlannerCodes('B04')",
            "type": "ZOD_AC_ITC_SRV.ZC_ACITCPlannerCodesType"
          },
          "PlannerCode": "B04"
        },
        {
          "__metadata": {
            "id": "https://dv5devcert:8437/sap/opu/odata/sap/zod_ac_itc_srv/ZC_ACITCPlannerCodes('B05')",
            "uri": "https://dv5devcert:8437/sap/opu/odata/sap/zod_ac_itc_srv/ZC_ACITCPlannerCodes('B05')",
            "type": "ZOD_AC_ITC_SRV.ZC_ACITCPlannerCodesType"
          },
          "PlannerCode": "B05"
        },
        {
          "__metadata": {
            "id": "https://dv5devcert:8437/sap/opu/odata/sap/zod_ac_itc_srv/ZC_ACITCPlannerCodes('B06')",
            "uri": "https://dv5devcert:8437/sap/opu/odata/sap/zod_ac_itc_srv/ZC_ACITCPlannerCodes('B06')",
            "type": "ZOD_AC_ITC_SRV.ZC_ACITCPlannerCodesType"
          },
          "PlannerCode": "B06"
        },
        {
          "__metadata": {
            "id": "https://dv5devcert:8437/sap/opu/odata/sap/zod_ac_itc_srv/ZC_ACITCPlannerCodes('B07')",
            "uri": "https://dv5devcert:8437/sap/opu/odata/sap/zod_ac_itc_srv/ZC_ACITCPlannerCodes('B07')",
            "type": "ZOD_AC_ITC_SRV.ZC_ACITCPlannerCodesType"
          },
          "PlannerCode": "B07"
        },
        {
          "__metadata": {
            "id": "https://dv5devcert:8437/sap/opu/odata/sap/zod_ac_itc_srv/ZC_ACITCPlannerCodes('B08')",
            "uri": "https://dv5devcert:8437/sap/opu/odata/sap/zod_ac_itc_srv/ZC_ACITCPlannerCodes('B08')",
            "type": "ZOD_AC_ITC_SRV.ZC_ACITCPlannerCodesType"
          },
          "PlannerCode": "B08"
        },
        {
          "__metadata": {
            "id": "https://dv5devcert:8437/sap/opu/odata/sap/zod_ac_itc_srv/ZC_ACITCPlannerCodes('B09')",
            "uri": "https://dv5devcert:8437/sap/opu/odata/sap/zod_ac_itc_srv/ZC_ACITCPlannerCodes('B09')",
            "type": "ZOD_AC_ITC_SRV.ZC_ACITCPlannerCodesType"
          },
          "PlannerCode": "B09"
        },
        {
          "__metadata": {
            "id": "https://dv5devcert:8437/sap/opu/odata/sap/zod_ac_itc_srv/ZC_ACITCPlannerCodes('B10')",
            "uri": "https://dv5devcert:8437/sap/opu/odata/sap/zod_ac_itc_srv/ZC_ACITCPlannerCodes('B10')",
            "type": "ZOD_AC_ITC_SRV.ZC_ACITCPlannerCodesType"
          },
          "PlannerCode": "B10"
        },
        {
          "__metadata": {
            "id": "https://dv5devcert:8437/sap/opu/odata/sap/zod_ac_itc_srv/ZC_ACITCPlannerCodes('B11')",
            "uri": "https://dv5devcert:8437/sap/opu/odata/sap/zod_ac_itc_srv/ZC_ACITCPlannerCodes('B11')",
            "type": "ZOD_AC_ITC_SRV.ZC_ACITCPlannerCodesType"
          },
          "PlannerCode": "B11"
        },
        {
          "__metadata": {
            "id": "https://dv5devcert:8437/sap/opu/odata/sap/zod_ac_itc_srv/ZC_ACITCPlannerCodes('B12')",
            "uri": "https://dv5devcert:8437/sap/opu/odata/sap/zod_ac_itc_srv/ZC_ACITCPlannerCodes('B12')",
            "type": "ZOD_AC_ITC_SRV.ZC_ACITCPlannerCodesType"
          },
          "PlannerCode": "B12"
        },
        {
          "__metadata": {
            "id": "https://dv5devcert:8437/sap/opu/odata/sap/zod_ac_itc_srv/ZC_ACITCPlannerCodes('B13')",
            "uri": "https://dv5devcert:8437/sap/opu/odata/sap/zod_ac_itc_srv/ZC_ACITCPlannerCodes('B13')",
            "type": "ZOD_AC_ITC_SRV.ZC_ACITCPlannerCodesType"
          },
          "PlannerCode": "B13"
        },
        {
          "__metadata": {
            "id": "https://dv5devcert:8437/sap/opu/odata/sap/zod_ac_itc_srv/ZC_ACITCPlannerCodes('B14')",
            "uri": "https://dv5devcert:8437/sap/opu/odata/sap/zod_ac_itc_srv/ZC_ACITCPlannerCodes('B14')",
            "type": "ZOD_AC_ITC_SRV.ZC_ACITCPlannerCodesType"
          },
          "PlannerCode": "B14"
        },
        {
          "__metadata": {
            "id": "https://dv5devcert:8437/sap/opu/odata/sap/zod_ac_itc_srv/ZC_ACITCPlannerCodes('B15')",
            "uri": "https://dv5devcert:8437/sap/opu/odata/sap/zod_ac_itc_srv/ZC_ACITCPlannerCodes('B15')",
            "type": "ZOD_AC_ITC_SRV.ZC_ACITCPlannerCodesType"
          },
          "PlannerCode": "B15"
        },
        {
          "__metadata": {
            "id": "https://dv5devcert:8437/sap/opu/odata/sap/zod_ac_itc_srv/ZC_ACITCPlannerCodes('B16')",
            "uri": "https://dv5devcert:8437/sap/opu/odata/sap/zod_ac_itc_srv/ZC_ACITCPlannerCodes('B16')",
            "type": "ZOD_AC_ITC_SRV.ZC_ACITCPlannerCodesType"
          },
          "PlannerCode": "B16"
        },
        {
          "__metadata": {
            "id": "https://dv5devcert:8437/sap/opu/odata/sap/zod_ac_itc_srv/ZC_ACITCPlannerCodes('B17')",
            "uri": "https://dv5devcert:8437/sap/opu/odata/sap/zod_ac_itc_srv/ZC_ACITCPlannerCodes('B17')",
            "type": "ZOD_AC_ITC_SRV.ZC_ACITCPlannerCodesType"
          },
          "PlannerCode": "B17"
        },
        {
          "__metadata": {
            "id": "https://dv5devcert:8437/sap/opu/odata/sap/zod_ac_itc_srv/ZC_ACITCPlannerCodes('B18')",
            "uri": "https://dv5devcert:8437/sap/opu/odata/sap/zod_ac_itc_srv/ZC_ACITCPlannerCodes('B18')",
            "type": "ZOD_AC_ITC_SRV.ZC_ACITCPlannerCodesType"
          },
          "PlannerCode": "B18"
        },
        {
          "__metadata": {
            "id": "https://dv5devcert:8437/sap/opu/odata/sap/zod_ac_itc_srv/ZC_ACITCPlannerCodes('B19')",
            "uri": "https://dv5devcert:8437/sap/opu/odata/sap/zod_ac_itc_srv/ZC_ACITCPlannerCodes('B19')",
            "type": "ZOD_AC_ITC_SRV.ZC_ACITCPlannerCodesType"
          },
          "PlannerCode": "B19"
        },
        {
          "__metadata": {
            "id": "https://dv5devcert:8437/sap/opu/odata/sap/zod_ac_itc_srv/ZC_ACITCPlannerCodes('B20')",
            "uri": "https://dv5devcert:8437/sap/opu/odata/sap/zod_ac_itc_srv/ZC_ACITCPlannerCodes('B20')",
            "type": "ZOD_AC_ITC_SRV.ZC_ACITCPlannerCodesType"
          },
          "PlannerCode": "B20"
        },
        {
          "__metadata": {
            "id": "https://dv5devcert:8437/sap/opu/odata/sap/zod_ac_itc_srv/ZC_ACITCPlannerCodes('B21')",
            "uri": "https://dv5devcert:8437/sap/opu/odata/sap/zod_ac_itc_srv/ZC_ACITCPlannerCodes('B21')",
            "type": "ZOD_AC_ITC_SRV.ZC_ACITCPlannerCodesType"
          },
          "PlannerCode": "B21"
        },
        {
          "__metadata": {
            "id": "https://dv5devcert:8437/sap/opu/odata/sap/zod_ac_itc_srv/ZC_ACITCPlannerCodes('B22')",
            "uri": "https://dv5devcert:8437/sap/opu/odata/sap/zod_ac_itc_srv/ZC_ACITCPlannerCodes('B22')",
            "type": "ZOD_AC_ITC_SRV.ZC_ACITCPlannerCodesType"
          },
          "PlannerCode": "B22"
        },
        {
          "__metadata": {
            "id": "https://dv5devcert:8437/sap/opu/odata/sap/zod_ac_itc_srv/ZC_ACITCPlannerCodes('B23')",
            "uri": "https://dv5devcert:8437/sap/opu/odata/sap/zod_ac_itc_srv/ZC_ACITCPlannerCodes('B23')",
            "type": "ZOD_AC_ITC_SRV.ZC_ACITCPlannerCodesType"
          },
          "PlannerCode": "B23"
        },
        {
          "__metadata": {
            "id": "https://dv5devcert:8437/sap/opu/odata/sap/zod_ac_itc_srv/ZC_ACITCPlannerCodes('B24')",
            "uri": "https://dv5devcert:8437/sap/opu/odata/sap/zod_ac_itc_srv/ZC_ACITCPlannerCodes('B24')",
            "type": "ZOD_AC_ITC_SRV.ZC_ACITCPlannerCodesType"
          },
          "PlannerCode": "B24"
        },
        {
          "__metadata": {
            "id": "https://dv5devcert:8437/sap/opu/odata/sap/zod_ac_itc_srv/ZC_ACITCPlannerCodes('B25')",
            "uri": "https://dv5devcert:8437/sap/opu/odata/sap/zod_ac_itc_srv/ZC_ACITCPlannerCodes('B25')",
            "type": "ZOD_AC_ITC_SRV.ZC_ACITCPlannerCodesType"
          },
          "PlannerCode": "B25"
        },
        {
          "__metadata": {
            "id": "https://dv5devcert:8437/sap/opu/odata/sap/zod_ac_itc_srv/ZC_ACITCPlannerCodes('B26')",
            "uri": "https://dv5devcert:8437/sap/opu/odata/sap/zod_ac_itc_srv/ZC_ACITCPlannerCodes('B26')",
            "type": "ZOD_AC_ITC_SRV.ZC_ACITCPlannerCodesType"
          },
          "PlannerCode": "B26"
        },
        {
          "__metadata": {
            "id": "https://dv5devcert:8437/sap/opu/odata/sap/zod_ac_itc_srv/ZC_ACITCPlannerCodes('B27')",
            "uri": "https://dv5devcert:8437/sap/opu/odata/sap/zod_ac_itc_srv/ZC_ACITCPlannerCodes('B27')",
            "type": "ZOD_AC_ITC_SRV.ZC_ACITCPlannerCodesType"
          },
          "PlannerCode": "B27"
        },
        {
          "__metadata": {
            "id": "https://dv5devcert:8437/sap/opu/odata/sap/zod_ac_itc_srv/ZC_ACITCPlannerCodes('B28')",
            "uri": "https://dv5devcert:8437/sap/opu/odata/sap/zod_ac_itc_srv/ZC_ACITCPlannerCodes('B28')",
            "type": "ZOD_AC_ITC_SRV.ZC_ACITCPlannerCodesType"
          },
          "PlannerCode": "B28"
        },
        {
          "__metadata": {
            "id": "https://dv5devcert:8437/sap/opu/odata/sap/zod_ac_itc_srv/ZC_ACITCPlannerCodes('B29')",
            "uri": "https://dv5devcert:8437/sap/opu/odata/sap/zod_ac_itc_srv/ZC_ACITCPlannerCodes('B29')",
            "type": "ZOD_AC_ITC_SRV.ZC_ACITCPlannerCodesType"
          },
          "PlannerCode": "B29"
        },
        {
          "__metadata": {
            "id": "https://dv5devcert:8437/sap/opu/odata/sap/zod_ac_itc_srv/ZC_ACITCPlannerCodes('B30')",
            "uri": "https://dv5devcert:8437/sap/opu/odata/sap/zod_ac_itc_srv/ZC_ACITCPlannerCodes('B30')",
            "type": "ZOD_AC_ITC_SRV.ZC_ACITCPlannerCodesType"
          },
          "PlannerCode": "B30"
        },
        {
          "__metadata": {
            "id": "https://dv5devcert:8437/sap/opu/odata/sap/zod_ac_itc_srv/ZC_ACITCPlannerCodes('B31')",
            "uri": "https://dv5devcert:8437/sap/opu/odata/sap/zod_ac_itc_srv/ZC_ACITCPlannerCodes('B31')",
            "type": "ZOD_AC_ITC_SRV.ZC_ACITCPlannerCodesType"
          },
          "PlannerCode": "B31"
        },
        {
          "__metadata": {
            "id": "https://dv5devcert:8437/sap/opu/odata/sap/zod_ac_itc_srv/ZC_ACITCPlannerCodes('B32')",
            "uri": "https://dv5devcert:8437/sap/opu/odata/sap/zod_ac_itc_srv/ZC_ACITCPlannerCodes('B32')",
            "type": "ZOD_AC_ITC_SRV.ZC_ACITCPlannerCodesType"
          },
          "PlannerCode": "B32"
        },
        {
          "__metadata": {
            "id": "https://dv5devcert:8437/sap/opu/odata/sap/zod_ac_itc_srv/ZC_ACITCPlannerCodes('B33')",
            "uri": "https://dv5devcert:8437/sap/opu/odata/sap/zod_ac_itc_srv/ZC_ACITCPlannerCodes('B33')",
            "type": "ZOD_AC_ITC_SRV.ZC_ACITCPlannerCodesType"
          },
          "PlannerCode": "B33"
        },
        {
          "__metadata": {
            "id": "https://dv5devcert:8437/sap/opu/odata/sap/zod_ac_itc_srv/ZC_ACITCPlannerCodes('B34')",
            "uri": "https://dv5devcert:8437/sap/opu/odata/sap/zod_ac_itc_srv/ZC_ACITCPlannerCodes('B34')",
            "type": "ZOD_AC_ITC_SRV.ZC_ACITCPlannerCodesType"
          },
          "PlannerCode": "B34"
        },
        {
          "__metadata": {
            "id": "https://dv5devcert:8437/sap/opu/odata/sap/zod_ac_itc_srv/ZC_ACITCPlannerCodes('B35')",
            "uri": "https://dv5devcert:8437/sap/opu/odata/sap/zod_ac_itc_srv/ZC_ACITCPlannerCodes('B35')",
            "type": "ZOD_AC_ITC_SRV.ZC_ACITCPlannerCodesType"
          },
          "PlannerCode": "B35"
        },
        {
          "__metadata": {
            "id": "https://dv5devcert:8437/sap/opu/odata/sap/zod_ac_itc_srv/ZC_ACITCPlannerCodes('B36')",
            "uri": "https://dv5devcert:8437/sap/opu/odata/sap/zod_ac_itc_srv/ZC_ACITCPlannerCodes('B36')",
            "type": "ZOD_AC_ITC_SRV.ZC_ACITCPlannerCodesType"
          },
          "PlannerCode": "B36"
        },
        {
          "__metadata": {
            "id": "https://dv5devcert:8437/sap/opu/odata/sap/zod_ac_itc_srv/ZC_ACITCPlannerCodes('B37')",
            "uri": "https://dv5devcert:8437/sap/opu/odata/sap/zod_ac_itc_srv/ZC_ACITCPlannerCodes('B37')",
            "type": "ZOD_AC_ITC_SRV.ZC_ACITCPlannerCodesType"
          },
          "PlannerCode": "B37"
        },
        {
          "__metadata": {
            "id": "https://dv5devcert:8437/sap/opu/odata/sap/zod_ac_itc_srv/ZC_ACITCPlannerCodes('B38')",
            "uri": "https://dv5devcert:8437/sap/opu/odata/sap/zod_ac_itc_srv/ZC_ACITCPlannerCodes('B38')",
            "type": "ZOD_AC_ITC_SRV.ZC_ACITCPlannerCodesType"
          },
          "PlannerCode": "B38"
        },
        {
          "__metadata": {
            "id": "https://dv5devcert:8437/sap/opu/odata/sap/zod_ac_itc_srv/ZC_ACITCPlannerCodes('B39')",
            "uri": "https://dv5devcert:8437/sap/opu/odata/sap/zod_ac_itc_srv/ZC_ACITCPlannerCodes('B39')",
            "type": "ZOD_AC_ITC_SRV.ZC_ACITCPlannerCodesType"
          },
          "PlannerCode": "B39"
        },
        {
          "__metadata": {
            "id": "https://dv5devcert:8437/sap/opu/odata/sap/zod_ac_itc_srv/ZC_ACITCPlannerCodes('B40')",
            "uri": "https://dv5devcert:8437/sap/opu/odata/sap/zod_ac_itc_srv/ZC_ACITCPlannerCodes('B40')",
            "type": "ZOD_AC_ITC_SRV.ZC_ACITCPlannerCodesType"
          },
          "PlannerCode": "B40"
        },
        {
          "__metadata": {
            "id": "https://dv5devcert:8437/sap/opu/odata/sap/zod_ac_itc_srv/ZC_ACITCPlannerCodes('B41')",
            "uri": "https://dv5devcert:8437/sap/opu/odata/sap/zod_ac_itc_srv/ZC_ACITCPlannerCodes('B41')",
            "type": "ZOD_AC_ITC_SRV.ZC_ACITCPlannerCodesType"
          },
          "PlannerCode": "B41"
        },
        {
          "__metadata": {
            "id": "https://dv5devcert:8437/sap/opu/odata/sap/zod_ac_itc_srv/ZC_ACITCPlannerCodes('B42')",
            "uri": "https://dv5devcert:8437/sap/opu/odata/sap/zod_ac_itc_srv/ZC_ACITCPlannerCodes('B42')",
            "type": "ZOD_AC_ITC_SRV.ZC_ACITCPlannerCodesType"
          },
          "PlannerCode": "B42"
        },
        {
          "__metadata": {
            "id": "https://dv5devcert:8437/sap/opu/odata/sap/zod_ac_itc_srv/ZC_ACITCPlannerCodes('B43')",
            "uri": "https://dv5devcert:8437/sap/opu/odata/sap/zod_ac_itc_srv/ZC_ACITCPlannerCodes('B43')",
            "type": "ZOD_AC_ITC_SRV.ZC_ACITCPlannerCodesType"
          },
          "PlannerCode": "B43"
        },
        {
          "__metadata": {
            "id": "https://dv5devcert:8437/sap/opu/odata/sap/zod_ac_itc_srv/ZC_ACITCPlannerCodes('B44')",
            "uri": "https://dv5devcert:8437/sap/opu/odata/sap/zod_ac_itc_srv/ZC_ACITCPlannerCodes('B44')",
            "type": "ZOD_AC_ITC_SRV.ZC_ACITCPlannerCodesType"
          },
          "PlannerCode": "B44"
        },
        {
          "__metadata": {
            "id": "https://dv5devcert:8437/sap/opu/odata/sap/zod_ac_itc_srv/ZC_ACITCPlannerCodes('B45')",
            "uri": "https://dv5devcert:8437/sap/opu/odata/sap/zod_ac_itc_srv/ZC_ACITCPlannerCodes('B45')",
            "type": "ZOD_AC_ITC_SRV.ZC_ACITCPlannerCodesType"
          },
          "PlannerCode": "B45"
        },
        {
          "__metadata": {
            "id": "https://dv5devcert:8437/sap/opu/odata/sap/zod_ac_itc_srv/ZC_ACITCPlannerCodes('B46')",
            "uri": "https://dv5devcert:8437/sap/opu/odata/sap/zod_ac_itc_srv/ZC_ACITCPlannerCodes('B46')",
            "type": "ZOD_AC_ITC_SRV.ZC_ACITCPlannerCodesType"
          },
          "PlannerCode": "B46"
        },
        {
          "__metadata": {
            "id": "https://dv5devcert:8437/sap/opu/odata/sap/zod_ac_itc_srv/ZC_ACITCPlannerCodes('B47')",
            "uri": "https://dv5devcert:8437/sap/opu/odata/sap/zod_ac_itc_srv/ZC_ACITCPlannerCodes('B47')",
            "type": "ZOD_AC_ITC_SRV.ZC_ACITCPlannerCodesType"
          },
          "PlannerCode": "B47"
        },
        {
          "__metadata": {
            "id": "https://dv5devcert:8437/sap/opu/odata/sap/zod_ac_itc_srv/ZC_ACITCPlannerCodes('B48')",
            "uri": "https://dv5devcert:8437/sap/opu/odata/sap/zod_ac_itc_srv/ZC_ACITCPlannerCodes('B48')",
            "type": "ZOD_AC_ITC_SRV.ZC_ACITCPlannerCodesType"
          },
          "PlannerCode": "B48"
        },
        {
          "__metadata": {
            "id": "https://dv5devcert:8437/sap/opu/odata/sap/zod_ac_itc_srv/ZC_ACITCPlannerCodes('B49')",
            "uri": "https://dv5devcert:8437/sap/opu/odata/sap/zod_ac_itc_srv/ZC_ACITCPlannerCodes('B49')",
            "type": "ZOD_AC_ITC_SRV.ZC_ACITCPlannerCodesType"
          },
          "PlannerCode": "B49"
        },
        {
          "__metadata": {
            "id": "https://dv5devcert:8437/sap/opu/odata/sap/zod_ac_itc_srv/ZC_ACITCPlannerCodes('B50')",
            "uri": "https://dv5devcert:8437/sap/opu/odata/sap/zod_ac_itc_srv/ZC_ACITCPlannerCodes('B50')",
            "type": "ZOD_AC_ITC_SRV.ZC_ACITCPlannerCodesType"
          },
          "PlannerCode": "B50"
        },
        {
          "__metadata": {
            "id": "https://dv5devcert:8437/sap/opu/odata/sap/zod_ac_itc_srv/ZC_ACITCPlannerCodes('B51')",
            "uri": "https://dv5devcert:8437/sap/opu/odata/sap/zod_ac_itc_srv/ZC_ACITCPlannerCodes('B51')",
            "type": "ZOD_AC_ITC_SRV.ZC_ACITCPlannerCodesType"
          },
          "PlannerCode": "B51"
        },
        {
          "__metadata": {
            "id": "https://dv5devcert:8437/sap/opu/odata/sap/zod_ac_itc_srv/ZC_ACITCPlannerCodes('B52')",
            "uri": "https://dv5devcert:8437/sap/opu/odata/sap/zod_ac_itc_srv/ZC_ACITCPlannerCodes('B52')",
            "type": "ZOD_AC_ITC_SRV.ZC_ACITCPlannerCodesType"
          },
          "PlannerCode": "B52"
        },
        {
          "__metadata": {
            "id": "https://dv5devcert:8437/sap/opu/odata/sap/zod_ac_itc_srv/ZC_ACITCPlannerCodes('B53')",
            "uri": "https://dv5devcert:8437/sap/opu/odata/sap/zod_ac_itc_srv/ZC_ACITCPlannerCodes('B53')",
            "type": "ZOD_AC_ITC_SRV.ZC_ACITCPlannerCodesType"
          },
          "PlannerCode": "B53"
        },
        {
          "__metadata": {
            "id": "https://dv5devcert:8437/sap/opu/odata/sap/zod_ac_itc_srv/ZC_ACITCPlannerCodes('B54')",
            "uri": "https://dv5devcert:8437/sap/opu/odata/sap/zod_ac_itc_srv/ZC_ACITCPlannerCodes('B54')",
            "type": "ZOD_AC_ITC_SRV.ZC_ACITCPlannerCodesType"
          },
          "PlannerCode": "B54"
        },
        {
          "__metadata": {
            "id": "https://dv5devcert:8437/sap/opu/odata/sap/zod_ac_itc_srv/ZC_ACITCPlannerCodes('B55')",
            "uri": "https://dv5devcert:8437/sap/opu/odata/sap/zod_ac_itc_srv/ZC_ACITCPlannerCodes('B55')",
            "type": "ZOD_AC_ITC_SRV.ZC_ACITCPlannerCodesType"
          },
          "PlannerCode": "B55"
        },
        {
          "__metadata": {
            "id": "https://dv5devcert:8437/sap/opu/odata/sap/zod_ac_itc_srv/ZC_ACITCPlannerCodes('B56')",
            "uri": "https://dv5devcert:8437/sap/opu/odata/sap/zod_ac_itc_srv/ZC_ACITCPlannerCodes('B56')",
            "type": "ZOD_AC_ITC_SRV.ZC_ACITCPlannerCodesType"
          },
          "PlannerCode": "B56"
        },
        {
          "__metadata": {
            "id": "https://dv5devcert:8437/sap/opu/odata/sap/zod_ac_itc_srv/ZC_ACITCPlannerCodes('B57')",
            "uri": "https://dv5devcert:8437/sap/opu/odata/sap/zod_ac_itc_srv/ZC_ACITCPlannerCodes('B57')",
            "type": "ZOD_AC_ITC_SRV.ZC_ACITCPlannerCodesType"
          },
          "PlannerCode": "B57"
        },
        {
          "__metadata": {
            "id": "https://dv5devcert:8437/sap/opu/odata/sap/zod_ac_itc_srv/ZC_ACITCPlannerCodes('B58')",
            "uri": "https://dv5devcert:8437/sap/opu/odata/sap/zod_ac_itc_srv/ZC_ACITCPlannerCodes('B58')",
            "type": "ZOD_AC_ITC_SRV.ZC_ACITCPlannerCodesType"
          },
          "PlannerCode": "B58"
        },
        {
          "__metadata": {
            "id": "https://dv5devcert:8437/sap/opu/odata/sap/zod_ac_itc_srv/ZC_ACITCPlannerCodes('B59')",
            "uri": "https://dv5devcert:8437/sap/opu/odata/sap/zod_ac_itc_srv/ZC_ACITCPlannerCodes('B59')",
            "type": "ZOD_AC_ITC_SRV.ZC_ACITCPlannerCodesType"
          },
          "PlannerCode": "B59"
        },
        {
          "__metadata": {
            "id": "https://dv5devcert:8437/sap/opu/odata/sap/zod_ac_itc_srv/ZC_ACITCPlannerCodes('B60')",
            "uri": "https://dv5devcert:8437/sap/opu/odata/sap/zod_ac_itc_srv/ZC_ACITCPlannerCodes('B60')",
            "type": "ZOD_AC_ITC_SRV.ZC_ACITCPlannerCodesType"
          },
          "PlannerCode": "B60"
        },
        {
          "__metadata": {
            "id": "https://dv5devcert:8437/sap/opu/odata/sap/zod_ac_itc_srv/ZC_ACITCPlannerCodes('B61')",
            "uri": "https://dv5devcert:8437/sap/opu/odata/sap/zod_ac_itc_srv/ZC_ACITCPlannerCodes('B61')",
            "type": "ZOD_AC_ITC_SRV.ZC_ACITCPlannerCodesType"
          },
          "PlannerCode": "B61"
        },
        {
          "__metadata": {
            "id": "https://dv5devcert:8437/sap/opu/odata/sap/zod_ac_itc_srv/ZC_ACITCPlannerCodes('B62')",
            "uri": "https://dv5devcert:8437/sap/opu/odata/sap/zod_ac_itc_srv/ZC_ACITCPlannerCodes('B62')",
            "type": "ZOD_AC_ITC_SRV.ZC_ACITCPlannerCodesType"
          },
          "PlannerCode": "B62"
        },
        {
          "__metadata": {
            "id": "https://dv5devcert:8437/sap/opu/odata/sap/zod_ac_itc_srv/ZC_ACITCPlannerCodes('B63')",
            "uri": "https://dv5devcert:8437/sap/opu/odata/sap/zod_ac_itc_srv/ZC_ACITCPlannerCodes('B63')",
            "type": "ZOD_AC_ITC_SRV.ZC_ACITCPlannerCodesType"
          },
          "PlannerCode": "B63"
        },
        {
          "__metadata": {
            "id": "https://dv5devcert:8437/sap/opu/odata/sap/zod_ac_itc_srv/ZC_ACITCPlannerCodes('B64')",
            "uri": "https://dv5devcert:8437/sap/opu/odata/sap/zod_ac_itc_srv/ZC_ACITCPlannerCodes('B64')",
            "type": "ZOD_AC_ITC_SRV.ZC_ACITCPlannerCodesType"
          },
          "PlannerCode": "B64"
        },
        {
          "__metadata": {
            "id": "https://dv5devcert:8437/sap/opu/odata/sap/zod_ac_itc_srv/ZC_ACITCPlannerCodes('B65')",
            "uri": "https://dv5devcert:8437/sap/opu/odata/sap/zod_ac_itc_srv/ZC_ACITCPlannerCodes('B65')",
            "type": "ZOD_AC_ITC_SRV.ZC_ACITCPlannerCodesType"
          },
          "PlannerCode": "B65"
        },
        {
          "__metadata": {
            "id": "https://dv5devcert:8437/sap/opu/odata/sap/zod_ac_itc_srv/ZC_ACITCPlannerCodes('B66')",
            "uri": "https://dv5devcert:8437/sap/opu/odata/sap/zod_ac_itc_srv/ZC_ACITCPlannerCodes('B66')",
            "type": "ZOD_AC_ITC_SRV.ZC_ACITCPlannerCodesType"
          },
          "PlannerCode": "B66"
        },
        {
          "__metadata": {
            "id": "https://dv5devcert:8437/sap/opu/odata/sap/zod_ac_itc_srv/ZC_ACITCPlannerCodes('B67')",
            "uri": "https://dv5devcert:8437/sap/opu/odata/sap/zod_ac_itc_srv/ZC_ACITCPlannerCodes('B67')",
            "type": "ZOD_AC_ITC_SRV.ZC_ACITCPlannerCodesType"
          },
          "PlannerCode": "B67"
        },
        {
          "__metadata": {
            "id": "https://dv5devcert:8437/sap/opu/odata/sap/zod_ac_itc_srv/ZC_ACITCPlannerCodes('B68')",
            "uri": "https://dv5devcert:8437/sap/opu/odata/sap/zod_ac_itc_srv/ZC_ACITCPlannerCodes('B68')",
            "type": "ZOD_AC_ITC_SRV.ZC_ACITCPlannerCodesType"
          },
          "PlannerCode": "B68"
        },
        {
          "__metadata": {
            "id": "https://dv5devcert:8437/sap/opu/odata/sap/zod_ac_itc_srv/ZC_ACITCPlannerCodes('B69')",
            "uri": "https://dv5devcert:8437/sap/opu/odata/sap/zod_ac_itc_srv/ZC_ACITCPlannerCodes('B69')",
            "type": "ZOD_AC_ITC_SRV.ZC_ACITCPlannerCodesType"
          },
          "PlannerCode": "B69"
        },
        {
          "__metadata": {
            "id": "https://dv5devcert:8437/sap/opu/odata/sap/zod_ac_itc_srv/ZC_ACITCPlannerCodes('B70')",
            "uri": "https://dv5devcert:8437/sap/opu/odata/sap/zod_ac_itc_srv/ZC_ACITCPlannerCodes('B70')",
            "type": "ZOD_AC_ITC_SRV.ZC_ACITCPlannerCodesType"
          },
          "PlannerCode": "B70"
        },
        {
          "__metadata": {
            "id": "https://dv5devcert:8437/sap/opu/odata/sap/zod_ac_itc_srv/ZC_ACITCPlannerCodes('B71')",
            "uri": "https://dv5devcert:8437/sap/opu/odata/sap/zod_ac_itc_srv/ZC_ACITCPlannerCodes('B71')",
            "type": "ZOD_AC_ITC_SRV.ZC_ACITCPlannerCodesType"
          },
          "PlannerCode": "B71"
        },
        {
          "__metadata": {
            "id": "https://dv5devcert:8437/sap/opu/odata/sap/zod_ac_itc_srv/ZC_ACITCPlannerCodes('B72')",
            "uri": "https://dv5devcert:8437/sap/opu/odata/sap/zod_ac_itc_srv/ZC_ACITCPlannerCodes('B72')",
            "type": "ZOD_AC_ITC_SRV.ZC_ACITCPlannerCodesType"
          },
          "PlannerCode": "B72"
        },
        {
          "__metadata": {
            "id": "https://dv5devcert:8437/sap/opu/odata/sap/zod_ac_itc_srv/ZC_ACITCPlannerCodes('B73')",
            "uri": "https://dv5devcert:8437/sap/opu/odata/sap/zod_ac_itc_srv/ZC_ACITCPlannerCodes('B73')",
            "type": "ZOD_AC_ITC_SRV.ZC_ACITCPlannerCodesType"
          },
          "PlannerCode": "B73"
        },
        {
          "__metadata": {
            "id": "https://dv5devcert:8437/sap/opu/odata/sap/zod_ac_itc_srv/ZC_ACITCPlannerCodes('B74')",
            "uri": "https://dv5devcert:8437/sap/opu/odata/sap/zod_ac_itc_srv/ZC_ACITCPlannerCodes('B74')",
            "type": "ZOD_AC_ITC_SRV.ZC_ACITCPlannerCodesType"
          },
          "PlannerCode": "B74"
        },
        {
          "__metadata": {
            "id": "https://dv5devcert:8437/sap/opu/odata/sap/zod_ac_itc_srv/ZC_ACITCPlannerCodes('B75')",
            "uri": "https://dv5devcert:8437/sap/opu/odata/sap/zod_ac_itc_srv/ZC_ACITCPlannerCodes('B75')",
            "type": "ZOD_AC_ITC_SRV.ZC_ACITCPlannerCodesType"
          },
          "PlannerCode": "B75"
        },
        {
          "__metadata": {
            "id": "https://dv5devcert:8437/sap/opu/odata/sap/zod_ac_itc_srv/ZC_ACITCPlannerCodes('B76')",
            "uri": "https://dv5devcert:8437/sap/opu/odata/sap/zod_ac_itc_srv/ZC_ACITCPlannerCodes('B76')",
            "type": "ZOD_AC_ITC_SRV.ZC_ACITCPlannerCodesType"
          },
          "PlannerCode": "B76"
        },
        {
          "__metadata": {
            "id": "https://dv5devcert:8437/sap/opu/odata/sap/zod_ac_itc_srv/ZC_ACITCPlannerCodes('B77')",
            "uri": "https://dv5devcert:8437/sap/opu/odata/sap/zod_ac_itc_srv/ZC_ACITCPlannerCodes('B77')",
            "type": "ZOD_AC_ITC_SRV.ZC_ACITCPlannerCodesType"
          },
          "PlannerCode": "B77"
        },
        {
          "__metadata": {
            "id": "https://dv5devcert:8437/sap/opu/odata/sap/zod_ac_itc_srv/ZC_ACITCPlannerCodes('B78')",
            "uri": "https://dv5devcert:8437/sap/opu/odata/sap/zod_ac_itc_srv/ZC_ACITCPlannerCodes('B78')",
            "type": "ZOD_AC_ITC_SRV.ZC_ACITCPlannerCodesType"
          },
          "PlannerCode": "B78"
        },
        {
          "__metadata": {
            "id": "https://dv5devcert:8437/sap/opu/odata/sap/zod_ac_itc_srv/ZC_ACITCPlannerCodes('B79')",
            "uri": "https://dv5devcert:8437/sap/opu/odata/sap/zod_ac_itc_srv/ZC_ACITCPlannerCodes('B79')",
            "type": "ZOD_AC_ITC_SRV.ZC_ACITCPlannerCodesType"
          },
          "PlannerCode": "B79"
        },
        {
          "__metadata": {
            "id": "https://dv5devcert:8437/sap/opu/odata/sap/zod_ac_itc_srv/ZC_ACITCPlannerCodes('B80')",
            "uri": "https://dv5devcert:8437/sap/opu/odata/sap/zod_ac_itc_srv/ZC_ACITCPlannerCodes('B80')",
            "type": "ZOD_AC_ITC_SRV.ZC_ACITCPlannerCodesType"
          },
          "PlannerCode": "B80"
        },
        {
          "__metadata": {
            "id": "https://dv5devcert:8437/sap/opu/odata/sap/zod_ac_itc_srv/ZC_ACITCPlannerCodes('B81')",
            "uri": "https://dv5devcert:8437/sap/opu/odata/sap/zod_ac_itc_srv/ZC_ACITCPlannerCodes('B81')",
            "type": "ZOD_AC_ITC_SRV.ZC_ACITCPlannerCodesType"
          },
          "PlannerCode": "B81"
        },
        {
          "__metadata": {
            "id": "https://dv5devcert:8437/sap/opu/odata/sap/zod_ac_itc_srv/ZC_ACITCPlannerCodes('B82')",
            "uri": "https://dv5devcert:8437/sap/opu/odata/sap/zod_ac_itc_srv/ZC_ACITCPlannerCodes('B82')",
            "type": "ZOD_AC_ITC_SRV.ZC_ACITCPlannerCodesType"
          },
          "PlannerCode": "B82"
        },
        {
          "__metadata": {
            "id": "https://dv5devcert:8437/sap/opu/odata/sap/zod_ac_itc_srv/ZC_ACITCPlannerCodes('B83')",
            "uri": "https://dv5devcert:8437/sap/opu/odata/sap/zod_ac_itc_srv/ZC_ACITCPlannerCodes('B83')",
            "type": "ZOD_AC_ITC_SRV.ZC_ACITCPlannerCodesType"
          },
          "PlannerCode": "B83"
        },
        {
          "__metadata": {
            "id": "https://dv5devcert:8437/sap/opu/odata/sap/zod_ac_itc_srv/ZC_ACITCPlannerCodes('B84')",
            "uri": "https://dv5devcert:8437/sap/opu/odata/sap/zod_ac_itc_srv/ZC_ACITCPlannerCodes('B84')",
            "type": "ZOD_AC_ITC_SRV.ZC_ACITCPlannerCodesType"
          },
          "PlannerCode": "B84"
        },
        {
          "__metadata": {
            "id": "https://dv5devcert:8437/sap/opu/odata/sap/zod_ac_itc_srv/ZC_ACITCPlannerCodes('B85')",
            "uri": "https://dv5devcert:8437/sap/opu/odata/sap/zod_ac_itc_srv/ZC_ACITCPlannerCodes('B85')",
            "type": "ZOD_AC_ITC_SRV.ZC_ACITCPlannerCodesType"
          },
          "PlannerCode": "B85"
        },
        {
          "__metadata": {
            "id": "https://dv5devcert:8437/sap/opu/odata/sap/zod_ac_itc_srv/ZC_ACITCPlannerCodes('B86')",
            "uri": "https://dv5devcert:8437/sap/opu/odata/sap/zod_ac_itc_srv/ZC_ACITCPlannerCodes('B86')",
            "type": "ZOD_AC_ITC_SRV.ZC_ACITCPlannerCodesType"
          },
          "PlannerCode": "B86"
        },
        {
          "__metadata": {
            "id": "https://dv5devcert:8437/sap/opu/odata/sap/zod_ac_itc_srv/ZC_ACITCPlannerCodes('B87')",
            "uri": "https://dv5devcert:8437/sap/opu/odata/sap/zod_ac_itc_srv/ZC_ACITCPlannerCodes('B87')",
            "type": "ZOD_AC_ITC_SRV.ZC_ACITCPlannerCodesType"
          },
          "PlannerCode": "B87"
        },
        {
          "__metadata": {
            "id": "https://dv5devcert:8437/sap/opu/odata/sap/zod_ac_itc_srv/ZC_ACITCPlannerCodes('B88')",
            "uri": "https://dv5devcert:8437/sap/opu/odata/sap/zod_ac_itc_srv/ZC_ACITCPlannerCodes('B88')",
            "type": "ZOD_AC_ITC_SRV.ZC_ACITCPlannerCodesType"
          },
          "PlannerCode": "B88"
        },
        {
          "__metadata": {
            "id": "https://dv5devcert:8437/sap/opu/odata/sap/zod_ac_itc_srv/ZC_ACITCPlannerCodes('B89')",
            "uri": "https://dv5devcert:8437/sap/opu/odata/sap/zod_ac_itc_srv/ZC_ACITCPlannerCodes('B89')",
            "type": "ZOD_AC_ITC_SRV.ZC_ACITCPlannerCodesType"
          },
          "PlannerCode": "B89"
        },
        {
          "__metadata": {
            "id": "https://dv5devcert:8437/sap/opu/odata/sap/zod_ac_itc_srv/ZC_ACITCPlannerCodes('B90')",
            "uri": "https://dv5devcert:8437/sap/opu/odata/sap/zod_ac_itc_srv/ZC_ACITCPlannerCodes('B90')",
            "type": "ZOD_AC_ITC_SRV.ZC_ACITCPlannerCodesType"
          },
          "PlannerCode": "B90"
        },
        {
          "__metadata": {
            "id": "https://dv5devcert:8437/sap/opu/odata/sap/zod_ac_itc_srv/ZC_ACITCPlannerCodes('B91')",
            "uri": "https://dv5devcert:8437/sap/opu/odata/sap/zod_ac_itc_srv/ZC_ACITCPlannerCodes('B91')",
            "type": "ZOD_AC_ITC_SRV.ZC_ACITCPlannerCodesType"
          },
          "PlannerCode": "B91"
        },
        {
          "__metadata": {
            "id": "https://dv5devcert:8437/sap/opu/odata/sap/zod_ac_itc_srv/ZC_ACITCPlannerCodes('B92')",
            "uri": "https://dv5devcert:8437/sap/opu/odata/sap/zod_ac_itc_srv/ZC_ACITCPlannerCodes('B92')",
            "type": "ZOD_AC_ITC_SRV.ZC_ACITCPlannerCodesType"
          },
          "PlannerCode": "B92"
        },
        {
          "__metadata": {
            "id": "https://dv5devcert:8437/sap/opu/odata/sap/zod_ac_itc_srv/ZC_ACITCPlannerCodes('B93')",
            "uri": "https://dv5devcert:8437/sap/opu/odata/sap/zod_ac_itc_srv/ZC_ACITCPlannerCodes('B93')",
            "type": "ZOD_AC_ITC_SRV.ZC_ACITCPlannerCodesType"
          },
          "PlannerCode": "B93"
        },
        {
          "__metadata": {
            "id": "https://dv5devcert:8437/sap/opu/odata/sap/zod_ac_itc_srv/ZC_ACITCPlannerCodes('B94')",
            "uri": "https://dv5devcert:8437/sap/opu/odata/sap/zod_ac_itc_srv/ZC_ACITCPlannerCodes('B94')",
            "type": "ZOD_AC_ITC_SRV.ZC_ACITCPlannerCodesType"
          },
          "PlannerCode": "B94"
        }
      ]
    }
  }