{
    "d": {
        "results": [
            {
                "__metadata": {
                    "id": "http://epweb-dev.corp.apple.com/sap/opu/odata/sap/ZOD_NAD_SCREEN_VARIANT_SRV/VariantListSet(Applid='CV16',Report='O_N111B_5600')",
                    "uri": "http://epweb-dev.corp.apple.com/sap/opu/odata/sap/ZOD_NAD_SCREEN_VARIANT_SRV/VariantListSet(Applid='CV16',Report='O_N111B_5600')",
                    "type": "ZOD_NAD_SCREEN_VARIANT_SRV.VariantList"
                },
                "Applid": "CV16",
                "Report": "O_N111B_5600",
                "StarV": "",
                "DelV": "",
                "Variant": "CV16",
                "Vtext": "CVC16",
                "Global_Flg": "X",
                "Default_Flg": "",
                "vFlg": ""
            },
            {
                "__metadata": {
                    "id": "http://epweb-dev.corp.apple.com/sap/opu/odata/sap/ZOD_NAD_SCREEN_VARIANT_SRV/VariantListSet(Applid='CV16',Report='PAC_ROC_6400')",
                    "uri": "http://epweb-dev.corp.apple.com/sap/opu/odata/sap/ZOD_NAD_SCREEN_VARIANT_SRV/VariantListSet(Applid='CV16',Report='PAC_ROC_6400')",
                    "type": "ZOD_NAD_SCREEN_VARIANT_SRV.VariantList"
                },
                "Applid": "CV16",
                "Report": "PAC_ROC_6400",
                "StarV": "",
                "DelV": "",
                "Variant": "CV16",
                "Vtext": "CVC16",
                "Global_Flg": "X",
                "Default_Flg": "",
                "vFlg": ""
            },
            {
                "__metadata": {
                    "id": "http://epweb-dev.corp.apple.com/sap/opu/odata/sap/ZOD_NAD_SCREEN_VARIANT_SRV/VariantListSet(Applid='CVC1',Report='PAC_ROC_6400')",
                    "uri": "http://epweb-dev.corp.apple.com/sap/opu/odata/sap/ZOD_NAD_SCREEN_VARIANT_SRV/VariantListSet(Applid='CVC1',Report='PAC_ROC_6400')",
                    "type": "ZOD_NAD_SCREEN_VARIANT_SRV.VariantList"
                },
                "Applid": "CVC1",
                "Report": "PAC_ROC_6400",
                "StarV": "",
                "DelV": "",
                "Variant": "CVC1",
                "Vtext": "CVC1",
                "Global_Flg": "X",
                "Default_Flg": "",
                "vFlg": ""
            },
            {
                "__metadata": {
                    "id": "http://epweb-dev.corp.apple.com/sap/opu/odata/sap/ZOD_NAD_SCREEN_VARIANT_SRV/VariantListSet(Applid='CVC1',Report='AMR%20D21')",
                    "uri": "http://epweb-dev.corp.apple.com/sap/opu/odata/sap/ZOD_NAD_SCREEN_VARIANT_SRV/VariantListSet(Applid='CVC1',Report='AMR%20D21')",
                    "type": "ZOD_NAD_SCREEN_VARIANT_SRV.VariantList"
                },
                "Applid": "CVC1",
                "Report": "AMR D21",
                "StarV": "",
                "DelV": "",
                "Variant": "CVC1",
                "Vtext": "CVC1",
                "Global_Flg": "X",
                "Default_Flg": "",
                "vFlg": ""
            },
            {
                "__metadata": {
                    "id": "http://epweb-dev.corp.apple.com/sap/opu/odata/sap/ZOD_NAD_SCREEN_VARIANT_SRV/VariantListSet(Applid='CVC1',Report='O_J174A_3400')",
                    "uri": "http://epweb-dev.corp.apple.com/sap/opu/odata/sap/ZOD_NAD_SCREEN_VARIANT_SRV/VariantListSet(Applid='CVC1',Report='O_J174A_3400')",
                    "type": "ZOD_NAD_SCREEN_VARIANT_SRV.VariantList"
                },
                "Applid": "CVC1",
                "Report": "O_J174A_3400",
                "StarV": "",
                "DelV": "",
                "Variant": "CVC1",
                "Vtext": "CVC1",
                "Global_Flg": "X",
                "Default_Flg": "",
                "vFlg": ""
            },
            {
                "__metadata": {
                    "id": "http://epweb-dev.corp.apple.com/sap/opu/odata/sap/ZOD_NAD_SCREEN_VARIANT_SRV/VariantListSet(Applid='CVC10',Report='PAC_ROC_6400')",
                    "uri": "http://epweb-dev.corp.apple.com/sap/opu/odata/sap/ZOD_NAD_SCREEN_VARIANT_SRV/VariantListSet(Applid='CVC10',Report='PAC_ROC_6400')",
                    "type": "ZOD_NAD_SCREEN_VARIANT_SRV.VariantList"
                },
                "Applid": "CVC10",
                "Report": "PAC_ROC_6400",
                "StarV": "",
                "DelV": "",
                "Variant": "CVC10",
                "Vtext": "CVC",
                "Global_Flg": "X",
                "Default_Flg": "",
                "vFlg": ""
            },
            {
                "__metadata": {
                    "id": "http://epweb-dev.corp.apple.com/sap/opu/odata/sap/ZOD_NAD_SCREEN_VARIANT_SRV/VariantListSet(Applid='CVC11',Report='AMR%20D21')",
                    "uri": "http://epweb-dev.corp.apple.com/sap/opu/odata/sap/ZOD_NAD_SCREEN_VARIANT_SRV/VariantListSet(Applid='CVC11',Report='AMR%20D21')",
                    "type": "ZOD_NAD_SCREEN_VARIANT_SRV.VariantList"
                },
                "Applid": "CVC11",
                "Report": "AMR D21",
                "StarV": "",
                "DelV": "",
                "Variant": "CVC11",
                "Vtext": "CVC11",
                "Global_Flg": "X",
                "Default_Flg": "",
                "vFlg": ""
            },
            {
                "__metadata": {
                    "id": "http://epweb-dev.corp.apple.com/sap/opu/odata/sap/ZOD_NAD_SCREEN_VARIANT_SRV/VariantListSet(Applid='CVC11',Report='O_J174A_3400')",
                    "uri": "http://epweb-dev.corp.apple.com/sap/opu/odata/sap/ZOD_NAD_SCREEN_VARIANT_SRV/VariantListSet(Applid='CVC11',Report='O_J174A_3400')",
                    "type": "ZOD_NAD_SCREEN_VARIANT_SRV.VariantList"
                },
                "Applid": "CVC11",
                "Report": "O_J174A_3400",
                "StarV": "",
                "DelV": "",
                "Variant": "CVC11",
                "Vtext": "CVC11",
                "Global_Flg": "X",
                "Default_Flg": "",
                "vFlg": ""
            },
            {
                "__metadata": {
                    "id": "http://epweb-dev.corp.apple.com/sap/opu/odata/sap/ZOD_NAD_SCREEN_VARIANT_SRV/VariantListSet(Applid='CVC11N',Report='O%2FBW')",
                    "uri": "http://epweb-dev.corp.apple.com/sap/opu/odata/sap/ZOD_NAD_SCREEN_VARIANT_SRV/VariantListSet(Applid='CVC11N',Report='O%2FBW')",
                    "type": "ZOD_NAD_SCREEN_VARIANT_SRV.VariantList"
                },
                "Applid": "CVC11N",
                "Report": "O/BW",
                "StarV": "",
                "DelV": "",
                "Variant": "CVC11N",
                "Vtext": "CVC11",
                "Global_Flg": "X",
                "Default_Flg": "",
                "vFlg": ""
            },
            {
                "__metadata": {
                    "id": "http://epweb-dev.corp.apple.com/sap/opu/odata/sap/ZOD_NAD_SCREEN_VARIANT_SRV/VariantListSet(Applid='CVC123',Report='AMR%20D21')",
                    "uri": "http://epweb-dev.corp.apple.com/sap/opu/odata/sap/ZOD_NAD_SCREEN_VARIANT_SRV/VariantListSet(Applid='CVC123',Report='AMR%20D21')",
                    "type": "ZOD_NAD_SCREEN_VARIANT_SRV.VariantList"
                },
                "Applid": "CVC123",
                "Report": "AMR D21",
                "StarV": "",
                "DelV": "",
                "Variant": "CVC123",
                "Vtext": "CVC123",
                "Global_Flg": "X",
                "Default_Flg": "",
                "vFlg": ""
            },
            {
                "__metadata": {
                    "id": "http://epweb-dev.corp.apple.com/sap/opu/odata/sap/ZOD_NAD_SCREEN_VARIANT_SRV/VariantListSet(Applid='CVC123',Report='O%2FBW')",
                    "uri": "http://epweb-dev.corp.apple.com/sap/opu/odata/sap/ZOD_NAD_SCREEN_VARIANT_SRV/VariantListSet(Applid='CVC123',Report='O%2FBW')",
                    "type": "ZOD_NAD_SCREEN_VARIANT_SRV.VariantList"
                },
                "Applid": "CVC123",
                "Report": "O/BW",
                "StarV": "",
                "DelV": "",
                "Variant": "CVC123",
                "Vtext": "CVC123",
                "Global_Flg": "X",
                "Default_Flg": "",
                "vFlg": ""
            },
            {
                "__metadata": {
                    "id": "http://epweb-dev.corp.apple.com/sap/opu/odata/sap/ZOD_NAD_SCREEN_VARIANT_SRV/VariantListSet(Applid='CVC132',Report='AMR%20D21')",
                    "uri": "http://epweb-dev.corp.apple.com/sap/opu/odata/sap/ZOD_NAD_SCREEN_VARIANT_SRV/VariantListSet(Applid='CVC132',Report='AMR%20D21')",
                    "type": "ZOD_NAD_SCREEN_VARIANT_SRV.VariantList"
                },
                "Applid": "CVC132",
                "Report": "AMR D21",
                "StarV": "",
                "DelV": "",
                "Variant": "CVC132",
                "Vtext": "CVC132",
                "Global_Flg": "X",
                "Default_Flg": "",
                "vFlg": ""
            },
            {
                "__metadata": {
                    "id": "http://epweb-dev.corp.apple.com/sap/opu/odata/sap/ZOD_NAD_SCREEN_VARIANT_SRV/VariantListSet(Applid='CVC17',Report='PAC_ROC_6400')",
                    "uri": "http://epweb-dev.corp.apple.com/sap/opu/odata/sap/ZOD_NAD_SCREEN_VARIANT_SRV/VariantListSet(Applid='CVC17',Report='PAC_ROC_6400')",
                    "type": "ZOD_NAD_SCREEN_VARIANT_SRV.VariantList"
                },
                "Applid": "CVC17",
                "Report": "PAC_ROC_6400",
                "StarV": "",
                "DelV": "",
                "Variant": "CVC17",
                "Vtext": "CVC",
                "Global_Flg": "X",
                "Default_Flg": "",
                "vFlg": ""
            },
            {
                "__metadata": {
                    "id": "http://epweb-dev.corp.apple.com/sap/opu/odata/sap/ZOD_NAD_SCREEN_VARIANT_SRV/VariantListSet(Applid='CVC1_J174A',Report='O%2FBW')",
                    "uri": "http://epweb-dev.corp.apple.com/sap/opu/odata/sap/ZOD_NAD_SCREEN_VARIANT_SRV/VariantListSet(Applid='CVC1_J174A',Report='O%2FBW')",
                    "type": "ZOD_NAD_SCREEN_VARIANT_SRV.VariantList"
                },
                "Applid": "CVC1_J174A",
                "Report": "O/BW",
                "StarV": "",
                "DelV": "",
                "Variant": "CVC1_J174A",
                "Vtext": "CVC1",
                "Global_Flg": "X",
                "Default_Flg": "",
                "vFlg": ""
            },
            {
                "__metadata": {
                    "id": "http://epweb-dev.corp.apple.com/sap/opu/odata/sap/ZOD_NAD_SCREEN_VARIANT_SRV/VariantListSet(Applid='CVC2',Report='PAC_ROC_6400')",
                    "uri": "http://epweb-dev.corp.apple.com/sap/opu/odata/sap/ZOD_NAD_SCREEN_VARIANT_SRV/VariantListSet(Applid='CVC2',Report='PAC_ROC_6400')",
                    "type": "ZOD_NAD_SCREEN_VARIANT_SRV.VariantList"
                },
                "Applid": "CVC2",
                "Report": "PAC_ROC_6400",
                "StarV": "",
                "DelV": "",
                "Variant": "CVC2",
                "Vtext": "CVC12",
                "Global_Flg": "X",
                "Default_Flg": "",
                "vFlg": ""
            },
            {
                "__metadata": {
                    "id": "http://epweb-dev.corp.apple.com/sap/opu/odata/sap/ZOD_NAD_SCREEN_VARIANT_SRV/VariantListSet(Applid='CVC22',Report='AMR%20D21')",
                    "uri": "http://epweb-dev.corp.apple.com/sap/opu/odata/sap/ZOD_NAD_SCREEN_VARIANT_SRV/VariantListSet(Applid='CVC22',Report='AMR%20D21')",
                    "type": "ZOD_NAD_SCREEN_VARIANT_SRV.VariantList"
                },
                "Applid": "CVC22",
                "Report": "AMR D21",
                "StarV": "",
                "DelV": "",
                "Variant": "CVC22",
                "Vtext": "CVC22",
                "Global_Flg": "X",
                "Default_Flg": "",
                "vFlg": ""
            },
            {
                "__metadata": {
                    "id": "http://epweb-dev.corp.apple.com/sap/opu/odata/sap/ZOD_NAD_SCREEN_VARIANT_SRV/VariantListSet(Applid='CVC24',Report='AMR%20D21')",
                    "uri": "http://epweb-dev.corp.apple.com/sap/opu/odata/sap/ZOD_NAD_SCREEN_VARIANT_SRV/VariantListSet(Applid='CVC24',Report='AMR%20D21')",
                    "type": "ZOD_NAD_SCREEN_VARIANT_SRV.VariantList"
                },
                "Applid": "CVC24",
                "Report": "AMR D21",
                "StarV": "",
                "DelV": "",
                "Variant": "CVC24",
                "Vtext": "CVC24",
                "Global_Flg": "X",
                "Default_Flg": "",
                "vFlg": ""
            },
            {
                "__metadata": {
                    "id": "http://epweb-dev.corp.apple.com/sap/opu/odata/sap/ZOD_NAD_SCREEN_VARIANT_SRV/VariantListSet(Applid='CVC3',Report='AMR%20D21')",
                    "uri": "http://epweb-dev.corp.apple.com/sap/opu/odata/sap/ZOD_NAD_SCREEN_VARIANT_SRV/VariantListSet(Applid='CVC3',Report='AMR%20D21')",
                    "type": "ZOD_NAD_SCREEN_VARIANT_SRV.VariantList"
                },
                "Applid": "CVC3",
                "Report": "AMR D21",
                "StarV": "",
                "DelV": "",
                "Variant": "CVC3",
                "Vtext": "CVC3",
                "Global_Flg": "X",
                "Default_Flg": "",
                "vFlg": ""
            },
            {
                "__metadata": {
                    "id": "http://epweb-dev.corp.apple.com/sap/opu/odata/sap/ZOD_NAD_SCREEN_VARIANT_SRV/VariantListSet(Applid='CVC5',Report='AMR%20D21')",
                    "uri": "http://epweb-dev.corp.apple.com/sap/opu/odata/sap/ZOD_NAD_SCREEN_VARIANT_SRV/VariantListSet(Applid='CVC5',Report='AMR%20D21')",
                    "type": "ZOD_NAD_SCREEN_VARIANT_SRV.VariantList"
                },
                "Applid": "CVC5",
                "Report": "AMR D21",
                "StarV": "",
                "DelV": "",
                "Variant": "CVC5",
                "Vtext": "CVCDWDW",
                "Global_Flg": "X",
                "Default_Flg": "",
                "vFlg": ""
            },
            {
                "__metadata": {
                    "id": "http://epweb-dev.corp.apple.com/sap/opu/odata/sap/ZOD_NAD_SCREEN_VARIANT_SRV/VariantListSet(Applid='CVCAA1',Report='O_UT1_6400')",
                    "uri": "http://epweb-dev.corp.apple.com/sap/opu/odata/sap/ZOD_NAD_SCREEN_VARIANT_SRV/VariantListSet(Applid='CVCAA1',Report='O_UT1_6400')",
                    "type": "ZOD_NAD_SCREEN_VARIANT_SRV.VariantList"
                },
                "Applid": "CVCAA1",
                "Report": "O_UT1_6400",
                "StarV": "",
                "DelV": "",
                "Variant": "CVCAA1",
                "Vtext": "CVCAA1",
                "Global_Flg": "X",
                "Default_Flg": "",
                "vFlg": ""
            },
            {
                "__metadata": {
                    "id": "http://epweb-dev.corp.apple.com/sap/opu/odata/sap/ZOD_NAD_SCREEN_VARIANT_SRV/VariantListSet(Applid='CVC_ADV1',Report='O_J174A_3400')",
                    "uri": "http://epweb-dev.corp.apple.com/sap/opu/odata/sap/ZOD_NAD_SCREEN_VARIANT_SRV/VariantListSet(Applid='CVC_ADV1',Report='O_J174A_3400')",
                    "type": "ZOD_NAD_SCREEN_VARIANT_SRV.VariantList"
                },
                "Applid": "CVC_ADV1",
                "Report": "O_J174A_3400",
                "StarV": "",
                "DelV": "",
                "Variant": "CVC_ADV1",
                "Vtext": "CVC1",
                "Global_Flg": "X",
                "Default_Flg": "",
                "vFlg": ""
            },
            {
                "__metadata": {
                    "id": "http://epweb-dev.corp.apple.com/sap/opu/odata/sap/ZOD_NAD_SCREEN_VARIANT_SRV/VariantListSet(Applid='CVC_Cre1',Report='O%2FBW')",
                    "uri": "http://epweb-dev.corp.apple.com/sap/opu/odata/sap/ZOD_NAD_SCREEN_VARIANT_SRV/VariantListSet(Applid='CVC_Cre1',Report='O%2FBW')",
                    "type": "ZOD_NAD_SCREEN_VARIANT_SRV.VariantList"
                },
                "Applid": "CVC_Cre1",
                "Report": "O/BW",
                "StarV": "",
                "DelV": "",
                "Variant": "CVC_Cre1",
                "Vtext": "CVC_Cre1",
                "Global_Flg": "X",
                "Default_Flg": "",
                "vFlg": ""
            },
            {
                "__metadata": {
                    "id": "http://epweb-dev.corp.apple.com/sap/opu/odata/sap/ZOD_NAD_SCREEN_VARIANT_SRV/VariantListSet(Applid='CVC_Cre2',Report='O%2FBW')",
                    "uri": "http://epweb-dev.corp.apple.com/sap/opu/odata/sap/ZOD_NAD_SCREEN_VARIANT_SRV/VariantListSet(Applid='CVC_Cre2',Report='O%2FBW')",
                    "type": "ZOD_NAD_SCREEN_VARIANT_SRV.VariantList"
                },
                "Applid": "CVC_Cre2",
                "Report": "O/BW",
                "StarV": "",
                "DelV": "",
                "Variant": "CVC_Cre2",
                "Vtext": "CVC_Cre2",
                "Global_Flg": "X",
                "Default_Flg": "",
                "vFlg": ""
            },
            {
                "__metadata": {
                    "id": "http://epweb-dev.corp.apple.com/sap/opu/odata/sap/ZOD_NAD_SCREEN_VARIANT_SRV/VariantListSet(Applid='CVC_ROA1',Report='PAC_ROC_6400')",
                    "uri": "http://epweb-dev.corp.apple.com/sap/opu/odata/sap/ZOD_NAD_SCREEN_VARIANT_SRV/VariantListSet(Applid='CVC_ROA1',Report='PAC_ROC_6400')",
                    "type": "ZOD_NAD_SCREEN_VARIANT_SRV.VariantList"
                },
                "Applid": "CVC_ROA1",
                "Report": "PAC_ROC_6400",
                "StarV": "",
                "DelV": "",
                "Variant": "CVC_ROA1",
                "Vtext": "ROA",
                "Global_Flg": "X",
                "Default_Flg": "",
                "vFlg": ""
            },
            {
                "__metadata": {
                    "id": "http://epweb-dev.corp.apple.com/sap/opu/odata/sap/ZOD_NAD_SCREEN_VARIANT_SRV/VariantListSet(Applid='CVC_cre10',Report='O%2FBW')",
                    "uri": "http://epweb-dev.corp.apple.com/sap/opu/odata/sap/ZOD_NAD_SCREEN_VARIANT_SRV/VariantListSet(Applid='CVC_cre10',Report='O%2FBW')",
                    "type": "ZOD_NAD_SCREEN_VARIANT_SRV.VariantList"
                },
                "Applid": "CVC_cre10",
                "Report": "O/BW",
                "StarV": "",
                "DelV": "",
                "Variant": "CVC_cre10",
                "Vtext": "CVC_cre10",
                "Global_Flg": "X",
                "Default_Flg": "",
                "vFlg": ""
            },
            {
                "__metadata": {
                    "id": "http://epweb-dev.corp.apple.com/sap/opu/odata/sap/ZOD_NAD_SCREEN_VARIANT_SRV/VariantListSet(Applid='CrossNew',Report='O_N111B_5600')",
                    "uri": "http://epweb-dev.corp.apple.com/sap/opu/odata/sap/ZOD_NAD_SCREEN_VARIANT_SRV/VariantListSet(Applid='CrossNew',Report='O_N111B_5600')",
                    "type": "ZOD_NAD_SCREEN_VARIANT_SRV.VariantList"
                },
                "Applid": "CrossNew",
                "Report": "O_N111B_5600",
                "StarV": "",
                "DelV": "",
                "Variant": "CrossNew",
                "Vtext": "CrossNew",
                "Global_Flg": "X",
                "Default_Flg": "",
                "vFlg": ""
            },
            {
                "__metadata": {
                    "id": "http://epweb-dev.corp.apple.com/sap/opu/odata/sap/ZOD_NAD_SCREEN_VARIANT_SRV/VariantListSet(Applid='FIXED_INC078667225',Report='Z_DAT_SOLD_TO_INC078667225')",
                    "uri": "http://epweb-dev.corp.apple.com/sap/opu/odata/sap/ZOD_NAD_SCREEN_VARIANT_SRV/VariantListSet(Applid='FIXED_INC078667225',Report='Z_DAT_SOLD_TO_INC078667225')",
                    "type": "ZOD_NAD_SCREEN_VARIANT_SRV.VariantList"
                },
                "Applid": "FIXED_INC078667225",
                "Report": "Z_DAT_SOLD_TO_INC078667225",
                "StarV": "",
                "DelV": "",
                "Variant": "FIXED_INC078667225",
                "Vtext": "FIXED_INC078667225",
                "Global_Flg": "X",
                "Default_Flg": "",
                "vFlg": ""
            },
            {
                "__metadata": {
                    "id": "http://epweb-dev.corp.apple.com/sap/opu/odata/sap/ZOD_NAD_SCREEN_VARIANT_SRV/VariantListSet(Applid='GlobalBrian',Report='O%2FBW')",
                    "uri": "http://epweb-dev.corp.apple.com/sap/opu/odata/sap/ZOD_NAD_SCREEN_VARIANT_SRV/VariantListSet(Applid='GlobalBrian',Report='O%2FBW')",
                    "type": "ZOD_NAD_SCREEN_VARIANT_SRV.VariantList"
                },
                "Applid": "GlobalBrian",
                "Report": "O/BW",
                "StarV": "",
                "DelV": "",
                "Variant": "GlobalBrian",
                "Vtext": "GlobalBrian",
                "Global_Flg": "X",
                "Default_Flg": "",
                "vFlg": ""
            },
            {
                "__metadata": {
                    "id": "http://epweb-dev.corp.apple.com/sap/opu/odata/sap/ZOD_NAD_SCREEN_VARIANT_SRV/VariantListSet(Applid='NV',Report='Z_DAT_SOLD_TO_INC078667225')",
                    "uri": "http://epweb-dev.corp.apple.com/sap/opu/odata/sap/ZOD_NAD_SCREEN_VARIANT_SRV/VariantListSet(Applid='NV',Report='Z_DAT_SOLD_TO_INC078667225')",
                    "type": "ZOD_NAD_SCREEN_VARIANT_SRV.VariantList"
                },
                "Applid": "NV",
                "Report": "Z_DAT_SOLD_TO_INC078667225",
                "StarV": "",
                "DelV": "",
                "Variant": "NV",
                "Vtext": "NV",
                "Global_Flg": "X",
                "Default_Flg": "",
                "vFlg": ""
            },
            {
                "__metadata": {
                    "id": "http://epweb-dev.corp.apple.com/sap/opu/odata/sap/ZOD_NAD_SCREEN_VARIANT_SRV/VariantListSet(Applid='O_D10_1',Report='O_D10_1290')",
                    "uri": "http://epweb-dev.corp.apple.com/sap/opu/odata/sap/ZOD_NAD_SCREEN_VARIANT_SRV/VariantListSet(Applid='O_D10_1',Report='O_D10_1290')",
                    "type": "ZOD_NAD_SCREEN_VARIANT_SRV.VariantList"
                },
                "Applid": "O_D10_1",
                "Report": "O_D10_1290",
                "StarV": "",
                "DelV": "",
                "Variant": "O_D10_1",
                "Vtext": "O_D10_1",
                "Global_Flg": "X",
                "Default_Flg": "",
                "vFlg": ""
            },
            {
                "__metadata": {
                    "id": "http://epweb-dev.corp.apple.com/sap/opu/odata/sap/ZOD_NAD_SCREEN_VARIANT_SRV/VariantListSet(Applid='SOLD_INC078667225',Report='Z_DAT_SOLD_TO_INC078667225')",
                    "uri": "http://epweb-dev.corp.apple.com/sap/opu/odata/sap/ZOD_NAD_SCREEN_VARIANT_SRV/VariantListSet(Applid='SOLD_INC078667225',Report='Z_DAT_SOLD_TO_INC078667225')",
                    "type": "ZOD_NAD_SCREEN_VARIANT_SRV.VariantList"
                },
                "Applid": "SOLD_INC078667225",
                "Report": "Z_DAT_SOLD_TO_INC078667225",
                "StarV": "",
                "DelV": "",
                "Variant": "SOLD_INC078667225",
                "Vtext": "Z_DAT_SOLD_TO_INC078667225",
                "Global_Flg": "X",
                "Default_Flg": "",
                "vFlg": ""
            },
            {
                "__metadata": {
                    "id": "http://epweb-dev.corp.apple.com/sap/opu/odata/sap/ZOD_NAD_SCREEN_VARIANT_SRV/VariantListSet(Applid='SOLD_INC078667225_1',Report='Z_DAT_SOLD_TO_INC078667225')",
                    "uri": "http://epweb-dev.corp.apple.com/sap/opu/odata/sap/ZOD_NAD_SCREEN_VARIANT_SRV/VariantListSet(Applid='SOLD_INC078667225_1',Report='Z_DAT_SOLD_TO_INC078667225')",
                    "type": "ZOD_NAD_SCREEN_VARIANT_SRV.VariantList"
                },
                "Applid": "SOLD_INC078667225_1",
                "Report": "Z_DAT_SOLD_TO_INC078667225",
                "StarV": "",
                "DelV": "",
                "Variant": "SOLD_INC078667225_1",
                "Vtext": "Z_DAT_SOLD_TO_INC078667225",
                "Global_Flg": "X",
                "Default_Flg": "",
                "vFlg": ""
            },
            {
                "__metadata": {
                    "id": "http://epweb-dev.corp.apple.com/sap/opu/odata/sap/ZOD_NAD_SCREEN_VARIANT_SRV/VariantListSet(Applid='SOLD_INC078667225_2',Report='Z_DAT_SOLD_TO_INC078667225')",
                    "uri": "http://epweb-dev.corp.apple.com/sap/opu/odata/sap/ZOD_NAD_SCREEN_VARIANT_SRV/VariantListSet(Applid='SOLD_INC078667225_2',Report='Z_DAT_SOLD_TO_INC078667225')",
                    "type": "ZOD_NAD_SCREEN_VARIANT_SRV.VariantList"
                },
                "Applid": "SOLD_INC078667225_2",
                "Report": "Z_DAT_SOLD_TO_INC078667225",
                "StarV": "",
                "DelV": "",
                "Variant": "SOLD_INC078667225_2",
                "Vtext": "Z_DAT_SOLD_TO_INC078667225",
                "Global_Flg": "X",
                "Default_Flg": "",
                "vFlg": ""
            },
            {
                "__metadata": {
                    "id": "http://epweb-dev.corp.apple.com/sap/opu/odata/sap/ZOD_NAD_SCREEN_VARIANT_SRV/VariantListSet(Applid='SOLD_INC078667225_3',Report='Z_DAT_SOLD_TO_INC078667225')",
                    "uri": "http://epweb-dev.corp.apple.com/sap/opu/odata/sap/ZOD_NAD_SCREEN_VARIANT_SRV/VariantListSet(Applid='SOLD_INC078667225_3',Report='Z_DAT_SOLD_TO_INC078667225')",
                    "type": "ZOD_NAD_SCREEN_VARIANT_SRV.VariantList"
                },
                "Applid": "SOLD_INC078667225_3",
                "Report": "Z_DAT_SOLD_TO_INC078667225",
                "StarV": "",
                "DelV": "",
                "Variant": "SOLD_INC078667225_3",
                "Vtext": "Z_DAT_SOLD_TO_INC078667225",
                "Global_Flg": "X",
                "Default_Flg": "",
                "vFlg": ""
            },
            {
                "__metadata": {
                    "id": "http://epweb-dev.corp.apple.com/sap/opu/odata/sap/ZOD_NAD_SCREEN_VARIANT_SRV/VariantListSet(Applid='SOLD_INC078667225_8',Report='Z_DAT_SOLD_TO_INC078667225')",
                    "uri": "http://epweb-dev.corp.apple.com/sap/opu/odata/sap/ZOD_NAD_SCREEN_VARIANT_SRV/VariantListSet(Applid='SOLD_INC078667225_8',Report='Z_DAT_SOLD_TO_INC078667225')",
                    "type": "ZOD_NAD_SCREEN_VARIANT_SRV.VariantList"
                },
                "Applid": "SOLD_INC078667225_8",
                "Report": "Z_DAT_SOLD_TO_INC078667225",
                "StarV": "",
                "DelV": "",
                "Variant": "SOLD_INC078667225_8",
                "Vtext": "Z_DAT_SOLD_TO_INC078667225",
                "Global_Flg": "X",
                "Default_Flg": "",
                "vFlg": ""
            },
            {
                "__metadata": {
                    "id": "http://epweb-dev.corp.apple.com/sap/opu/odata/sap/ZOD_NAD_SCREEN_VARIANT_SRV/VariantListSet(Applid='SOLD_TO_INC078667225',Report='Z_DAT_SOLD_TO_INC078667225')",
                    "uri": "http://epweb-dev.corp.apple.com/sap/opu/odata/sap/ZOD_NAD_SCREEN_VARIANT_SRV/VariantListSet(Applid='SOLD_TO_INC078667225',Report='Z_DAT_SOLD_TO_INC078667225')",
                    "type": "ZOD_NAD_SCREEN_VARIANT_SRV.VariantList"
                },
                "Applid": "SOLD_TO_INC078667225",
                "Report": "Z_DAT_SOLD_TO_INC078667225",
                "StarV": "",
                "DelV": "",
                "Variant": "SOLD_TO_INC078667225",
                "Vtext": "Z_DAT_SOLD_TO_INC078667225",
                "Global_Flg": "X",
                "Default_Flg": "",
                "vFlg": ""
            },
            {
                "__metadata": {
                    "id": "http://epweb-dev.corp.apple.com/sap/opu/odata/sap/ZOD_NAD_SCREEN_VARIANT_SRV/VariantListSet(Applid='SOLD_TO_INC0786672_4',Report='Z_DAT_SOLD_TO_INC078667225')",
                    "uri": "http://epweb-dev.corp.apple.com/sap/opu/odata/sap/ZOD_NAD_SCREEN_VARIANT_SRV/VariantListSet(Applid='SOLD_TO_INC0786672_4',Report='Z_DAT_SOLD_TO_INC078667225')",
                    "type": "ZOD_NAD_SCREEN_VARIANT_SRV.VariantList"
                },
                "Applid": "SOLD_TO_INC0786672_4",
                "Report": "Z_DAT_SOLD_TO_INC078667225",
                "StarV": "",
                "DelV": "",
                "Variant": "SOLD_TO_INC0786672_4",
                "Vtext": "Z_DAT_SOLD_TO_INC078667225",
                "Global_Flg": "X",
                "Default_Flg": "",
                "vFlg": ""
            },
            {
                "__metadata": {
                    "id": "http://epweb-dev.corp.apple.com/sap/opu/odata/sap/ZOD_NAD_SCREEN_VARIANT_SRV/VariantListSet(Applid='SOLD_TO_INC0786672_5',Report='Z_DAT_SOLD_TO_INC078667225')",
                    "uri": "http://epweb-dev.corp.apple.com/sap/opu/odata/sap/ZOD_NAD_SCREEN_VARIANT_SRV/VariantListSet(Applid='SOLD_TO_INC0786672_5',Report='Z_DAT_SOLD_TO_INC078667225')",
                    "type": "ZOD_NAD_SCREEN_VARIANT_SRV.VariantList"
                },
                "Applid": "SOLD_TO_INC0786672_5",
                "Report": "Z_DAT_SOLD_TO_INC078667225",
                "StarV": "",
                "DelV": "",
                "Variant": "SOLD_TO_INC0786672_5",
                "Vtext": "Z_DAT_SOLD_TO_INC078667225",
                "Global_Flg": "X",
                "Default_Flg": "",
                "vFlg": ""
            },
            {
                "__metadata": {
                    "id": "http://epweb-dev.corp.apple.com/sap/opu/odata/sap/ZOD_NAD_SCREEN_VARIANT_SRV/VariantListSet(Applid='SOLD_TO_INC0786672_6',Report='Z_DAT_SOLD_TO_INC078667225')",
                    "uri": "http://epweb-dev.corp.apple.com/sap/opu/odata/sap/ZOD_NAD_SCREEN_VARIANT_SRV/VariantListSet(Applid='SOLD_TO_INC0786672_6',Report='Z_DAT_SOLD_TO_INC078667225')",
                    "type": "ZOD_NAD_SCREEN_VARIANT_SRV.VariantList"
                },
                "Applid": "SOLD_TO_INC0786672_6",
                "Report": "Z_DAT_SOLD_TO_INC078667225",
                "StarV": "",
                "DelV": "",
                "Variant": "SOLD_TO_INC0786672_6",
                "Vtext": "Z_DAT_SOLD_TO_INC078667225",
                "Global_Flg": "X",
                "Default_Flg": "",
                "vFlg": ""
            },
            {
                "__metadata": {
                    "id": "http://epweb-dev.corp.apple.com/sap/opu/odata/sap/ZOD_NAD_SCREEN_VARIANT_SRV/VariantListSet(Applid='SOLD_TO_INC0786672_7',Report='Z_DAT_SOLD_TO_INC078667225')",
                    "uri": "http://epweb-dev.corp.apple.com/sap/opu/odata/sap/ZOD_NAD_SCREEN_VARIANT_SRV/VariantListSet(Applid='SOLD_TO_INC0786672_7',Report='Z_DAT_SOLD_TO_INC078667225')",
                    "type": "ZOD_NAD_SCREEN_VARIANT_SRV.VariantList"
                },
                "Applid": "SOLD_TO_INC0786672_7",
                "Report": "Z_DAT_SOLD_TO_INC078667225",
                "StarV": "",
                "DelV": "",
                "Variant": "SOLD_TO_INC0786672_7",
                "Vtext": "Z_DAT_SOLD_TO_INC078667225",
                "Global_Flg": "X",
                "Default_Flg": "",
                "vFlg": ""
            },
            {
                "__metadata": {
                    "id": "http://epweb-dev.corp.apple.com/sap/opu/odata/sap/ZOD_NAD_SCREEN_VARIANT_SRV/VariantListSet(Applid='Siva%20Test%201',Report='O%2FBW')",
                    "uri": "http://epweb-dev.corp.apple.com/sap/opu/odata/sap/ZOD_NAD_SCREEN_VARIANT_SRV/VariantListSet(Applid='Siva%20Test%201',Report='O%2FBW')",
                    "type": "ZOD_NAD_SCREEN_VARIANT_SRV.VariantList"
                },
                "Applid": "Siva Test 1",
                "Report": "O/BW",
                "StarV": "",
                "DelV": "",
                "Variant": "Siva Test 1",
                "Vtext": "Siva Test 1",
                "Global_Flg": "X",
                "Default_Flg": "",
                "vFlg": ""
            },
            {
                "__metadata": {
                    "id": "http://epweb-dev.corp.apple.com/sap/opu/odata/sap/ZOD_NAD_SCREEN_VARIANT_SRV/VariantListSet(Applid='TEST',Report='O_D54')",
                    "uri": "http://epweb-dev.corp.apple.com/sap/opu/odata/sap/ZOD_NAD_SCREEN_VARIANT_SRV/VariantListSet(Applid='TEST',Report='O_D54')",
                    "type": "ZOD_NAD_SCREEN_VARIANT_SRV.VariantList"
                },
                "Applid": "TEST",
                "Report": "O_D54",
                "StarV": "",
                "DelV": "",
                "Variant": "TEST",
                "Vtext": "TESTAMR",
                "Global_Flg": "X",
                "Default_Flg": "",
                "vFlg": ""
            },
            {
                "__metadata": {
                    "id": "http://epweb-dev.corp.apple.com/sap/opu/odata/sap/ZOD_NAD_SCREEN_VARIANT_SRV/VariantListSet(Applid='TEST_POPUP1',Report='O_J174A_3400')",
                    "uri": "http://epweb-dev.corp.apple.com/sap/opu/odata/sap/ZOD_NAD_SCREEN_VARIANT_SRV/VariantListSet(Applid='TEST_POPUP1',Report='O_J174A_3400')",
                    "type": "ZOD_NAD_SCREEN_VARIANT_SRV.VariantList"
                },
                "Applid": "TEST_POPUP1",
                "Report": "O_J174A_3400",
                "StarV": "",
                "DelV": "",
                "Variant": "TEST_POPUP1",
                "Vtext": "TEST_POPUP1",
                "Global_Flg": "X",
                "Default_Flg": "",
                "vFlg": ""
            },
            {
                "__metadata": {
                    "id": "http://epweb-dev.corp.apple.com/sap/opu/odata/sap/ZOD_NAD_SCREEN_VARIANT_SRV/VariantListSet(Applid='Test%201',Report='O%2FBW')",
                    "uri": "http://epweb-dev.corp.apple.com/sap/opu/odata/sap/ZOD_NAD_SCREEN_VARIANT_SRV/VariantListSet(Applid='Test%201',Report='O%2FBW')",
                    "type": "ZOD_NAD_SCREEN_VARIANT_SRV.VariantList"
                },
                "Applid": "Test 1",
                "Report": "O/BW",
                "StarV": "",
                "DelV": "",
                "Variant": "Test 1",
                "Vtext": "Test 1",
                "Global_Flg": "X",
                "Default_Flg": "",
                "vFlg": ""
            },
            {
                "__metadata": {
                    "id": "http://epweb-dev.corp.apple.com/sap/opu/odata/sap/ZOD_NAD_SCREEN_VARIANT_SRV/VariantListSet(Applid='Test_2nd%20SCR',Report='Z_DAT_SOLD_TO_INC078667225')",
                    "uri": "http://epweb-dev.corp.apple.com/sap/opu/odata/sap/ZOD_NAD_SCREEN_VARIANT_SRV/VariantListSet(Applid='Test_2nd%20SCR',Report='Z_DAT_SOLD_TO_INC078667225')",
                    "type": "ZOD_NAD_SCREEN_VARIANT_SRV.VariantList"
                },
                "Applid": "Test_2nd SCR",
                "Report": "Z_DAT_SOLD_TO_INC078667225",
                "StarV": "",
                "DelV": "",
                "Variant": "Test_2nd SCR",
                "Vtext": "Test_2nd SCR",
                "Global_Flg": "X",
                "Default_Flg": "",
                "vFlg": ""
            },
            {
                "__metadata": {
                    "id": "http://epweb-dev.corp.apple.com/sap/opu/odata/sap/ZOD_NAD_SCREEN_VARIANT_SRV/VariantListSet(Applid='Test_Cross2',Report='O_J174A_3400')",
                    "uri": "http://epweb-dev.corp.apple.com/sap/opu/odata/sap/ZOD_NAD_SCREEN_VARIANT_SRV/VariantListSet(Applid='Test_Cross2',Report='O_J174A_3400')",
                    "type": "ZOD_NAD_SCREEN_VARIANT_SRV.VariantList"
                },
                "Applid": "Test_Cross2",
                "Report": "O_J174A_3400",
                "StarV": "",
                "DelV": "",
                "Variant": "Test_Cross2",
                "Vtext": "Test_Cross2",
                "Global_Flg": "X",
                "Default_Flg": "",
                "vFlg": ""
            },
            {
                "__metadata": {
                    "id": "http://epweb-dev.corp.apple.com/sap/opu/odata/sap/ZOD_NAD_SCREEN_VARIANT_SRV/VariantListSet(Applid='Test_DJ1',Report='O%2FBW')",
                    "uri": "http://epweb-dev.corp.apple.com/sap/opu/odata/sap/ZOD_NAD_SCREEN_VARIANT_SRV/VariantListSet(Applid='Test_DJ1',Report='O%2FBW')",
                    "type": "ZOD_NAD_SCREEN_VARIANT_SRV.VariantList"
                },
                "Applid": "Test_DJ1",
                "Report": "O/BW",
                "StarV": "",
                "DelV": "",
                "Variant": "Test_DJ1",
                "Vtext": "Test_DJ",
                "Global_Flg": "X",
                "Default_Flg": "",
                "vFlg": ""
            },
            {
                "__metadata": {
                    "id": "http://epweb-dev.corp.apple.com/sap/opu/odata/sap/ZOD_NAD_SCREEN_VARIANT_SRV/VariantListSet(Applid='Test_common1',Report='O%2FBW')",
                    "uri": "http://epweb-dev.corp.apple.com/sap/opu/odata/sap/ZOD_NAD_SCREEN_VARIANT_SRV/VariantListSet(Applid='Test_common1',Report='O%2FBW')",
                    "type": "ZOD_NAD_SCREEN_VARIANT_SRV.VariantList"
                },
                "Applid": "Test_common1",
                "Report": "O/BW",
                "StarV": "",
                "DelV": "",
                "Variant": "Test_common1",
                "Vtext": "channel common",
                "Global_Flg": "X",
                "Default_Flg": "",
                "vFlg": ""
            },
            {
                "__metadata": {
                    "id": "http://epweb-dev.corp.apple.com/sap/opu/odata/sap/ZOD_NAD_SCREEN_VARIANT_SRV/VariantListSet(Applid='Test_common1',Report='O_J174A_3400')",
                    "uri": "http://epweb-dev.corp.apple.com/sap/opu/odata/sap/ZOD_NAD_SCREEN_VARIANT_SRV/VariantListSet(Applid='Test_common1',Report='O_J174A_3400')",
                    "type": "ZOD_NAD_SCREEN_VARIANT_SRV.VariantList"
                },
                "Applid": "Test_common1",
                "Report": "O_J174A_3400",
                "StarV": "",
                "DelV": "",
                "Variant": "Test_common1",
                "Vtext": "channel common",
                "Global_Flg": "X",
                "Default_Flg": "",
                "vFlg": ""
            },
            {
                "__metadata": {
                    "id": "http://epweb-dev.corp.apple.com/sap/opu/odata/sap/ZOD_NAD_SCREEN_VARIANT_SRV/VariantListSet(Applid='Test_common2',Report='O%2FBW')",
                    "uri": "http://epweb-dev.corp.apple.com/sap/opu/odata/sap/ZOD_NAD_SCREEN_VARIANT_SRV/VariantListSet(Applid='Test_common2',Report='O%2FBW')",
                    "type": "ZOD_NAD_SCREEN_VARIANT_SRV.VariantList"
                },
                "Applid": "Test_common2",
                "Report": "O/BW",
                "StarV": "",
                "DelV": "",
                "Variant": "Test_common2",
                "Vtext": "to use in other profile",
                "Global_Flg": "X",
                "Default_Flg": "",
                "vFlg": ""
            },
            {
                "__metadata": {
                    "id": "http://epweb-dev.corp.apple.com/sap/opu/odata/sap/ZOD_NAD_SCREEN_VARIANT_SRV/VariantListSet(Applid='WWAMRglb',Report='AMR%20D21')",
                    "uri": "http://epweb-dev.corp.apple.com/sap/opu/odata/sap/ZOD_NAD_SCREEN_VARIANT_SRV/VariantListSet(Applid='WWAMRglb',Report='AMR%20D21')",
                    "type": "ZOD_NAD_SCREEN_VARIANT_SRV.VariantList"
                },
                "Applid": "WWAMRglb",
                "Report": "AMR D21",
                "StarV": "",
                "DelV": "",
                "Variant": "WWAMRglb",
                "Vtext": "WWAMRGLB",
                "Global_Flg": "X",
                "Default_Flg": "",
                "vFlg": ""
            },
            {
                "__metadata": {
                    "id": "http://epweb-dev.corp.apple.com/sap/opu/odata/sap/ZOD_NAD_SCREEN_VARIANT_SRV/VariantListSet(Applid='WWAMRglb',Report='O_J174A_3400')",
                    "uri": "http://epweb-dev.corp.apple.com/sap/opu/odata/sap/ZOD_NAD_SCREEN_VARIANT_SRV/VariantListSet(Applid='WWAMRglb',Report='O_J174A_3400')",
                    "type": "ZOD_NAD_SCREEN_VARIANT_SRV.VariantList"
                },
                "Applid": "WWAMRglb",
                "Report": "O_J174A_3400",
                "StarV": "",
                "DelV": "",
                "Variant": "WWAMRglb",
                "Vtext": "WWAMRGLB",
                "Global_Flg": "X",
                "Default_Flg": "",
                "vFlg": ""
            },
            {
                "__metadata": {
                    "id": "http://epweb-dev.corp.apple.com/sap/opu/odata/sap/ZOD_NAD_SCREEN_VARIANT_SRV/VariantListSet(Applid='W_100_SAT',Report='O_UT1_6400')",
                    "uri": "http://epweb-dev.corp.apple.com/sap/opu/odata/sap/ZOD_NAD_SCREEN_VARIANT_SRV/VariantListSet(Applid='W_100_SAT',Report='O_UT1_6400')",
                    "type": "ZOD_NAD_SCREEN_VARIANT_SRV.VariantList"
                },
                "Applid": "W_100_SAT",
                "Report": "O_UT1_6400",
                "StarV": "",
                "DelV": "",
                "Variant": "W_100_SAT",
                "Vtext": "100_SAT",
                "Global_Flg": "X",
                "Default_Flg": "",
                "vFlg": ""
            },
            {
                "__metadata": {
                    "id": "http://epweb-dev.corp.apple.com/sap/opu/odata/sap/ZOD_NAD_SCREEN_VARIANT_SRV/VariantListSet(Applid='W_FairShippable4',Report='AMB_L04_3400')",
                    "uri": "http://epweb-dev.corp.apple.com/sap/opu/odata/sap/ZOD_NAD_SCREEN_VARIANT_SRV/VariantListSet(Applid='W_FairShippable4',Report='AMB_L04_3400')",
                    "type": "ZOD_NAD_SCREEN_VARIANT_SRV.VariantList"
                },
                "Applid": "W_FairShippable4",
                "Report": "AMB_L04_3400",
                "StarV": "",
                "DelV": "",
                "Variant": "W_FairShippable4",
                "Vtext": "FairShippable4",
                "Global_Flg": "X",
                "Default_Flg": "",
                "vFlg": ""
            },
            {
                "__metadata": {
                    "id": "http://epweb-dev.corp.apple.com/sap/opu/odata/sap/ZOD_NAD_SCREEN_VARIANT_SRV/VariantListSet(Applid='W_PER10WEEK',Report='O_UT1_6400')",
                    "uri": "http://epweb-dev.corp.apple.com/sap/opu/odata/sap/ZOD_NAD_SCREEN_VARIANT_SRV/VariantListSet(Applid='W_PER10WEEK',Report='O_UT1_6400')",
                    "type": "ZOD_NAD_SCREEN_VARIANT_SRV.VariantList"
                },
                "Applid": "W_PER10WEEK",
                "Report": "O_UT1_6400",
                "StarV": "",
                "DelV": "",
                "Variant": "W_PER10WEEK",
                "Vtext": "PER10WEEK",
                "Global_Flg": "X",
                "Default_Flg": "",
                "vFlg": ""
            },
            {
                "__metadata": {
                    "id": "http://epweb-dev.corp.apple.com/sap/opu/odata/sap/ZOD_NAD_SCREEN_VARIANT_SRV/VariantListSet(Applid='W_Pavel',Report='1WU_L04_3400')",
                    "uri": "http://epweb-dev.corp.apple.com/sap/opu/odata/sap/ZOD_NAD_SCREEN_VARIANT_SRV/VariantListSet(Applid='W_Pavel',Report='1WU_L04_3400')",
                    "type": "ZOD_NAD_SCREEN_VARIANT_SRV.VariantList"
                },
                "Applid": "W_Pavel",
                "Report": "1WU_L04_3400",
                "StarV": "",
                "DelV": "",
                "Variant": "W_Pavel",
                "Vtext": "Pavel_test",
                "Global_Flg": "X",
                "Default_Flg": "",
                "vFlg": ""
            },
            {
                "__metadata": {
                    "id": "http://epweb-dev.corp.apple.com/sap/opu/odata/sap/ZOD_NAD_SCREEN_VARIANT_SRV/VariantListSet(Applid='W_Percent8',Report='AMB_L04_3400')",
                    "uri": "http://epweb-dev.corp.apple.com/sap/opu/odata/sap/ZOD_NAD_SCREEN_VARIANT_SRV/VariantListSet(Applid='W_Percent8',Report='AMB_L04_3400')",
                    "type": "ZOD_NAD_SCREEN_VARIANT_SRV.VariantList"
                },
                "Applid": "W_Percent8",
                "Report": "AMB_L04_3400",
                "StarV": "",
                "DelV": "",
                "Variant": "W_Percent8",
                "Vtext": "wave percentage",
                "Global_Flg": "X",
                "Default_Flg": "",
                "vFlg": ""
            },
            {
                "__metadata": {
                    "id": "http://epweb-dev.corp.apple.com/sap/opu/odata/sap/ZOD_NAD_SCREEN_VARIANT_SRV/VariantListSet(Applid='W_SAT10',Report='O_UT1_6400')",
                    "uri": "http://epweb-dev.corp.apple.com/sap/opu/odata/sap/ZOD_NAD_SCREEN_VARIANT_SRV/VariantListSet(Applid='W_SAT10',Report='O_UT1_6400')",
                    "type": "ZOD_NAD_SCREEN_VARIANT_SRV.VariantList"
                },
                "Applid": "W_SAT10",
                "Report": "O_UT1_6400",
                "StarV": "",
                "DelV": "",
                "Variant": "W_SAT10",
                "Vtext": "SAT10",
                "Global_Flg": "X",
                "Default_Flg": "",
                "vFlg": ""
            },
            {
                "__metadata": {
                    "id": "http://epweb-dev.corp.apple.com/sap/opu/odata/sap/ZOD_NAD_SCREEN_VARIANT_SRV/VariantListSet(Applid='W_STG11',Report='AMR%20D21')",
                    "uri": "http://epweb-dev.corp.apple.com/sap/opu/odata/sap/ZOD_NAD_SCREEN_VARIANT_SRV/VariantListSet(Applid='W_STG11',Report='AMR%20D21')",
                    "type": "ZOD_NAD_SCREEN_VARIANT_SRV.VariantList"
                },
                "Applid": "W_STG11",
                "Report": "AMR D21",
                "StarV": "",
                "DelV": "",
                "Variant": "W_STG11",
                "Vtext": "STG11",
                "Global_Flg": "X",
                "Default_Flg": "",
                "vFlg": ""
            },
            {
                "__metadata": {
                    "id": "http://epweb-dev.corp.apple.com/sap/opu/odata/sap/ZOD_NAD_SCREEN_VARIANT_SRV/VariantListSet(Applid='W_STG22',Report='AMR%20D21')",
                    "uri": "http://epweb-dev.corp.apple.com/sap/opu/odata/sap/ZOD_NAD_SCREEN_VARIANT_SRV/VariantListSet(Applid='W_STG22',Report='AMR%20D21')",
                    "type": "ZOD_NAD_SCREEN_VARIANT_SRV.VariantList"
                },
                "Applid": "W_STG22",
                "Report": "AMR D21",
                "StarV": "",
                "DelV": "",
                "Variant": "W_STG22",
                "Vtext": "STG22",
                "Global_Flg": "X",
                "Default_Flg": "",
                "vFlg": ""
            },
            {
                "__metadata": {
                    "id": "http://epweb-dev.corp.apple.com/sap/opu/odata/sap/ZOD_NAD_SCREEN_VARIANT_SRV/VariantListSet(Applid='W_STG32',Report='AMR%20D21')",
                    "uri": "http://epweb-dev.corp.apple.com/sap/opu/odata/sap/ZOD_NAD_SCREEN_VARIANT_SRV/VariantListSet(Applid='W_STG32',Report='AMR%20D21')",
                    "type": "ZOD_NAD_SCREEN_VARIANT_SRV.VariantList"
                },
                "Applid": "W_STG32",
                "Report": "AMR D21",
                "StarV": "",
                "DelV": "",
                "Variant": "W_STG32",
                "Vtext": "STG32",
                "Global_Flg": "X",
                "Default_Flg": "",
                "vFlg": ""
            },
            {
                "__metadata": {
                    "id": "http://epweb-dev.corp.apple.com/sap/opu/odata/sap/ZOD_NAD_SCREEN_VARIANT_SRV/VariantListSet(Applid='W_STRATPERALLO',Report='O_UT1_6400')",
                    "uri": "http://epweb-dev.corp.apple.com/sap/opu/odata/sap/ZOD_NAD_SCREEN_VARIANT_SRV/VariantListSet(Applid='W_STRATPERALLO',Report='O_UT1_6400')",
                    "type": "ZOD_NAD_SCREEN_VARIANT_SRV.VariantList"
                },
                "Applid": "W_STRATPERALLO",
                "Report": "O_UT1_6400",
                "StarV": "",
                "DelV": "",
                "Variant": "W_STRATPERALLO",
                "Vtext": "STRATPERALLO",
                "Global_Flg": "X",
                "Default_Flg": "",
                "vFlg": ""
            },
            {
                "__metadata": {
                    "id": "http://epweb-dev.corp.apple.com/sap/opu/odata/sap/ZOD_NAD_SCREEN_VARIANT_SRV/VariantListSet(Applid='W_UBP2',Report='O_UT1_6400')",
                    "uri": "http://epweb-dev.corp.apple.com/sap/opu/odata/sap/ZOD_NAD_SCREEN_VARIANT_SRV/VariantListSet(Applid='W_UBP2',Report='O_UT1_6400')",
                    "type": "ZOD_NAD_SCREEN_VARIANT_SRV.VariantList"
                },
                "Applid": "W_UBP2",
                "Report": "O_UT1_6400",
                "StarV": "",
                "DelV": "",
                "Variant": "W_UBP2",
                "Vtext": "UBP2",
                "Global_Flg": "X",
                "Default_Flg": "",
                "vFlg": ""
            },
            {
                "__metadata": {
                    "id": "http://epweb-dev.corp.apple.com/sap/opu/odata/sap/ZOD_NAD_SCREEN_VARIANT_SRV/VariantListSet(Applid='W_WPERC',Report='AMR%20D21')",
                    "uri": "http://epweb-dev.corp.apple.com/sap/opu/odata/sap/ZOD_NAD_SCREEN_VARIANT_SRV/VariantListSet(Applid='W_WPERC',Report='AMR%20D21')",
                    "type": "ZOD_NAD_SCREEN_VARIANT_SRV.VariantList"
                },
                "Applid": "W_WPERC",
                "Report": "AMR D21",
                "StarV": "",
                "DelV": "",
                "Variant": "W_WPERC",
                "Vtext": "WPERC",
                "Global_Flg": "X",
                "Default_Flg": "",
                "vFlg": ""
            },
            {
                "__metadata": {
                    "id": "http://epweb-dev.corp.apple.com/sap/opu/odata/sap/ZOD_NAD_SCREEN_VARIANT_SRV/VariantListSet(Applid='W_WPERC_SHPPLAN',Report='AMR%20D21')",
                    "uri": "http://epweb-dev.corp.apple.com/sap/opu/odata/sap/ZOD_NAD_SCREEN_VARIANT_SRV/VariantListSet(Applid='W_WPERC_SHPPLAN',Report='AMR%20D21')",
                    "type": "ZOD_NAD_SCREEN_VARIANT_SRV.VariantList"
                },
                "Applid": "W_WPERC_SHPPLAN",
                "Report": "AMR D21",
                "StarV": "",
                "DelV": "",
                "Variant": "W_WPERC_SHPPLAN",
                "Vtext": "PERC_SHPPLAN",
                "Global_Flg": "X",
                "Default_Flg": "",
                "vFlg": ""
            },
            {
                "__metadata": {
                    "id": "http://epweb-dev.corp.apple.com/sap/opu/odata/sap/ZOD_NAD_SCREEN_VARIANT_SRV/VariantListSet(Applid='W_Wave55',Report='AMB_L04_3400')",
                    "uri": "http://epweb-dev.corp.apple.com/sap/opu/odata/sap/ZOD_NAD_SCREEN_VARIANT_SRV/VariantListSet(Applid='W_Wave55',Report='AMB_L04_3400')",
                    "type": "ZOD_NAD_SCREEN_VARIANT_SRV.VariantList"
                },
                "Applid": "W_Wave55",
                "Report": "AMB_L04_3400",
                "StarV": "",
                "DelV": "",
                "Variant": "W_Wave55",
                "Vtext": "Cum Wave55",
                "Global_Flg": "X",
                "Default_Flg": "",
                "vFlg": ""
            },
            {
                "__metadata": {
                    "id": "http://epweb-dev.corp.apple.com/sap/opu/odata/sap/ZOD_NAD_SCREEN_VARIANT_SRV/VariantListSet(Applid='W_Wavedittest',Report='AMR%20D21')",
                    "uri": "http://epweb-dev.corp.apple.com/sap/opu/odata/sap/ZOD_NAD_SCREEN_VARIANT_SRV/VariantListSet(Applid='W_Wavedittest',Report='AMR%20D21')",
                    "type": "ZOD_NAD_SCREEN_VARIANT_SRV.VariantList"
                },
                "Applid": "W_Wavedittest",
                "Report": "AMR D21",
                "StarV": "",
                "DelV": "",
                "Variant": "W_Wavedittest",
                "Vtext": "Wavedittest",
                "Global_Flg": "X",
                "Default_Flg": "",
                "vFlg": ""
            },
            {
                "__metadata": {
                    "id": "http://epweb-dev.corp.apple.com/sap/opu/odata/sap/ZOD_NAD_SCREEN_VARIANT_SRV/VariantListSet(Applid='W_test_5',Report='B_TEST')",
                    "uri": "http://epweb-dev.corp.apple.com/sap/opu/odata/sap/ZOD_NAD_SCREEN_VARIANT_SRV/VariantListSet(Applid='W_test_5',Report='B_TEST')",
                    "type": "ZOD_NAD_SCREEN_VARIANT_SRV.VariantList"
                },
                "Applid": "W_test_5",
                "Report": "B_TEST",
                "StarV": "",
                "DelV": "",
                "Variant": "W_test_5",
                "Vtext": "test55",
                "Global_Flg": "X",
                "Default_Flg": "",
                "vFlg": ""
            },
            {
                "__metadata": {
                    "id": "http://epweb-dev.corp.apple.com/sap/opu/odata/sap/ZOD_NAD_SCREEN_VARIANT_SRV/VariantListSet(Applid='W_wa8',Report='PAC_ROC_6400')",
                    "uri": "http://epweb-dev.corp.apple.com/sap/opu/odata/sap/ZOD_NAD_SCREEN_VARIANT_SRV/VariantListSet(Applid='W_wa8',Report='PAC_ROC_6400')",
                    "type": "ZOD_NAD_SCREEN_VARIANT_SRV.VariantList"
                },
                "Applid": "W_wa8",
                "Report": "PAC_ROC_6400",
                "StarV": "",
                "DelV": "",
                "Variant": "W_wa8",
                "Vtext": "wav8",
                "Global_Flg": "X",
                "Default_Flg": "",
                "vFlg": ""
            },
            {
                "__metadata": {
                    "id": "http://epweb-dev.corp.apple.com/sap/opu/odata/sap/ZOD_NAD_SCREEN_VARIANT_SRV/VariantListSet(Applid='W_wav1',Report='PAC_ROC_6400')",
                    "uri": "http://epweb-dev.corp.apple.com/sap/opu/odata/sap/ZOD_NAD_SCREEN_VARIANT_SRV/VariantListSet(Applid='W_wav1',Report='PAC_ROC_6400')",
                    "type": "ZOD_NAD_SCREEN_VARIANT_SRV.VariantList"
                },
                "Applid": "W_wav1",
                "Report": "PAC_ROC_6400",
                "StarV": "",
                "DelV": "",
                "Variant": "W_wav1",
                "Vtext": "wav1",
                "Global_Flg": "X",
                "Default_Flg": "",
                "vFlg": ""
            },
            {
                "__metadata": {
                    "id": "http://epweb-dev.corp.apple.com/sap/opu/odata/sap/ZOD_NAD_SCREEN_VARIANT_SRV/VariantListSet(Applid='W_wav11',Report='AMR%20D21')",
                    "uri": "http://epweb-dev.corp.apple.com/sap/opu/odata/sap/ZOD_NAD_SCREEN_VARIANT_SRV/VariantListSet(Applid='W_wav11',Report='AMR%20D21')",
                    "type": "ZOD_NAD_SCREEN_VARIANT_SRV.VariantList"
                },
                "Applid": "W_wav11",
                "Report": "AMR D21",
                "StarV": "",
                "DelV": "",
                "Variant": "W_wav11",
                "Vtext": "wav11",
                "Global_Flg": "X",
                "Default_Flg": "",
                "vFlg": ""
            },
            {
                "__metadata": {
                    "id": "http://epweb-dev.corp.apple.com/sap/opu/odata/sap/ZOD_NAD_SCREEN_VARIANT_SRV/VariantListSet(Applid='W_wav2',Report='PAC_ROC_6400')",
                    "uri": "http://epweb-dev.corp.apple.com/sap/opu/odata/sap/ZOD_NAD_SCREEN_VARIANT_SRV/VariantListSet(Applid='W_wav2',Report='PAC_ROC_6400')",
                    "type": "ZOD_NAD_SCREEN_VARIANT_SRV.VariantList"
                },
                "Applid": "W_wav2",
                "Report": "PAC_ROC_6400",
                "StarV": "",
                "DelV": "",
                "Variant": "W_wav2",
                "Vtext": "wav2",
                "Global_Flg": "X",
                "Default_Flg": "",
                "vFlg": ""
            },
            {
                "__metadata": {
                    "id": "http://epweb-dev.corp.apple.com/sap/opu/odata/sap/ZOD_NAD_SCREEN_VARIANT_SRV/VariantListSet(Applid='W_wav3',Report='PAC_ROC_6400')",
                    "uri": "http://epweb-dev.corp.apple.com/sap/opu/odata/sap/ZOD_NAD_SCREEN_VARIANT_SRV/VariantListSet(Applid='W_wav3',Report='PAC_ROC_6400')",
                    "type": "ZOD_NAD_SCREEN_VARIANT_SRV.VariantList"
                },
                "Applid": "W_wav3",
                "Report": "PAC_ROC_6400",
                "StarV": "",
                "DelV": "",
                "Variant": "W_wav3",
                "Vtext": "wav3",
                "Global_Flg": "X",
                "Default_Flg": "",
                "vFlg": ""
            },
            {
                "__metadata": {
                    "id": "http://epweb-dev.corp.apple.com/sap/opu/odata/sap/ZOD_NAD_SCREEN_VARIANT_SRV/VariantListSet(Applid='W_wav4',Report='PAC_ROC_6400')",
                    "uri": "http://epweb-dev.corp.apple.com/sap/opu/odata/sap/ZOD_NAD_SCREEN_VARIANT_SRV/VariantListSet(Applid='W_wav4',Report='PAC_ROC_6400')",
                    "type": "ZOD_NAD_SCREEN_VARIANT_SRV.VariantList"
                },
                "Applid": "W_wav4",
                "Report": "PAC_ROC_6400",
                "StarV": "",
                "DelV": "",
                "Variant": "W_wav4",
                "Vtext": "wav4",
                "Global_Flg": "X",
                "Default_Flg": "",
                "vFlg": ""
            },
            {
                "__metadata": {
                    "id": "http://epweb-dev.corp.apple.com/sap/opu/odata/sap/ZOD_NAD_SCREEN_VARIANT_SRV/VariantListSet(Applid='W_wav5',Report='PAC_ROC_6400')",
                    "uri": "http://epweb-dev.corp.apple.com/sap/opu/odata/sap/ZOD_NAD_SCREEN_VARIANT_SRV/VariantListSet(Applid='W_wav5',Report='PAC_ROC_6400')",
                    "type": "ZOD_NAD_SCREEN_VARIANT_SRV.VariantList"
                },
                "Applid": "W_wav5",
                "Report": "PAC_ROC_6400",
                "StarV": "",
                "DelV": "",
                "Variant": "W_wav5",
                "Vtext": "wav1",
                "Global_Flg": "X",
                "Default_Flg": "",
                "vFlg": ""
            },
            {
                "__metadata": {
                    "id": "http://epweb-dev.corp.apple.com/sap/opu/odata/sap/ZOD_NAD_SCREEN_VARIANT_SRV/VariantListSet(Applid='W_wave_ZTNAD2',Report='B_TEST')",
                    "uri": "http://epweb-dev.corp.apple.com/sap/opu/odata/sap/ZOD_NAD_SCREEN_VARIANT_SRV/VariantListSet(Applid='W_wave_ZTNAD2',Report='B_TEST')",
                    "type": "ZOD_NAD_SCREEN_VARIANT_SRV.VariantList"
                },
                "Applid": "W_wave_ZTNAD2",
                "Report": "B_TEST",
                "StarV": "",
                "DelV": "",
                "Variant": "W_wave_ZTNAD2",
                "Vtext": "wave_ZTNAD2",
                "Global_Flg": "X",
                "Default_Flg": "",
                "vFlg": ""
            },
            {
                "__metadata": {
                    "id": "http://epweb-dev.corp.apple.com/sap/opu/odata/sap/ZOD_NAD_SCREEN_VARIANT_SRV/VariantListSet(Applid='cvc',Report='AMR%20D21')",
                    "uri": "http://epweb-dev.corp.apple.com/sap/opu/odata/sap/ZOD_NAD_SCREEN_VARIANT_SRV/VariantListSet(Applid='cvc',Report='AMR%20D21')",
                    "type": "ZOD_NAD_SCREEN_VARIANT_SRV.VariantList"
                },
                "Applid": "cvc",
                "Report": "AMR D21",
                "StarV": "",
                "DelV": "",
                "Variant": "cvc",
                "Vtext": "ecwec",
                "Global_Flg": "X",
                "Default_Flg": "",
                "vFlg": ""
            },
            {
                "__metadata": {
                    "id": "http://epweb-dev.corp.apple.com/sap/opu/odata/sap/ZOD_NAD_SCREEN_VARIANT_SRV/VariantListSet(Applid='rcaglobal',Report='O_BRIAN_0800')",
                    "uri": "http://epweb-dev.corp.apple.com/sap/opu/odata/sap/ZOD_NAD_SCREEN_VARIANT_SRV/VariantListSet(Applid='rcaglobal',Report='O_BRIAN_0800')",
                    "type": "ZOD_NAD_SCREEN_VARIANT_SRV.VariantList"
                },
                "Applid": "rcaglobal",
                "Report": "O_BRIAN_0800",
                "StarV": "",
                "DelV": "",
                "Variant": "rcaglobal",
                "Vtext": "rcaglobal",
                "Global_Flg": "X",
                "Default_Flg": "",
                "vFlg": ""
            }
        ]
    }
}