<core:FragmentDefinition xmlns="sap.m"
    xmlns:core="sap.ui.core"
    xmlns:unified="sap.ui.unified"
    xmlns:mvc="sap.ui.core.mvc">
    <Dialog id="oDialogUBP" class="zNDialog sapUiSizeCompact" title="User Base Plan Upload" contentWidth="650px" contentHeight="230px" draggable="true">
        <content>
            <MessageStrip id="UBP_MessageStrip" visible="{gridModel>/isMStripVisible}" text="{gridModel>/mStripText}" type="Error"/>
            <Panel class="zPanel zMarginBottom0" id="Panel_UBP">
                <content>
                    <VBox id="oVBoxubp" direction="Column">
                        <items>
                            <Label text="User Base Plan Upload"></Label>
                            <Select id="oPOR_Region" items="{gridModel>/Regions}" width="400px" maxWidth="50%" selectedKey="{gridModel>/SelectedRegion}">
                                <items>
                                    <core:Item text="{gridModel>Region}" key="{gridModel>Region}"/>
                                </items>
                            </Select>

                            <RadioButtonGroup id="oUBPRadioButtonGroup" columns="2">
                                <buttons>
                                    <RadioButton id="oUBPRBplan1" selected="true" groupName="oUBPRadioButtonGroup" text="User Base Plan 1"></RadioButton>
                                    <RadioButton id="oUBPRBplan2" groupName="oUBPRadioButtonGroup" text="User Base Plan 2"></RadioButton>
                                </buttons>
                            </RadioButtonGroup>
                        </items>
                    </VBox>
                    <Label id="UBPFilename_Label" text="File Name"></Label>
                    <HBox id="oUBPHBox" alignItems="Start" alignContent="Inherit" backgroundDesign="Solid">
                        <items>
                            <unified:FileUploader id="oUBPFileUploader" class="zBtnBlue" uploadUrl="zui_dat_rca&#x3f;ajax_id&#x3d;&amp;ajax_applid&#x3d;ZUI_DAT_RCA&amp;sap-client&#x3d;020&amp;field_id&#x3d;01789&amp;sapui5-upload" width="23rem" sameFilenameAllowed="true" fileType="csv" placeholder="select .csv file" style="Emphasized" tooltip="select .csv file"/>
                            <Button id="oUBPUpload" class="zBtnBlue sapUiTinyMarginBegin" text="Upload" type="Emphasized"/>
                        </items>
                    </HBox>
                    <Link id="UBPDW_Link" class="sapUiTinyMarginTop" text="Download Template"></Link>
                </content>
            </Panel>
            <Panel id="UBPError_Panel" visible="{gridModel>/isErrPanelVisible}">
                <content>
                    <Table id="UBPError_Table" noDataText="No data" items="{gridModel>/ErrorData}">
                        <items>
                            <ColumnListItem>
                                <cells>
                                    <Text text="{FileData}"></Text>
                                    <Text text="{Type}"></Text>
                                    <Text text="{Message}"></Text>
                                </cells>
                            </ColumnListItem>
                        </items>
                        <columns>
                            <Column width="60%">
                                <header>
                                    <Label text="File Data"></Label>
                                </header>
                            </Column>
                            <Column width="10%">
                                <header>
                                    <Label text="Message Type"></Label>
                                </header>
                            </Column>
                            <Column width="30%">
                                <header>
                                    <Label text="Message"></Label>
                                </header>
                            </Column>
                        </columns>
                    </Table>
                </content>
            </Panel>
        </content>

        <!-- <Button id="butVariantProceed" class="zBtnBlue" visible="{= !${saveVariantModel>/isInitialScreen}}" text="Proceed" type="Emphasized" press=".vm._saveVariant(${saveVariantModel>/variant}, ${saveVariantModel>/variantText})"></Button> -->
        <!-- <Button id="butVariantSaveOK" class="zBtnBlue" visible="{saveVariantModel>/isInitialScreen}" text="OK" type="Emphasized" press=".vm.onSaveVariantOk($controller)"></Button>
                    <Button id="butVariantSaveCancel" class="zBtnBlue" text="Close" type="Emphasized" press=".vm.onSaveVariantClose($controller)"></Button> -->
        <beginButton>
            <Button class="zBtnBlue" visible="{= !${gridModel>/isInitialScreen}}" text="Proceed" type="Emphasized"></Button>
        </beginButton>
        <endButton>
            <Button class="zBtnBlue" visible="{gridModel>/isInitialScreen}" text="Close" type="Emphasized" press=".gridUtil.onUBPUploadClose"></Button>
        </endButton>
    </Dialog>
</core:FragmentDefinition>   