{
    "d": {
        "results": [
            {

                "FiscWeek": "PAST",
                "NAVWeekProfile": {
                    "results": [
                        {
                            "__metadata": {
                                "id": "http://epweb-dev.corp.apple.com/sap/opu/odata/sap/ZOD_DAT_CVC_WAVE_SRV/WaveprofileSet(Secprofile='O_D42_5600',FiscWeek='2022040')",
                                "uri": "http://epweb-dev.corp.apple.com/sap/opu/odata/sap/ZOD_DAT_CVC_WAVE_SRV/WaveprofileSet(Secprofile='O_D42_5600',FiscWeek='2022040')",
                                "type": "ZOD_DAT_CVC_WAVE_SRV.Waveprofile"
                            },
                            "Secprofile": "O_D42_5600",
                            "HanaError": "",
                            "ShipTo": false,
                            "RocSoldto": false,
                            "Pla": false,
                            "BklgErrCount": 0,
                            "FiscWeek": "2022040",
                            "Region": "AMR",
                            "Prof_Desc": "O_D42_5600 (AMR)",
                            "WaveNr": "00000",
                            "NAV_WPROF_GRID": {
                                "__deferred": {
                                    "uri": "http://epweb-dev.corp.apple.com/sap/opu/odata/sap/ZOD_DAT_CVC_WAVE_SRV/WaveprofileSet(Secprofile='O_D42_5600',FiscWeek='2022040')/NAV_WPROF_GRID"
                                }
                            },
                            "NAV_WPROF_MSG": {
                                "__deferred": {
                                    "uri": "http://epweb-dev.corp.apple.com/sap/opu/odata/sap/ZOD_DAT_CVC_WAVE_SRV/WaveprofileSet(Secprofile='O_D42_5600',FiscWeek='2022040')/NAV_WPROF_MSG"
                                }
                            },
                            "NAVWaveProfileCVC": {
                                "__deferred": {
                                    "uri": "http://epweb-dev.corp.apple.com/sap/opu/odata/sap/ZOD_DAT_CVC_WAVE_SRV/WaveprofileSet(Secprofile='O_D42_5600',FiscWeek='2022040')/NAVWaveProfileCVC"
                                }
                            },
                            "NAVProfileWavesSet": {
                                "__deferred": {
                                    "uri": "http://epweb-dev.corp.apple.com/sap/opu/odata/sap/ZOD_DAT_CVC_WAVE_SRV/WaveprofileSet(Secprofile='O_D42_5600',FiscWeek='2022040')/NAVProfileWavesSet"
                                }
                            },
                            "NAVRCALog": {
                                "__deferred": {
                                    "uri": "http://epweb-dev.corp.apple.com/sap/opu/odata/sap/ZOD_DAT_CVC_WAVE_SRV/WaveprofileSet(Secprofile='O_D42_5600',FiscWeek='2022040')/NAVRCALog"
                                }
                            }
                        }
                    ]
                }
            }
        ]
    }
}