{
    "d": {
        "__metadata": {
            "id": "http://epweb-dev.corp.apple.com/sap/opu/odata/sap/ZOD_DAT_CVC_WAVE_SRV/SysConfigSet('E0658289')",
            "uri": "http://epweb-dev.corp.apple.com/sap/opu/odata/sap/ZOD_DAT_CVC_WAVE_SRV/SysConfigSet('E0658289')",
            "type": "ZOD_DAT_CVC_WAVE_SRV.SysConfig"
        },
        "Bname": "E0658289",
        "FiscWeek": "PAST",
        "Secprofile": "O_D42_5600",
        "SupplyFlg": false,
        "Region": "AMR",
        "BacklogFlg": false,
        "RocFlg": false,
        "Aenam": "",
        "Aedat": "",
        "Aezet": "",
        "CreatedBy": "",
        "CreateDate": "",
        "CreateTime": "",
        "HelpLink": ""
    }
}