{
    "d": {
        "results": [
            {
                "__metadata": {
                    "id": "http://epweb-dev.corp.apple.com/sap/opu/odata/sap/ZOD_DAT_CVC_WAVE_SRV/UserAuthChkSet('RC')",
                    "uri": "http://epweb-dev.corp.apple.com/sap/opu/odata/sap/ZOD_DAT_CVC_WAVE_SRV/UserAuthChkSet('RC')",
                    "type": "ZOD_DAT_CVC_WAVE_SRV.UserAuthChk"
                },
                "function": "RC",
                "create": "X",
                "change": "X",
                "display": "X"
            }
        ]
    }
}