[
    {
        "FiscWeek": "PAST",
        "Description": "W40 (Previous Week)",
        "CurrentWeek": false,
        "Secprofile": "",
        "Region": "",
        "RocFlg": true,
        "HelpLink": "https://sosdevelopment.apple.com/course/a7190480-cafe-11ea-a5a7-c1bf25875dc9"
    },
    {
        "FiscWeek": "CURRENT",
        "Description": "W41 (Current Week)",
        "CurrentWeek": true,
        "Secprofile": "O_D42_5600",
        "Region": "AMR",
        "RocFlg": true,
        "HelpLink": "https://sosdevelopment.apple.com/course/a7190480-cafe-11ea-a5a7-c1bf25875dc9"
    }
]