<?xml version="1.0" encoding="utf-8"?><edmx:Edmx Version="1.0" xmlns:edmx="http://schemas.microsoft.com/ado/2007/06/edmx" xmlns:m="http://schemas.microsoft.com/ado/2007/08/dataservices/metadata" xmlns:sap="http://www.sap.com/Protocols/SAPData"><edmx:DataServices m:DataServiceVersion="2.0"><Schema Namespace="zod_ac_packaging_srv" xml:lang="en" sap:schema-version="1" xmlns="http://schemas.microsoft.com/ado/2008/09/edm"><Annotation Term="Core.SchemaVersion" String="1.0.0" xmlns="http://docs.oasis-open.org/odata/ns/edm"/><EntityType Name="PalletManifestMessage" sap:content-version="1"><Key><PropertyRef Name="GUID"/></Key><Property Name="GUID" Type="Edm.String" Nullable="false" sap:unicode="false" sap:creatable="false" sap:updatable="false" sap:sortable="false" sap:filterable="false"/><Property Name="MessageType" Type="Edm.String" Nullable="false" sap:unicode="false" sap:creatable="false" sap:updatable="false" sap:sortable="false" sap:filterable="false"/><Property Name="MessageText" Type="Edm.String" Nullable="false" sap:unicode="false" sap:creatable="false" sap:updatable="false" sap:sortable="false" sap:filterable="false"/></EntityType><EntityType Name="BoxLabelMessage" sap:content-version="1"><Key><PropertyRef Name="GUID"/></Key><Property Name="GUID" Type="Edm.String" Nullable="false" sap:unicode="false" sap:creatable="false" sap:updatable="false" sap:sortable="false" sap:filterable="false"/><Property Name="MessageType" Type="Edm.String" Nullable="false" sap:unicode="false" sap:creatable="false" sap:updatable="false" sap:sortable="false" sap:filterable="false"/><Property Name="MessageText" Type="Edm.String" Nullable="false" sap:unicode="false" sap:creatable="false" sap:updatable="false" sap:sortable="false" sap:filterable="false"/></EntityType><EntityType Name="PalletManifestPDF" m:HasStream="true" sap:content-version="1"><Key><PropertyRef Name="GUID"/></Key><Property Name="GUID" Type="Edm.String" Nullable="false" sap:unicode="false" sap:creatable="false" sap:updatable="false" sap:sortable="false" sap:filterable="false"/></EntityType><EntityType Name="SerialNumberResponse" sap:content-version="1"><Key><PropertyRef Name="BoxID_BoxID"/></Key><Property Name="BoxID_BoxID" Type="Edm.String" Nullable="false" sap:unicode="false" sap:creatable="false" sap:updatable="false" sap:sortable="false" sap:filterable="false"/><Property Name="BoxSequence" Type="Edm.String" Nullable="false" sap:unicode="false" sap:creatable="false" sap:updatable="false" sap:sortable="false" sap:filterable="false"/><Property Name="SerialNumber" Type="Edm.String" Nullable="false" sap:unicode="false" sap:creatable="false" sap:updatable="false" sap:sortable="false" sap:filterable="false"/><Property Name="IMEI1" Type="Edm.String" Nullable="false" sap:unicode="false" sap:creatable="false" sap:updatable="false" sap:sortable="false" sap:filterable="false"/><Property Name="IMEI2" Type="Edm.String" Nullable="false" sap:unicode="false" sap:creatable="false" sap:updatable="false" sap:sortable="false" sap:filterable="false"/><Property Name="AsIsPartNumber" Type="Edm.String" Nullable="false" sap:unicode="false" sap:creatable="false" sap:updatable="false" sap:sortable="false" sap:filterable="false"/><Property Name="FinishedGoodsMPN" Type="Edm.String" Nullable="false" sap:unicode="false" sap:creatable="false" sap:updatable="false" sap:sortable="false" sap:filterable="false"/><Property Name="ConfigID" Type="Edm.String" Nullable="false" sap:unicode="false" sap:creatable="false" sap:updatable="false" sap:sortable="false" sap:filterable="false"/><Property Name="EAN11" Type="Edm.String" Nullable="false" sap:unicode="false" sap:creatable="false" sap:updatable="false" sap:sortable="false" sap:filterable="false"/><Property Name="ModelNumber" Type="Edm.String" Nullable="false" sap:unicode="false" sap:creatable="false" sap:updatable="false" sap:sortable="false" sap:filterable="false"/><Property Name="Cellular" Type="Edm.String" Nullable="false" sap:unicode="false" sap:creatable="false" sap:updatable="false" sap:sortable="false" sap:filterable="false"/><Property Name="CountryOfOrigin" Type="Edm.String" Nullable="false" sap:unicode="false" sap:creatable="false" sap:updatable="false" sap:sortable="false" sap:filterable="false"/></EntityType><EntityType Name="SerialNumberValidationResult" sap:content-version="1"><Key><PropertyRef Name="ConfigID"/></Key><Property Name="ConfigID" Type="Edm.String" Nullable="false" sap:unicode="false" sap:creatable="false" sap:updatable="false" sap:sortable="false" sap:filterable="false"/><Property Name="MultipleParts" Type="Edm.String" Nullable="false" sap:unicode="false" sap:creatable="false" sap:updatable="false" sap:sortable="false" sap:filterable="false"/><Property Name="AsIsPartNumber" Type="Edm.String" Nullable="false" sap:unicode="false" sap:creatable="false" sap:updatable="false" sap:sortable="false" sap:filterable="false"/></EntityType><EntityType Name="ValidateSerialNumberBoxTypeResponse" sap:content-version="1"><Key><PropertyRef Name="SerialNumber"/></Key><Property Name="SerialNumber" Type="Edm.String" Nullable="false" sap:unicode="false" sap:creatable="false" sap:updatable="false" sap:sortable="false" sap:filterable="false"/><Property Name="BoxSequence" Type="Edm.String" Nullable="false" sap:unicode="false" sap:creatable="false" sap:updatable="false" sap:sortable="false" sap:filterable="false"/><Property Name="AsIsPartNumber" Type="Edm.String" Nullable="false" sap:unicode="false" sap:creatable="false" sap:updatable="false" sap:sortable="false" sap:filterable="false"/><Property Name="FinishedGoodsMPN" Type="Edm.String" Nullable="false" sap:unicode="false" sap:creatable="false" sap:updatable="false" sap:sortable="false" sap:filterable="false"/></EntityType><EntityType Name="LamsUpdateResponse" sap:content-version="1"><Key><PropertyRef Name="MessageType"/></Key><Property Name="MessageType" Type="Edm.String" Nullable="false" sap:unicode="false" sap:creatable="false" sap:updatable="false" sap:sortable="false"/><Property Name="MessageText" Type="Edm.String" Nullable="false" sap:unicode="false" sap:creatable="false" sap:updatable="false" sap:sortable="false"/></EntityType><EntityType Name="BoxLabelPDF" m:HasStream="true" sap:content-version="1"><Key><PropertyRef Name="GUID"/></Key><Property Name="GUID" Type="Edm.String" Nullable="false" sap:unicode="false" sap:creatable="false" sap:updatable="false" sap:sortable="false" sap:filterable="false"/></EntityType><EntityType Name="ARTSBoxLabelResponse" sap:content-version="1"><Key><PropertyRef Name="GUID"/></Key><Property Name="GUID" Type="Edm.String" Nullable="false" sap:unicode="false" sap:creatable="false" sap:updatable="false" sap:sortable="false" sap:filterable="false"/><Property Name="MessageType" Type="Edm.String" Nullable="false" sap:unicode="false" sap:creatable="false" sap:updatable="false" sap:sortable="false" sap:filterable="false"/><Property Name="MessageText" Type="Edm.String" Nullable="false" sap:unicode="false" sap:creatable="false" sap:updatable="false" sap:sortable="false" sap:filterable="false"/></EntityType><EntityType Name="ARTSBoxLabelPDF" m:HasStream="true" sap:content-version="1"><Key><PropertyRef Name="GUID"/></Key><Property Name="GUID" Type="Edm.String" Nullable="false" sap:unicode="false" sap:creatable="false" sap:updatable="false" sap:sortable="false" sap:filterable="false"/></EntityType><EntityType Name="ARTSPalletLabelResponse" sap:content-version="1"><Key><PropertyRef Name="GUID"/></Key><Property Name="GUID" Type="Edm.String" Nullable="false" sap:unicode="false" sap:creatable="false" sap:updatable="false" sap:sortable="false" sap:filterable="false"/><Property Name="MessageType" Type="Edm.String" Nullable="false" sap:unicode="false" sap:creatable="false" sap:updatable="false" sap:sortable="false" sap:filterable="false"/><Property Name="MessageText" Type="Edm.String" Nullable="false" sap:unicode="false" sap:creatable="false" sap:updatable="false" sap:sortable="false" sap:filterable="false"/></EntityType><EntityType Name="ARTSPalletLabelPDF" m:HasStream="true" sap:content-version="1"><Key><PropertyRef Name="GUID"/></Key><Property Name="GUID" Type="Edm.String" Nullable="false" sap:unicode="false" sap:creatable="false" sap:updatable="false" sap:sortable="false" sap:filterable="false"/></EntityType><EntityContainer Name="zod_ac_packaging_srv_Entities" m:IsDefaultEntityContainer="true" sap:supported-formats="atom json xlsx"><EntitySet Name="PalletManifestMessageSet" EntityType="zod_ac_packaging_srv.PalletManifestMessage" sap:creatable="false" sap:updatable="false" sap:deletable="false" sap:pageable="false" sap:addressable="false" sap:content-version="1"/><EntitySet Name="BoxLabelMessageSet" EntityType="zod_ac_packaging_srv.BoxLabelMessage" sap:creatable="false" sap:updatable="false" sap:deletable="false" sap:pageable="false" sap:addressable="false" sap:content-version="1"/><EntitySet Name="PalletManifestPDFSet" EntityType="zod_ac_packaging_srv.PalletManifestPDF" sap:creatable="false" sap:updatable="false" sap:deletable="false" sap:pageable="false" sap:addressable="false" sap:content-version="1"/><EntitySet Name="SerialNumberResponseSet" EntityType="zod_ac_packaging_srv.SerialNumberResponse" sap:creatable="false" sap:updatable="false" sap:deletable="false" sap:pageable="false" sap:addressable="false" sap:content-version="1"/><EntitySet Name="SerialNumberValidationResultSet" EntityType="zod_ac_packaging_srv.SerialNumberValidationResult" sap:creatable="false" sap:updatable="false" sap:deletable="false" sap:pageable="false" sap:addressable="false" sap:content-version="1"/><EntitySet Name="ValidateSerialNumberBoxTypeResponseSet" EntityType="zod_ac_packaging_srv.ValidateSerialNumberBoxTypeResponse" sap:creatable="false" sap:updatable="false" sap:deletable="false" sap:pageable="false" sap:addressable="false" sap:content-version="1"/><EntitySet Name="LamsUpdateResponseSet" EntityType="zod_ac_packaging_srv.LamsUpdateResponse" sap:creatable="false" sap:updatable="false" sap:deletable="false" sap:searchable="true" sap:pageable="false" sap:addressable="false" sap:content-version="1"/><EntitySet Name="BoxLabelPDFSet" EntityType="zod_ac_packaging_srv.BoxLabelPDF" sap:creatable="false" sap:updatable="false" sap:deletable="false" sap:pageable="false" sap:addressable="false" sap:content-version="1"/><EntitySet Name="ARTSBoxLabelResponseSet" EntityType="zod_ac_packaging_srv.ARTSBoxLabelResponse" sap:creatable="false" sap:updatable="false" sap:deletable="false" sap:pageable="false" sap:addressable="false" sap:content-version="1"/><EntitySet Name="ARTSBoxLabelPDFSet" EntityType="zod_ac_packaging_srv.ARTSBoxLabelPDF" sap:creatable="false" sap:updatable="false" sap:deletable="false" sap:pageable="false" sap:addressable="false" sap:content-version="1"/><EntitySet Name="ARTSPalletLabelResponseSet" EntityType="zod_ac_packaging_srv.ARTSPalletLabelResponse" sap:creatable="false" sap:updatable="false" sap:deletable="false" sap:pageable="false" sap:addressable="false" sap:content-version="1"/><EntitySet Name="ARTSPalletLabelPDFSet" EntityType="zod_ac_packaging_srv.ARTSPalletLabelPDF" sap:creatable="false" sap:updatable="false" sap:deletable="false" sap:pageable="false" sap:addressable="false" sap:content-version="1"/><FunctionImport Name="GeneratePalletManifest" ReturnType="zod_ac_packaging_srv.PalletManifestMessage" EntitySet="PalletManifestMessageSet" m:HttpMethod="POST"><Parameter Name="TotalBoxQuantity" Type="Edm.String" Mode="In"/><Parameter Name="TotalBoxCount" Type="Edm.String" Mode="In"/><Parameter Name="CountryOfOrigin" Type="Edm.String" Mode="In"/><Parameter Name="PalletID" Type="Edm.String" Mode="In"/><Parameter Name="BoxQuantity" Type="Edm.String" Mode="In"/><Parameter Name="FgPartNumber" Type="Edm.String" Mode="In"/><Parameter Name="AcRfbPartNumber" Type="Edm.String" Mode="In"/><Parameter Name="BoxID" Type="Edm.String" Mode="In"/><Parameter Name="Plant" Type="Edm.String" Mode="In"/><Parameter Name="StorageLocation" Type="Edm.String" Mode="In"/></FunctionImport><FunctionImport Name="GenerateBoxLabel" ReturnType="zod_ac_packaging_srv.BoxLabelMessage" EntitySet="BoxLabelMessageSet" m:HttpMethod="POST"><Parameter Name="EAN11" Type="Edm.String" Mode="In"/><Parameter Name="CountryOfOrigin" Type="Edm.String" Mode="In"/><Parameter Name="BoxQuantity" Type="Edm.String" Mode="In"/><Parameter Name="StorageBin" Type="Edm.String" Mode="In"/><Parameter Name="ModelNo" Type="Edm.String" Mode="In"/><Parameter Name="SSCC18" Type="Edm.String" Mode="In"/><Parameter Name="IMEI2" Type="Edm.String" Mode="In"/><Parameter Name="IMEI1" Type="Edm.String" Mode="In"/><Parameter Name="SerialNumber" Type="Edm.String" Mode="In"/><Parameter Name="FgPartNumber" Type="Edm.String" Mode="In"/><Parameter Name="AcRfbPartNumber" Type="Edm.String" Mode="In"/><Parameter Name="BoxID" Type="Edm.String" Mode="In"/></FunctionImport><FunctionImport Name="getSerialNumberDetails" ReturnType="Collection(zod_ac_packaging_srv.SerialNumberResponse)" EntitySet="SerialNumberResponseSet" m:HttpMethod="GET"><Parameter Name="AsIsPartNumber" Type="Edm.String" Mode="In"/><Parameter Name="ConfigID" Type="Edm.String" Mode="In"/><Parameter Name="boxID" Type="Edm.String" Mode="In"/><Parameter Name="sequencePositions" Type="Edm.String" Mode="In"/><Parameter Name="serialNumbers" Type="Edm.String" Mode="In"/></FunctionImport><FunctionImport Name="validateSerialNumbers" ReturnType="zod_ac_packaging_srv.SerialNumberValidationResult" EntitySet="SerialNumberValidationResultSet" m:HttpMethod="GET"><Parameter Name="serialNumbers" Type="Edm.String" Mode="In"/><Parameter Name="boxID" Type="Edm.String" Mode="In"/></FunctionImport><FunctionImport Name="validateSerialNumbersForBoxType" ReturnType="Collection(zod_ac_packaging_srv.ValidateSerialNumberBoxTypeResponse)" EntitySet="ValidateSerialNumberBoxTypeResponseSet" m:HttpMethod="GET"><Parameter Name="CustomerNumber" Type="Edm.String" Mode="In"/><Parameter Name="Type" Type="Edm.String" Mode="In"/><Parameter Name="serialNumbers" Type="Edm.String" Mode="In"/><Parameter Name="boxID" Type="Edm.String" Mode="In"/><Parameter Name="sequencePositions" Type="Edm.String" Mode="In"/></FunctionImport><FunctionImport Name="LamsUpdate" ReturnType="zod_ac_packaging_srv.LamsUpdateResponse" EntitySet="LamsUpdateResponseSet" m:HttpMethod="POST"><Parameter Name="PalletID" Type="Edm.String" Mode="In"/></FunctionImport><FunctionImport Name="GenerateARTSBoxLabel" ReturnType="zod_ac_packaging_srv.ARTSBoxLabelResponse" EntitySet="ARTSBoxLabelResponseSet" m:HttpMethod="POST"><Parameter Name="Customer" Type="Edm.String" Mode="In"/><Parameter Name="BoxQuantity" Type="Edm.String" Mode="In"/><Parameter Name="BoxID" Type="Edm.String" Mode="In"/></FunctionImport><FunctionImport Name="GenerateARTSPalletLabel" ReturnType="zod_ac_packaging_srv.ARTSPalletLabelResponse" EntitySet="ARTSPalletLabelResponseSet" m:HttpMethod="POST"><Parameter Name="Customer" Type="Edm.String" Mode="In"/><Parameter Name="TotalBoxQuantity" Type="Edm.String" Mode="In"/><Parameter Name="TotalBoxCount" Type="Edm.String" Mode="In"/><Parameter Name="PalletID" Type="Edm.String" Mode="In"/><Parameter Name="BoxQuantity" Type="Edm.String" Mode="In"/><Parameter Name="BoxID" Type="Edm.String" Mode="In"/></FunctionImport></EntityContainer><atom:link rel="self" href="http://rnmixdevadb02.rno.apple.com:8336/sap/opu/odata/SAP/zod_ac_packaging_srv/$metadata" xmlns:atom="http://www.w3.org/2005/Atom"/><atom:link rel="latest-version" href="http://rnmixdevadb02.rno.apple.com:8336/sap/opu/odata/SAP/zod_ac_packaging_srv/$metadata" xmlns:atom="http://www.w3.org/2005/Atom"/></Schema></edmx:DataServices></edmx:Edmx>