<?xml version="1.0" encoding="utf-8"?>
<edmx:Edmx Version="1.0"
    xmlns:edmx="http://schemas.microsoft.com/ado/2007/06/edmx"
    xmlns:m="http://schemas.microsoft.com/ado/2007/08/dataservices/metadata"
    xmlns:sap="http://www.sap.com/Protocols/SAPData">
    <edmx:DataServices m:DataServiceVersion="2.0">
        <Schema Namespace="ZOD_NAD_SCREEN_VARIANT_SRV" xml:lang="en" sap:schema-version="1"
            xmlns="http://schemas.microsoft.com/ado/2008/09/edm">
            <Annotation Term="Core.SchemaVersion" String="1.0.0"
                xmlns="http://docs.oasis-open.org/odata/ns/edm"/>
            <EntityType Name="SessionHdr" sap:content-version="1">
                <Key>
                    <PropertyRef Name="Action"/>
                </Key>
                <Property Name="Action" Type="Edm.String" Nullable="false" MaxLength="10" sap:unicode="false" sap:label="Action" sap:creatable="false" sap:updatable="false" sap:sortable="false" sap:filterable="false"/>
                <NavigationProperty Name="NAV_SESSHDR_VARHDR" Relationship="ZOD_NAD_SCREEN_VARIANT_SRV.ASSOC_SESSHDR_VARHDR" FromRole="FromRole_ASSOC_SESSHDR_VARHDR" ToRole="ToRole_ASSOC_SESSHDR_VARHDR"/>
            </EntityType>
            <EntityType Name="VariantHdr" sap:content-version="1">
                <Key>
                    <PropertyRef Name="Applid"/>
                    <PropertyRef Name="Report"/>
                    <PropertyRef Name="Variant"/>
                </Key>
                <Property Name="Applid" Type="Edm.String" Nullable="false" MaxLength="30" sap:unicode="false" sap:label="Application ID" sap:creatable="false" sap:updatable="false" sap:sortable="false" sap:filterable="false"/>
                <Property Name="Report" Type="Edm.String" Nullable="false" MaxLength="40" sap:unicode="false" sap:label="Report Name" sap:creatable="false" sap:updatable="false" sap:sortable="false" sap:filterable="false"/>
                <Property Name="Variant" Type="Edm.String" Nullable="false" MaxLength="32" sap:unicode="false" sap:label="Variant" sap:creatable="false" sap:updatable="false" sap:sortable="false" sap:filterable="false"/>
                <Property Name="Vtext" Type="Edm.String" Nullable="false" MaxLength="30" sap:unicode="false" sap:label="Short text" sap:creatable="false" sap:updatable="false" sap:sortable="false" sap:filterable="false"/>
                <Property Name="Default_Flg" Type="Edm.String" Nullable="false" MaxLength="1" sap:unicode="false" sap:label="Indicator" sap:creatable="false" sap:updatable="false" sap:sortable="false" sap:filterable="false"/>
                <Property Name="Global_Flg" Type="Edm.String" Nullable="false" MaxLength="1" sap:unicode="false" sap:label="Indicator" sap:creatable="false" sap:updatable="false" sap:sortable="false" sap:filterable="false"/>
                <NavigationProperty Name="NAV_VARHDR_VARLST" Relationship="ZOD_NAD_SCREEN_VARIANT_SRV.ASSOC_VARHDR_VARLST" FromRole="FromRole_ASSOC_VARHDR_VARLST" ToRole="ToRole_ASSOC_VARHDR_VARLST"/>
                <NavigationProperty Name="NAV_VARHDR_VARDTL" Relationship="ZOD_NAD_SCREEN_VARIANT_SRV.ASSOC_VARHDR_VARDTL" FromRole="FromRole_ASSOC_VARHDR_VARDTL" ToRole="ToRole_ASSOC_VARHDR_VARDTL"/>
                <NavigationProperty Name="NAV_VARHDR_MSGDTL" Relationship="ZOD_NAD_SCREEN_VARIANT_SRV.ASSOC_VARHDR_MSGDTL" FromRole="FromRole_ASSOC_VARHDR_MSGDTL" ToRole="ToRole_ASSOC_VARHDR_MSGDTL"/>
            </EntityType>
            <EntityType Name="VariantDtl" sap:content-version="1">
                <Key>
                    <PropertyRef Name="Applid"/>
                    <PropertyRef Name="Report"/>
                    <PropertyRef Name="Variant"/>
                </Key>
                <Property Name="Applid" Type="Edm.String" Nullable="false" MaxLength="30" sap:unicode="false" sap:label="Application ID" sap:creatable="false" sap:updatable="false" sap:sortable="false" sap:filterable="false"/>
                <Property Name="Report" Type="Edm.String" Nullable="false" MaxLength="40" sap:unicode="false" sap:label="Report Name" sap:creatable="false" sap:updatable="false" sap:sortable="false" sap:filterable="false"/>
                <Property Name="Variant" Type="Edm.String" Nullable="false" MaxLength="32" sap:unicode="false" sap:label="Variant" sap:creatable="false" sap:updatable="false" sap:sortable="false" sap:filterable="false"/>
                <Property Name="Selname" Type="Edm.String" Nullable="false" MaxLength="20" sap:unicode="false" sap:label="Selection" sap:creatable="false" sap:updatable="false" sap:sortable="false" sap:filterable="false"/>
                <Property Name="Kind" Type="Edm.String" Nullable="false" MaxLength="1" sap:unicode="false" sap:label="Selection cat." sap:creatable="false" sap:updatable="false" sap:sortable="false" sap:filterable="false"/>
                <Property Name="Sign" Type="Edm.String" Nullable="false" MaxLength="1" sap:unicode="false" sap:label="Type of SIGN component in row type of a Ranges type" sap:creatable="false" sap:updatable="false" sap:sortable="false" sap:filterable="false"/>
                <Property Name="Zoption" Type="Edm.String" Nullable="false" MaxLength="2" sap:unicode="false" sap:label="Type of OPTION component in row type of a Ranges type" sap:creatable="false" sap:updatable="false" sap:sortable="false" sap:filterable="false"/>
                <Property Name="Low" Type="Edm.String" Nullable="false" MaxLength="255" sap:unicode="false" sap:label="Field Value" sap:creatable="false" sap:updatable="false" sap:sortable="false" sap:filterable="false"/>
                <Property Name="High" Type="Edm.String" Nullable="false" MaxLength="255" sap:unicode="false" sap:label="Field Value" sap:creatable="false" sap:updatable="false" sap:sortable="false" sap:filterable="false"/>
            </EntityType>
            <EntityType Name="MsgDtl" sap:content-version="1">
                <Key>
                    <PropertyRef Name="Type"/>
                    <PropertyRef Name="Id"/>
                    <PropertyRef Name="Number"/>
                </Key>
                <Property Name="Type" Type="Edm.String" Nullable="false" MaxLength="1" sap:unicode="false" sap:label="Message type" sap:creatable="false" sap:updatable="false" sap:sortable="false" sap:filterable="false"/>
                <Property Name="Id" Type="Edm.String" Nullable="false" MaxLength="20" sap:unicode="false" sap:label="Message Class" sap:creatable="false" sap:updatable="false" sap:sortable="false" sap:filterable="false"/>
                <Property Name="Number" Type="Edm.String" Nullable="false" MaxLength="3" sap:unicode="false" sap:label="Message number" sap:creatable="false" sap:updatable="false" sap:sortable="false" sap:filterable="false"/>
                <Property Name="Message" Type="Edm.String" Nullable="false" MaxLength="220" sap:unicode="false" sap:label="Message text" sap:creatable="false" sap:updatable="false" sap:sortable="false" sap:filterable="false"/>
                <Property Name="LogNo" Type="Edm.String" Nullable="false" MaxLength="20" sap:unicode="false" sap:label="Log number" sap:creatable="false" sap:updatable="false" sap:sortable="false" sap:filterable="false"/>
                <Property Name="LogMsgNo" Type="Edm.String" Nullable="false" MaxLength="6" sap:unicode="false" sap:label="Message no." sap:creatable="false" sap:updatable="false" sap:sortable="false" sap:filterable="false"/>
                <Property Name="MessageV1" Type="Edm.String" Nullable="false" MaxLength="50" sap:unicode="false" sap:label="Message Variable" sap:creatable="false" sap:updatable="false" sap:sortable="false" sap:filterable="false"/>
                <Property Name="MessageV2" Type="Edm.String" Nullable="false" MaxLength="50" sap:unicode="false" sap:label="Message Variable" sap:creatable="false" sap:updatable="false" sap:sortable="false" sap:filterable="false"/>
                <Property Name="MessageV3" Type="Edm.String" Nullable="false" MaxLength="50" sap:unicode="false" sap:label="Message Variable" sap:creatable="false" sap:updatable="false" sap:sortable="false" sap:filterable="false"/>
                <Property Name="MessageV4" Type="Edm.String" Nullable="false" MaxLength="50" sap:unicode="false" sap:label="Message Variable" sap:creatable="false" sap:updatable="false" sap:sortable="false" sap:filterable="false"/>
                <Property Name="Parameter" Type="Edm.String" Nullable="false" MaxLength="32" sap:unicode="false" sap:label="Parameter Name" sap:creatable="false" sap:updatable="false" sap:sortable="false" sap:filterable="false"/>
                <Property Name="Row" Type="Edm.Int32" Nullable="false" sap:unicode="false" sap:label="Parameter line" sap:creatable="false" sap:updatable="false" sap:sortable="false" sap:filterable="false"/>
                <Property Name="Field" Type="Edm.String" Nullable="false" MaxLength="30" sap:unicode="false" sap:label="Field name" sap:creatable="false" sap:updatable="false" sap:sortable="false" sap:filterable="false"/>
                <Property Name="System" Type="Edm.String" Nullable="false" MaxLength="10" sap:unicode="false" sap:label="Logical system" sap:creatable="false" sap:updatable="false" sap:sortable="false" sap:filterable="false"/>
            </EntityType>
            <EntityType Name="VariantList" sap:content-version="1">
                <Key>
                    <PropertyRef Name="Applid"/>
                    <PropertyRef Name="Report"/>
                </Key>
                <Property Name="Applid" Type="Edm.String" Nullable="false" MaxLength="30" sap:unicode="false" sap:label="Application ID" sap:creatable="false" sap:updatable="false" sap:sortable="false" sap:filterable="false"/>
                <Property Name="Report" Type="Edm.String" Nullable="false" MaxLength="40" sap:unicode="false" sap:label="Report Name" sap:creatable="false" sap:updatable="false" sap:sortable="false" sap:filterable="false"/>
                <Property Name="StarV" Type="Edm.String" Nullable="false" MaxLength="1" sap:unicode="false" sap:label="Single-Character Flag" sap:creatable="false" sap:updatable="false" sap:sortable="false" sap:filterable="false"/>
                <Property Name="DelV" Type="Edm.String" Nullable="false" MaxLength="1" sap:unicode="false" sap:label="Single-Character Flag" sap:creatable="false" sap:updatable="false" sap:sortable="false" sap:filterable="false"/>
                <Property Name="Variant" Type="Edm.String" Nullable="false" MaxLength="32" sap:unicode="false" sap:label="Variant" sap:creatable="false" sap:updatable="false" sap:sortable="false" sap:filterable="false"/>
                <Property Name="Vtext" Type="Edm.String" Nullable="false" MaxLength="30" sap:unicode="false" sap:label="Short text" sap:creatable="false" sap:updatable="false" sap:sortable="false" sap:filterable="false"/>
                <Property Name="Global_Flg" Type="Edm.String" Nullable="false" MaxLength="1" sap:unicode="false" sap:label="Indicator" sap:creatable="false" sap:updatable="false" sap:sortable="false" sap:filterable="false"/>
                <Property Name="Default_Flg" Type="Edm.String" Nullable="false" MaxLength="1" sap:unicode="false" sap:label="Indicator" sap:creatable="false" sap:updatable="false" sap:sortable="false" sap:filterable="false"/>
                <Property Name="vFlg" Type="Edm.String" Nullable="false" MaxLength="1" sap:unicode="false" sap:label="indicator" sap:creatable="false" sap:updatable="false" sap:sortable="false" sap:filterable="false"/>
            </EntityType>
            <Association Name="ASSOC_SESSHDR_VARHDR" sap:content-version="1">
                <End Type="ZOD_NAD_SCREEN_VARIANT_SRV.SessionHdr" Multiplicity="1" Role="FromRole_ASSOC_SESSHDR_VARHDR"/>
                <End Type="ZOD_NAD_SCREEN_VARIANT_SRV.VariantHdr" Multiplicity="*" Role="ToRole_ASSOC_SESSHDR_VARHDR"/>
            </Association>
            <Association Name="ASSOC_VARHDR_MSGDTL" sap:content-version="1">
                <End Type="ZOD_NAD_SCREEN_VARIANT_SRV.VariantHdr" Multiplicity="1" Role="FromRole_ASSOC_VARHDR_MSGDTL"/>
                <End Type="ZOD_NAD_SCREEN_VARIANT_SRV.MsgDtl" Multiplicity="*" Role="ToRole_ASSOC_VARHDR_MSGDTL"/>
            </Association>
            <Association Name="ASSOC_VARHDR_VARDTL" sap:content-version="1">
                <End Type="ZOD_NAD_SCREEN_VARIANT_SRV.VariantHdr" Multiplicity="1" Role="FromRole_ASSOC_VARHDR_VARDTL"/>
                <End Type="ZOD_NAD_SCREEN_VARIANT_SRV.VariantDtl" Multiplicity="*" Role="ToRole_ASSOC_VARHDR_VARDTL"/>
                <ReferentialConstraint>
                    <Principal Role="FromRole_ASSOC_VARHDR_VARDTL">
                        <PropertyRef Name="Applid"/>
                        <PropertyRef Name="Report"/>
                        <PropertyRef Name="Variant"/>
                    </Principal>
                    <Dependent Role="ToRole_ASSOC_VARHDR_VARDTL">
                        <PropertyRef Name="Applid"/>
                        <PropertyRef Name="Report"/>
                        <PropertyRef Name="Variant"/>
                    </Dependent>
                </ReferentialConstraint>
            </Association>
            <Association Name="ASSOC_VARHDR_VARLST" sap:content-version="1">
                <End Type="ZOD_NAD_SCREEN_VARIANT_SRV.VariantHdr" Multiplicity="1" Role="FromRole_ASSOC_VARHDR_VARLST"/>
                <End Type="ZOD_NAD_SCREEN_VARIANT_SRV.VariantList" Multiplicity="*" Role="ToRole_ASSOC_VARHDR_VARLST"/>
            </Association>
            <EntityContainer Name="ZOD_NAD_SCREEN_VARIANT_SRV_Entities" m:IsDefaultEntityContainer="true" sap:supported-formats="atom json xlsx">
                <EntitySet Name="SessionHdrSet" EntityType="ZOD_NAD_SCREEN_VARIANT_SRV.SessionHdr" sap:creatable="false" sap:updatable="false" sap:deletable="false" sap:pageable="false" sap:addressable="false" sap:content-version="1"/>
                <EntitySet Name="VariantHdrSet" EntityType="ZOD_NAD_SCREEN_VARIANT_SRV.VariantHdr" sap:creatable="false" sap:updatable="false" sap:deletable="false" sap:pageable="false" sap:content-version="1"/>
                <EntitySet Name="VariantDtlSet" EntityType="ZOD_NAD_SCREEN_VARIANT_SRV.VariantDtl" sap:creatable="false" sap:updatable="false" sap:deletable="false" sap:pageable="false" sap:content-version="1"/>
                <EntitySet Name="MsgDtlSet" EntityType="ZOD_NAD_SCREEN_VARIANT_SRV.MsgDtl" sap:creatable="false" sap:updatable="false" sap:deletable="false" sap:pageable="false" sap:content-version="1"/>
                <EntitySet Name="VariantListSet" EntityType="ZOD_NAD_SCREEN_VARIANT_SRV.VariantList" sap:creatable="false" sap:updatable="false" sap:deletable="false" sap:pageable="false" sap:content-version="1"/>
                <AssociationSet Name="ASSOC_VARHDR_MSGDTLSet" Association="ZOD_NAD_SCREEN_VARIANT_SRV.ASSOC_VARHDR_MSGDTL" sap:creatable="false" sap:updatable="false" sap:deletable="false" sap:content-version="1">
                    <End EntitySet="VariantHdrSet" Role="FromRole_ASSOC_VARHDR_MSGDTL"/>
                    <End EntitySet="MsgDtlSet" Role="ToRole_ASSOC_VARHDR_MSGDTL"/>
                </AssociationSet>
                <AssociationSet Name="ASSOC_VARHDR_VARLSTSet" Association="ZOD_NAD_SCREEN_VARIANT_SRV.ASSOC_VARHDR_VARLST" sap:creatable="false" sap:updatable="false" sap:deletable="false" sap:content-version="1">
                    <End EntitySet="VariantHdrSet" Role="FromRole_ASSOC_VARHDR_VARLST"/>
                    <End EntitySet="VariantListSet" Role="ToRole_ASSOC_VARHDR_VARLST"/>
                </AssociationSet>
                <AssociationSet Name="ASSOC_VARHDR_VARDTLSet" Association="ZOD_NAD_SCREEN_VARIANT_SRV.ASSOC_VARHDR_VARDTL" sap:creatable="false" sap:updatable="false" sap:deletable="false" sap:content-version="1">
                    <End EntitySet="VariantHdrSet" Role="FromRole_ASSOC_VARHDR_VARDTL"/>
                    <End EntitySet="VariantDtlSet" Role="ToRole_ASSOC_VARHDR_VARDTL"/>
                </AssociationSet>
                <AssociationSet Name="ASSOC_SESSHDR_VARHDRSet" Association="ZOD_NAD_SCREEN_VARIANT_SRV.ASSOC_SESSHDR_VARHDR" sap:creatable="false" sap:updatable="false" sap:deletable="false" sap:content-version="1">
                    <End EntitySet="SessionHdrSet" Role="FromRole_ASSOC_SESSHDR_VARHDR"/>
                    <End EntitySet="VariantHdrSet" Role="ToRole_ASSOC_SESSHDR_VARHDR"/>
                </AssociationSet>
            </EntityContainer>
            <atom:link rel="self" href="http://epweb-dev.corp.apple.com/sap/opu/odata/sap/ZOD_NAD_SCREEN_VARIANT_SRV/$metadata"
                xmlns:atom="http://www.w3.org/2005/Atom"/>
            <atom:link rel="latest-version" href="http://epweb-dev.corp.apple.com/sap/opu/odata/sap/ZOD_NAD_SCREEN_VARIANT_SRV/$metadata"
                xmlns:atom="http://www.w3.org/2005/Atom"/>
        </Schema>
    </edmx:DataServices>
</edmx:Edmx>