<?xml version="1.0" encoding="utf-8"?>
<edmx:Edmx Version="1.0"
    xmlns:edmx="http://schemas.microsoft.com/ado/2007/06/edmx"
    xmlns:m="http://schemas.microsoft.com/ado/2007/08/dataservices/metadata"
    xmlns:sap="http://www.sap.com/Protocols/SAPData">
    <edmx:DataServices m:DataServiceVersion="2.0">
        <Schema Namespace="ZSRV_VARIANT_DETAILS_SRV" xml:lang="en" sap:schema-version="1"
            xmlns="http://schemas.microsoft.com/ado/2008/09/edm">
            <Annotation Term="Core.SchemaVersion" String="1.0.0"
                xmlns="http://docs.oasis-open.org/odata/ns/edm"/>
            <EntityType Name="Column" sap:content-version="1">
                <Key>
                    <PropertyRef Name="AppName"/>
                    <PropertyRef Name="TableName"/>
                    <PropertyRef Name="Variant"/>
                </Key>
                <Property Name="AppName" Type="Edm.String" Nullable="false" MaxLength="40" sap:unicode="false" sap:sortable="false"/>
                <Property Name="TableName" Type="Edm.String" Nullable="false" MaxLength="40" sap:unicode="false" sap:sortable="false"/>
                <Property Name="Variant" Type="Edm.String" Nullable="false" MaxLength="40" sap:unicode="false" sap:sortable="false"/>
                <Property Name="Columns" Type="Edm.String" Nullable="false" MaxLength="10000" sap:unicode="false" sap:sortable="false" sap:filterable="false"/>
                <Property Name="ColValue" Type="Edm.String" Nullable="false" sap:unicode="false" sap:sortable="false" sap:filterable="false"/>
                <Property Name="Global" Type="Edm.String" Nullable="false" MaxLength="1" sap:unicode="false" sap:sortable="false" sap:filterable="false"/>
                <Property Name="Default" Type="Edm.String" Nullable="false" MaxLength="1" sap:unicode="false" sap:sortable="false" sap:filterable="false"/>
                <Property Name="Delete" Type="Edm.String" Nullable="false" sap:unicode="false" sap:creatable="false" sap:updatable="false" sap:sortable="false" sap:filterable="false"/>
            </EntityType>
            <EntityType Name="Layout" sap:content-version="1">
                <Key>
                    <PropertyRef Name="AppName"/>
                </Key>
                <Property Name="AppName" Type="Edm.String" Nullable="false" sap:unicode="false" sap:creatable="false" sap:updatable="false" sap:sortable="false" sap:filterable="false"/>
                <Property Name="TableName" Type="Edm.String" Nullable="false" sap:unicode="false" sap:creatable="false" sap:updatable="false" sap:sortable="false" sap:filterable="false"/>
                <Property Name="Variant" Type="Edm.String" Nullable="false" sap:unicode="false" sap:creatable="false" sap:updatable="false" sap:sortable="false" sap:filterable="false"/>
                <Property Name="Default" Type="Edm.String" Nullable="false" sap:unicode="false" sap:creatable="false" sap:updatable="false" sap:sortable="false" sap:filterable="false"/>
                <Property Name="Global" Type="Edm.String" Nullable="false" sap:unicode="false" sap:creatable="false" sap:updatable="false" sap:sortable="false" sap:filterable="false"/>
            </EntityType>
            <EntityContainer Name="ZSRV_VARIANT_DETAILS_SRV_Entities" m:IsDefaultEntityContainer="true" sap:supported-formats="atom json xlsx">
                <EntitySet Name="ColumnSet" EntityType="ZSRV_VARIANT_DETAILS_SRV.Column" sap:creatable="false" sap:updatable="false" sap:deletable="false" sap:pageable="false" sap:addressable="false" sap:content-version="1"/>
                <EntitySet Name="LayoutSet" EntityType="ZSRV_VARIANT_DETAILS_SRV.Layout" sap:creatable="false" sap:updatable="false" sap:deletable="false" sap:pageable="false" sap:addressable="false" sap:content-version="1"/>
            </EntityContainer>
            <atom:link rel="self" href="http://epweb-dev.corp.apple.com/sap/opu/odata/sap/ZSRV_VARIANT_DETAILS_SRV/$metadata"
                xmlns:atom="http://www.w3.org/2005/Atom"/>
            <atom:link rel="latest-version" href="http://epweb-dev.corp.apple.com/sap/opu/odata/sap/ZSRV_VARIANT_DETAILS_SRV/$metadata"
                xmlns:atom="http://www.w3.org/2005/Atom"/>
        </Schema>
    </edmx:DataServices>
</edmx:Edmx>