{
    "authenticationMethod": "route",
    "routes": [
        {
            "source": "^/ui5/(.*)$",
            "target": "$1",
            "authenticationType": "xsuaa",
            "destination": "ACSC_APIM",
            "csrfProtection": false
        },
        {
            "source": "^/ACSC_DIRECT/(.*)$",
            "target": "$1",
            "authenticationType": "xsuaa",
            "destination": "ACSC_DIRECT",
            "csrfProtection": false
        },
        {
            "source": "^/OSS_ATR/(.*)$",
            "target": "$1",
            "authenticationType": "xsuaa",
            "destination": "OSS_ATR",
            "csrfProtection": false
        },
        {
            "source": "^/CAPCDS/(.*)$",
            "target": "$1",
            "authenticationType": "xsuaa",
            "destination": "CAPCDS",
            "csrfProtection": false
        },
        {
            "source": "^/ui5_pp/(.*)$",
            "target": "$1",
            "authenticationType": "xsuaa",
            "destination": "ACSC_APIM_PP",
            "csrfProtection": false
        },
        {
            "source": "^/ACSC_SUBS/(.*)$",
            "target": "$1",
            "authenticationType": "xsuaa",
            "destination": "ACSC_SUBS",
            "csrfProtection": false
        }
    ],
    "welcomeFile": "/comapplescpdbviewmodule"
}