<core:FragmentDefinition xmlns="sap.m"
    xmlns:core="sap.ui.core"
    xmlns:forms="sap.ui.layout.form">
    <Dialog id="labelCreationFragId" title="{i18n>palleteLabelFragTitle}" class="sapUiSizeCompact" contentWidth="50rem">
        <customHeader>
            <Bar>
                <contentLeft>
                    <Text text="{i18n>palleteLabelFragTitle}" class="zFragHeader-Cls"/>
                </contentLeft>
                <contentMiddle>
                </contentMiddle>
                <contentRight>
                    <Button icon="sap-icon://decline" press="closeFragmentLabelGen" tooltip="{i18n>button.Close}"/>
                </contentRight>
            </Bar>
        </customHeader>
        <content>
            <Wizard id="labelWizard" class="sapUiResponsivePadding--header sapUiResponsivePadding--content zWizard-Cls" complete="wizardCompletedHandler" showNextButton="false" renderMode="Page">
                <WizardStep id="labelDataInputStep" title="{i18n>wizardBarCodeGen}" validated="true">
                    <forms:SimpleForm class="sapUxAPObjectPageSubSectionAlignContent zHiddenForm-Cls" layout="ColumnLayout" columnsM="1" columnsL="1" columnsXL="1">
                        <core:Title text="" />
                        <Label text="{i18n>frag.PalletType}" class="sapUiTinyMarginTop"/>
                        <Input enabled="false" value="Single"></Input>
                        <Label text="{i18n>frag.MPN}" class="sapUiTinyMarginTop"/>
                        <Input enabled="false" value="{GenModel>/results/0/Material}"></Input>
                        <Label text="{i18n>frag.COA}" class="sapUiTinyMarginTop"/>
                        <Input enabled="false" value="{GenModel>/results/0/COUNTRY_OF_ASSEMBLY}"></Input>
                        <Label text="{i18n>frag.ModelNo}" class="sapUiTinyMarginTop"/>
                        <Input enabled="false" value="{GenModel>/results/0/Model_Number}"></Input>
                        <Label text="{i18n>frag.COO}" class="sapUiTinyMarginTop"/>
                        <Input enabled="false" value="{GenModel>/results/0/COUNTRY_OF_ORIGIN}"></Input>
                        <Label text="{i18n>frag.GTIN}" class="sapUiTinyMarginTop"/>
                        <Input enabled="false" value="{GenModel>/results/0/GTIN}"></Input>
                        <Label text="{i18n>frag.Count}" class="sapUiTinyMarginTop" />
                        <Input value="{GenerateLabelModel>/Quantity_Input}" liveChange="typeNumPalletOnly"></Input>
                        <Label text="{i18n>frag.SSCC18}" class="sapUiTinyMarginTop"/>
                        <Input value="108888484848848845" id="scc18" change="sscc18NumberValidation" liveChange="typeNumPalletOnly" maxLength="18"></Input>
                    </forms:SimpleForm>
                </WizardStep>
                <WizardStep id="labelGeneratedStep" validated="false" title="{i18n>wizardPrintLabel}" activate="additionalInfoValidation">
                    <FlexBox id="idPDFFlex" justifyContent="Center">
                        <items>
                            <FlexBox class="zFlex-cls">
                                <PDFViewer id="idPdfViewer" source="{pdfModel>/data}" title="{/Title}" height="425px" showDownloadButton="true">
                                    <layoutData>
                                        <FlexItemData growFactor="1" />
                                    </layoutData>
                                </PDFViewer>
                            </FlexBox>
                        </items>
                    </FlexBox>
                </WizardStep>
            </Wizard>
        </content>
        <buttons>
            <Button id="glCancel" text="{i18n>button.Cancel}" press="closeFragmentLabelGen" class="zclearButton" visible="{wizardVisibilityModel>/stepVisibility}"/>
            <Button id="glNext" text="{i18n>button.Next}" press="onDialogNextButton" class="zsearchButton" type="Emphasized" visible="{wizardVisibilityModel>/stepVisibility}"/>
            <Button id="glBack" text="{i18n>button.Back}" press="onDialogBackButton" class="zclearButton" visible="{= !${wizardVisibilityModel>/stepVisibility}}"/>
            <Button id="glSavePalletPDF" text="{i18n>button.SaveToPDF}" press="savePalletPDFData" class="zsearchButton" type="Emphasized" visible="{= !${wizardVisibilityModel>/stepVisibility}}"/>
        </buttons>
    </Dialog>
</core:FragmentDefinition>