{
    "DisplayMode": true,
    "editSaveTrigger": false,
    "createAccess": false,
    "editAccess": false,
    "displayAccess": false,
    "SelectedTabConfig": {
        "keyPO": {
            "ServiceEntitySet": "shiptofromaddress",
            "i18nHeaderProperty": "tableHeaderPoCount",
            "FilterID": "container-poconfigsetting---PurchaseOrderConfig--poFragment--idsmartFilterBar",
            "TableID": "container-poconfigsetting---PurchaseOrderConfig--poFragment--idsmartTable",
            "DateFields": {},
            "BooleanFields": {
                "Mark_For_Deletion": true
            }
        }
    }
}