{
  "xsappname": "acpackaging_ui",
  "tenant-mode": "dedicated",
  "description": "Security profile for ACSC Packaging",
  "authorities":["$ACCEPT_GRANTED_AUTHORITIES"],
  "scopes": [
    {
      "name": "uaa.user",
      "description": "UAA"
    }
  ],
  "role-templates": [
    {
      "name": "Token_Exchange",
      "description": "UAA",
      "scope-references": [
        "uaa.user"
      ]
    }
  ],"oauth2-configuration": {
    "redirect-uris": [
        "https://acsc-dev-cp.corp.apple.com/**",
        "https://acsc-uat-cp.corp.apple.com/**",
        "https://acsc-cp.corp.apple.com/**"
    ],
    "allowedproviders": ["corp-apps"]
  }
}
