{
    "d": {
        "results": [
            {
                "__metadata": {
                    "id": "https://olympusoem-dev-cp.corp.apple.com:10443/odata/v2/ConfigSettings/DisplaySupplierSupplierList('00013202P')",
                    "uri": "https://olympusoem-dev-cp.corp.apple.com:10443/odata/v2/ConfigSettings/DisplaySupplierSupplierList('00013202P')",
                    "type": "ConfigSettings.DisplaySupplierSupplierList"
                },
                "Vendor": "00013202P"
            },
            {
                "__metadata": {
                    "id": "https://olympusoem-dev-cp.corp.apple.com:10443/odata/v2/ConfigSettings/DisplaySupplierSupplierList('00029514P')",
                    "uri": "https://olympusoem-dev-cp.corp.apple.com:10443/odata/v2/ConfigSettings/DisplaySupplierSupplierList('00029514P')",
                    "type": "ConfigSettings.DisplaySupplierSupplierList"
                },
                "Vendor": "00029514P"
            },
            {
                "__metadata": {
                    "id": "https://olympusoem-dev-cp.corp.apple.com:10443/odata/v2/ConfigSettings/DisplaySupplierSupplierList('00029584P')",
                    "uri": "https://olympusoem-dev-cp.corp.apple.com:10443/odata/v2/ConfigSettings/DisplaySupplierSupplierList('00029584P')",
                    "type": "ConfigSettings.DisplaySupplierSupplierList"
                },
                "Vendor": "00029584P"
            },
            {
                "__metadata": {
                    "id": "https://olympusoem-dev-cp.corp.apple.com:10443/odata/v2/ConfigSettings/DisplaySupplierSupplierList('000295A3P')",
                    "uri": "https://olympusoem-dev-cp.corp.apple.com:10443/odata/v2/ConfigSettings/DisplaySupplierSupplierList('000295A3P')",
                    "type": "ConfigSettings.DisplaySupplierSupplierList"
                },
                "Vendor": "000295A3P"
            },
            {
                "__metadata": {
                    "id": "https://olympusoem-dev-cp.corp.apple.com:10443/odata/v2/ConfigSettings/DisplaySupplierSupplierList('000295A7P')",
                    "uri": "https://olympusoem-dev-cp.corp.apple.com:10443/odata/v2/ConfigSettings/DisplaySupplierSupplierList('000295A7P')",
                    "type": "ConfigSettings.DisplaySupplierSupplierList"
                },
                "Vendor": "000295A7P"
            },
            {
                "__metadata": {
                    "id": "https://olympusoem-dev-cp.corp.apple.com:10443/odata/v2/ConfigSettings/DisplaySupplierSupplierList('00201912P')",
                    "uri": "https://olympusoem-dev-cp.corp.apple.com:10443/odata/v2/ConfigSettings/DisplaySupplierSupplierList('00201912P')",
                    "type": "ConfigSettings.DisplaySupplierSupplierList"
                },
                "Vendor": "00201912P"
            },
            {
                "__metadata": {
                    "id": "https://olympusoem-dev-cp.corp.apple.com:10443/odata/v2/ConfigSettings/DisplaySupplierSupplierList('00233101P')",
                    "uri": "https://olympusoem-dev-cp.corp.apple.com:10443/odata/v2/ConfigSettings/DisplaySupplierSupplierList('00233101P')",
                    "type": "ConfigSettings.DisplaySupplierSupplierList"
                },
                "Vendor": "00233101P"
            },
            {
                "__metadata": {
                    "id": "https://olympusoem-dev-cp.corp.apple.com:10443/odata/v2/ConfigSettings/DisplaySupplierSupplierList('00312101P')",
                    "uri": "https://olympusoem-dev-cp.corp.apple.com:10443/odata/v2/ConfigSettings/DisplaySupplierSupplierList('00312101P')",
                    "type": "ConfigSettings.DisplaySupplierSupplierList"
                },
                "Vendor": "00312101P"
            },
            {
                "__metadata": {
                    "id": "https://olympusoem-dev-cp.corp.apple.com:10443/odata/v2/ConfigSettings/DisplaySupplierSupplierList('00353302P')",
                    "uri": "https://olympusoem-dev-cp.corp.apple.com:10443/odata/v2/ConfigSettings/DisplaySupplierSupplierList('00353302P')",
                    "type": "ConfigSettings.DisplaySupplierSupplierList"
                },
                "Vendor": "00353302P"
            },
            {
                "__metadata": {
                    "id": "https://olympusoem-dev-cp.corp.apple.com:10443/odata/v2/ConfigSettings/DisplaySupplierSupplierList('00376539P')",
                    "uri": "https://olympusoem-dev-cp.corp.apple.com:10443/odata/v2/ConfigSettings/DisplaySupplierSupplierList('00376539P')",
                    "type": "ConfigSettings.DisplaySupplierSupplierList"
                },
                "Vendor": "00376539P"
            },
            {
                "__metadata": {
                    "id": "https://olympusoem-dev-cp.corp.apple.com:10443/odata/v2/ConfigSettings/DisplaySupplierSupplierList('00382104P')",
                    "uri": "https://olympusoem-dev-cp.corp.apple.com:10443/odata/v2/ConfigSettings/DisplaySupplierSupplierList('00382104P')",
                    "type": "ConfigSettings.DisplaySupplierSupplierList"
                },
                "Vendor": "00382104P"
            },
            {
                "__metadata": {
                    "id": "https://olympusoem-dev-cp.corp.apple.com:10443/odata/v2/ConfigSettings/DisplaySupplierSupplierList('00395714P')",
                    "uri": "https://olympusoem-dev-cp.corp.apple.com:10443/odata/v2/ConfigSettings/DisplaySupplierSupplierList('00395714P')",
                    "type": "ConfigSettings.DisplaySupplierSupplierList"
                },
                "Vendor": "00395714P"
            },
            {
                "__metadata": {
                    "id": "https://olympusoem-dev-cp.corp.apple.com:10443/odata/v2/ConfigSettings/DisplaySupplierSupplierList('00456701P')",
                    "uri": "https://olympusoem-dev-cp.corp.apple.com:10443/odata/v2/ConfigSettings/DisplaySupplierSupplierList('00456701P')",
                    "type": "ConfigSettings.DisplaySupplierSupplierList"
                },
                "Vendor": "00456701P"
            },
            {
                "__metadata": {
                    "id": "https://olympusoem-dev-cp.corp.apple.com:10443/odata/v2/ConfigSettings/DisplaySupplierSupplierList('00460402P')",
                    "uri": "https://olympusoem-dev-cp.corp.apple.com:10443/odata/v2/ConfigSettings/DisplaySupplierSupplierList('00460402P')",
                    "type": "ConfigSettings.DisplaySupplierSupplierList"
                },
                "Vendor": "00460402P"
            },
            {
                "__metadata": {
                    "id": "https://olympusoem-dev-cp.corp.apple.com:10443/odata/v2/ConfigSettings/DisplaySupplierSupplierList('00476403P')",
                    "uri": "https://olympusoem-dev-cp.corp.apple.com:10443/odata/v2/ConfigSettings/DisplaySupplierSupplierList('00476403P')",
                    "type": "ConfigSettings.DisplaySupplierSupplierList"
                },
                "Vendor": "00476403P"
            },
            {
                "__metadata": {
                    "id": "https://olympusoem-dev-cp.corp.apple.com:10443/odata/v2/ConfigSettings/DisplaySupplierSupplierList('00479703P')",
                    "uri": "https://olympusoem-dev-cp.corp.apple.com:10443/odata/v2/ConfigSettings/DisplaySupplierSupplierList('00479703P')",
                    "type": "ConfigSettings.DisplaySupplierSupplierList"
                },
                "Vendor": "00479703P"
            },
            {
                "__metadata": {
                    "id": "https://olympusoem-dev-cp.corp.apple.com:10443/odata/v2/ConfigSettings/DisplaySupplierSupplierList('00524115P')",
                    "uri": "https://olympusoem-dev-cp.corp.apple.com:10443/odata/v2/ConfigSettings/DisplaySupplierSupplierList('00524115P')",
                    "type": "ConfigSettings.DisplaySupplierSupplierList"
                },
                "Vendor": "00524115P"
            },
            {
                "__metadata": {
                    "id": "https://olympusoem-dev-cp.corp.apple.com:10443/odata/v2/ConfigSettings/DisplaySupplierSupplierList('00588601P')",
                    "uri": "https://olympusoem-dev-cp.corp.apple.com:10443/odata/v2/ConfigSettings/DisplaySupplierSupplierList('00588601P')",
                    "type": "ConfigSettings.DisplaySupplierSupplierList"
                },
                "Vendor": "00588601P"
            },
            {
                "__metadata": {
                    "id": "https://olympusoem-dev-cp.corp.apple.com:10443/odata/v2/ConfigSettings/DisplaySupplierSupplierList('P0056SRV')",
                    "uri": "https://olympusoem-dev-cp.corp.apple.com:10443/odata/v2/ConfigSettings/DisplaySupplierSupplierList('P0056SRV')",
                    "type": "ConfigSettings.DisplaySupplierSupplierList"
                },
                "Vendor": "P0056SRV"
            },
            {
                "__metadata": {
                    "id": "https://olympusoem-dev-cp.corp.apple.com:10443/odata/v2/ConfigSettings/DisplaySupplierSupplierList('P0061')",
                    "uri": "https://olympusoem-dev-cp.corp.apple.com:10443/odata/v2/ConfigSettings/DisplaySupplierSupplierList('P0061')",
                    "type": "ConfigSettings.DisplaySupplierSupplierList"
                },
                "Vendor": "P0061"
            }
        ]
    }
}