{
    "d": {
        "results": [
            {
                "__metadata": {
                    "id": "https://olympusoem-dev-cp.corp.apple.com:10443/odata/v2/ConfigSettings/DisplayMaterialSourceList('3A764TA%2FA')",
                    "uri": "https://olympusoem-dev-cp.corp.apple.com:10443/odata/v2/ConfigSettings/DisplayMaterialSourceList('3A764TA%2FA')",
                    "type": "ConfigSettings.DisplayMaterialSourceList"
                },
                "Material": "3A764TA/A"
            },
            {
                "__metadata": {
                    "id": "https://olympusoem-dev-cp.corp.apple.com:10443/odata/v2/ConfigSettings/DisplayMaterialSourceList('3A764TA%2FA_PD')",
                    "uri": "https://olympusoem-dev-cp.corp.apple.com:10443/odata/v2/ConfigSettings/DisplayMaterialSourceList('3A764TA%2FA_PD')",
                    "type": "ConfigSettings.DisplayMaterialSourceList"
                },
                "Material": "3A764TA/A_PD"
            },
            {
                "__metadata": {
                    "id": "https://olympusoem-dev-cp.corp.apple.com:10443/odata/v2/ConfigSettings/DisplayMaterialSourceList('3A764TA%2FA_PD1')",
                    "uri": "https://olympusoem-dev-cp.corp.apple.com:10443/odata/v2/ConfigSettings/DisplayMaterialSourceList('3A764TA%2FA_PD1')",
                    "type": "ConfigSettings.DisplayMaterialSourceList"
                },
                "Material": "3A764TA/A_PD1"
            },
            {
                "__metadata": {
                    "id": "https://olympusoem-dev-cp.corp.apple.com:10443/odata/v2/ConfigSettings/DisplayMaterialSourceList('3A764TA%2FA_PD2')",
                    "uri": "https://olympusoem-dev-cp.corp.apple.com:10443/odata/v2/ConfigSettings/DisplayMaterialSourceList('3A764TA%2FA_PD2')",
                    "type": "ConfigSettings.DisplayMaterialSourceList"
                },
                "Material": "3A764TA/A_PD2"
            },
            {
                "__metadata": {
                    "id": "https://olympusoem-dev-cp.corp.apple.com:10443/odata/v2/ConfigSettings/DisplayMaterialSourceList('3A764TA%2FAB')",
                    "uri": "https://olympusoem-dev-cp.corp.apple.com:10443/odata/v2/ConfigSettings/DisplayMaterialSourceList('3A764TA%2FAB')",
                    "type": "ConfigSettings.DisplayMaterialSourceList"
                },
                "Material": "3A764TA/AB"
            },
            {
                "__metadata": {
                    "id": "https://olympusoem-dev-cp.corp.apple.com:10443/odata/v2/ConfigSettings/DisplayMaterialSourceList('3A764TA%2FABP')",
                    "uri": "https://olympusoem-dev-cp.corp.apple.com:10443/odata/v2/ConfigSettings/DisplayMaterialSourceList('3A764TA%2FABP')",
                    "type": "ConfigSettings.DisplayMaterialSourceList"
                },
                "Material": "3A764TA/ABP"
            },
            {
                "__metadata": {
                    "id": "https://olympusoem-dev-cp.corp.apple.com:10443/odata/v2/ConfigSettings/DisplayMaterialSourceList('3A764TA%2FAP')",
                    "uri": "https://olympusoem-dev-cp.corp.apple.com:10443/odata/v2/ConfigSettings/DisplayMaterialSourceList('3A764TA%2FAP')",
                    "type": "ConfigSettings.DisplayMaterialSourceList"
                },
                "Material": "3A764TA/AP"
            },
            {
                "__metadata": {
                    "id": "https://olympusoem-dev-cp.corp.apple.com:10443/odata/v2/ConfigSettings/DisplayMaterialSourceList('4A764TA%2FA')",
                    "uri": "https://olympusoem-dev-cp.corp.apple.com:10443/odata/v2/ConfigSettings/DisplayMaterialSourceList('4A764TA%2FA')",
                    "type": "ConfigSettings.DisplayMaterialSourceList"
                },
                "Material": "4A764TA/A"
            },
            {
                "__metadata": {
                    "id": "https://olympusoem-dev-cp.corp.apple.com:10443/odata/v2/ConfigSettings/DisplayMaterialSourceList('661-2447')",
                    "uri": "https://olympusoem-dev-cp.corp.apple.com:10443/odata/v2/ConfigSettings/DisplayMaterialSourceList('661-2447')",
                    "type": "ConfigSettings.DisplayMaterialSourceList"
                },
                "Material": "661-2447"
            },
            {
                "__metadata": {
                    "id": "https://olympusoem-dev-cp.corp.apple.com:10443/odata/v2/ConfigSettings/DisplayMaterialSourceList('661-2549')",
                    "uri": "https://olympusoem-dev-cp.corp.apple.com:10443/odata/v2/ConfigSettings/DisplayMaterialSourceList('661-2549')",
                    "type": "ConfigSettings.DisplayMaterialSourceList"
                },
                "Material": "661-2549"
            },
            {
                "__metadata": {
                    "id": "https://olympusoem-dev-cp.corp.apple.com:10443/odata/v2/ConfigSettings/DisplayMaterialSourceList('M02E3ZP%2FA')",
                    "uri": "https://olympusoem-dev-cp.corp.apple.com:10443/odata/v2/ConfigSettings/DisplayMaterialSourceList('M02E3ZP%2FA')",
                    "type": "ConfigSettings.DisplayMaterialSourceList"
                },
                "Material": "M02E3ZP/A"
            },
            {
                "__metadata": {
                    "id": "https://olympusoem-dev-cp.corp.apple.com:10443/odata/v2/ConfigSettings/DisplayMaterialSourceList('M3822G%2FA')",
                    "uri": "https://olympusoem-dev-cp.corp.apple.com:10443/odata/v2/ConfigSettings/DisplayMaterialSourceList('M3822G%2FA')",
                    "type": "ConfigSettings.DisplayMaterialSourceList"
                },
                "Material": "M3822G/A"
            },
            {
                "__metadata": {
                    "id": "https://olympusoem-dev-cp.corp.apple.com:10443/odata/v2/ConfigSettings/DisplayMaterialSourceList('M6221LL%2FA')",
                    "uri": "https://olympusoem-dev-cp.corp.apple.com:10443/odata/v2/ConfigSettings/DisplayMaterialSourceList('M6221LL%2FA')",
                    "type": "ConfigSettings.DisplayMaterialSourceList"
                },
                "Material": "M6221LL/A"
            },
            {
                "__metadata": {
                    "id": "https://olympusoem-dev-cp.corp.apple.com:10443/odata/v2/ConfigSettings/DisplayMaterialSourceList('M7601SG%2FB')",
                    "uri": "https://olympusoem-dev-cp.corp.apple.com:10443/odata/v2/ConfigSettings/DisplayMaterialSourceList('M7601SG%2FB')",
                    "type": "ConfigSettings.DisplayMaterialSourceList"
                },
                "Material": "M7601SG/B"
            },
            {
                "__metadata": {
                    "id": "https://olympusoem-dev-cp.corp.apple.com:10443/odata/v2/ConfigSettings/DisplayMaterialSourceList('M8892LL%2FA1')",
                    "uri": "https://olympusoem-dev-cp.corp.apple.com:10443/odata/v2/ConfigSettings/DisplayMaterialSourceList('M8892LL%2FA1')",
                    "type": "ConfigSettings.DisplayMaterialSourceList"
                },
                "Material": "M8892LL/A1"
            },
            {
                "__metadata": {
                    "id": "https://olympusoem-dev-cp.corp.apple.com:10443/odata/v2/ConfigSettings/DisplayMaterialSourceList('M8892LL%2FA9')",
                    "uri": "https://olympusoem-dev-cp.corp.apple.com:10443/odata/v2/ConfigSettings/DisplayMaterialSourceList('M8892LL%2FA9')",
                    "type": "ConfigSettings.DisplayMaterialSourceList"
                },
                "Material": "M8892LL/A9"
            },
            {
                "__metadata": {
                    "id": "https://olympusoem-dev-cp.corp.apple.com:10443/odata/v2/ConfigSettings/DisplayMaterialSourceList('M8892LL%2FA99')",
                    "uri": "https://olympusoem-dev-cp.corp.apple.com:10443/odata/v2/ConfigSettings/DisplayMaterialSourceList('M8892LL%2FA99')",
                    "type": "ConfigSettings.DisplayMaterialSourceList"
                },
                "Material": "M8892LL/A99"
            },
            {
                "__metadata": {
                    "id": "https://olympusoem-dev-cp.corp.apple.com:10443/odata/v2/ConfigSettings/DisplayMaterialSourceList('M8892LL%2FA990')",
                    "uri": "https://olympusoem-dev-cp.corp.apple.com:10443/odata/v2/ConfigSettings/DisplayMaterialSourceList('M8892LL%2FA990')",
                    "type": "ConfigSettings.DisplayMaterialSourceList"
                },
                "Material": "M8892LL/A990"
            },
            {
                "__metadata": {
                    "id": "https://olympusoem-dev-cp.corp.apple.com:10443/odata/v2/ConfigSettings/DisplayMaterialSourceList('M8892LL%2FA999')",
                    "uri": "https://olympusoem-dev-cp.corp.apple.com:10443/odata/v2/ConfigSettings/DisplayMaterialSourceList('M8892LL%2FA999')",
                    "type": "ConfigSettings.DisplayMaterialSourceList"
                },
                "Material": "M8892LL/A999"
            },
            {
                "__metadata": {
                    "id": "https://olympusoem-dev-cp.corp.apple.com:10443/odata/v2/ConfigSettings/DisplayMaterialSourceList('M8892LL%2FB1')",
                    "uri": "https://olympusoem-dev-cp.corp.apple.com:10443/odata/v2/ConfigSettings/DisplayMaterialSourceList('M8892LL%2FB1')",
                    "type": "ConfigSettings.DisplayMaterialSourceList"
                },
                "Material": "M8892LL/B1"
            },
            {
                "__metadata": {
                    "id": "https://olympusoem-dev-cp.corp.apple.com:10443/odata/v2/ConfigSettings/DisplayMaterialSourceList('M8892LL%2FB2')",
                    "uri": "https://olympusoem-dev-cp.corp.apple.com:10443/odata/v2/ConfigSettings/DisplayMaterialSourceList('M8892LL%2FB2')",
                    "type": "ConfigSettings.DisplayMaterialSourceList"
                },
                "Material": "M8892LL/B2"
            },
            {
                "__metadata": {
                    "id": "https://olympusoem-dev-cp.corp.apple.com:10443/odata/v2/ConfigSettings/DisplayMaterialSourceList('MA591G%2FC')",
                    "uri": "https://olympusoem-dev-cp.corp.apple.com:10443/odata/v2/ConfigSettings/DisplayMaterialSourceList('MA591G%2FC')",
                    "type": "ConfigSettings.DisplayMaterialSourceList"
                },
                "Material": "MA591G/C"
            },
            {
                "__metadata": {
                    "id": "https://olympusoem-dev-cp.corp.apple.com:10443/odata/v2/ConfigSettings/DisplayMaterialSourceList('MB292ID%2FA')",
                    "uri": "https://olympusoem-dev-cp.corp.apple.com:10443/odata/v2/ConfigSettings/DisplayMaterialSourceList('MB292ID%2FA')",
                    "type": "ConfigSettings.DisplayMaterialSourceList"
                },
                "Material": "MB292ID/A"
            },
            {
                "__metadata": {
                    "id": "https://olympusoem-dev-cp.corp.apple.com:10443/odata/v2/ConfigSettings/DisplayMaterialSourceList('MC270ZP%2FA')",
                    "uri": "https://olympusoem-dev-cp.corp.apple.com:10443/odata/v2/ConfigSettings/DisplayMaterialSourceList('MC270ZP%2FA')",
                    "type": "ConfigSettings.DisplayMaterialSourceList"
                },
                "Material": "MC270ZP/A"
            },
            {
                "__metadata": {
                    "id": "https://olympusoem-dev-cp.corp.apple.com:10443/odata/v2/ConfigSettings/DisplayMaterialSourceList('MC413BZ%2FA')",
                    "uri": "https://olympusoem-dev-cp.corp.apple.com:10443/odata/v2/ConfigSettings/DisplayMaterialSourceList('MC413BZ%2FA')",
                    "type": "ConfigSettings.DisplayMaterialSourceList"
                },
                "Material": "MC413BZ/A"
            },
            {
                "__metadata": {
                    "id": "https://olympusoem-dev-cp.corp.apple.com:10443/odata/v2/ConfigSettings/DisplayMaterialSourceList('MC709Z%2FA')",
                    "uri": "https://olympusoem-dev-cp.corp.apple.com:10443/odata/v2/ConfigSettings/DisplayMaterialSourceList('MC709Z%2FA')",
                    "type": "ConfigSettings.DisplayMaterialSourceList"
                },
                "Material": "MC709Z/A"
            },
            {
                "__metadata": {
                    "id": "https://olympusoem-dev-cp.corp.apple.com:10443/odata/v2/ConfigSettings/DisplayMaterialSourceList('MC709Z%2FA1')",
                    "uri": "https://olympusoem-dev-cp.corp.apple.com:10443/odata/v2/ConfigSettings/DisplayMaterialSourceList('MC709Z%2FA1')",
                    "type": "ConfigSettings.DisplayMaterialSourceList"
                },
                "Material": "MC709Z/A1"
            },
            {
                "__metadata": {
                    "id": "https://olympusoem-dev-cp.corp.apple.com:10443/odata/v2/ConfigSettings/DisplayMaterialSourceList('MD101LL%2FA')",
                    "uri": "https://olympusoem-dev-cp.corp.apple.com:10443/odata/v2/ConfigSettings/DisplayMaterialSourceList('MD101LL%2FA')",
                    "type": "ConfigSettings.DisplayMaterialSourceList"
                },
                "Material": "MD101LL/A"
            },
            {
                "__metadata": {
                    "id": "https://olympusoem-dev-cp.corp.apple.com:10443/odata/v2/ConfigSettings/DisplayMaterialSourceList('MG472LL%2FA')",
                    "uri": "https://olympusoem-dev-cp.corp.apple.com:10443/odata/v2/ConfigSettings/DisplayMaterialSourceList('MG472LL%2FA')",
                    "type": "ConfigSettings.DisplayMaterialSourceList"
                },
                "Material": "MG472LL/A"
            },
            {
                "__metadata": {
                    "id": "https://olympusoem-dev-cp.corp.apple.com:10443/odata/v2/ConfigSettings/DisplayMaterialSourceList('MGKM2HC%2FA')",
                    "uri": "https://olympusoem-dev-cp.corp.apple.com:10443/odata/v2/ConfigSettings/DisplayMaterialSourceList('MGKM2HC%2FA')",
                    "type": "ConfigSettings.DisplayMaterialSourceList"
                },
                "Material": "MGKM2HC/A"
            },
            {
                "__metadata": {
                    "id": "https://olympusoem-dev-cp.corp.apple.com:10443/odata/v2/ConfigSettings/DisplayMaterialSourceList('MGMW3ZP%2FA')",
                    "uri": "https://olympusoem-dev-cp.corp.apple.com:10443/odata/v2/ConfigSettings/DisplayMaterialSourceList('MGMW3ZP%2FA')",
                    "type": "ConfigSettings.DisplayMaterialSourceList"
                },
                "Material": "MGMW3ZP/A"
            },
            {
                "__metadata": {
                    "id": "https://olympusoem-dev-cp.corp.apple.com:10443/odata/v2/ConfigSettings/DisplayMaterialSourceList('MGYR3FE%2FA')",
                    "uri": "https://olympusoem-dev-cp.corp.apple.com:10443/odata/v2/ConfigSettings/DisplayMaterialSourceList('MGYR3FE%2FA')",
                    "type": "ConfigSettings.DisplayMaterialSourceList"
                },
                "Material": "MGYR3FE/A"
            },
            {
                "__metadata": {
                    "id": "https://olympusoem-dev-cp.corp.apple.com:10443/odata/v2/ConfigSettings/DisplayMaterialSourceList('MH0W2HN%2FA')",
                    "uri": "https://olympusoem-dev-cp.corp.apple.com:10443/odata/v2/ConfigSettings/DisplayMaterialSourceList('MH0W2HN%2FA')",
                    "type": "ConfigSettings.DisplayMaterialSourceList"
                },
                "Material": "MH0W2HN/A"
            },
            {
                "__metadata": {
                    "id": "https://olympusoem-dev-cp.corp.apple.com:10443/odata/v2/ConfigSettings/DisplayMaterialSourceList('MHKC3ZA%2FA')",
                    "uri": "https://olympusoem-dev-cp.corp.apple.com:10443/odata/v2/ConfigSettings/DisplayMaterialSourceList('MHKC3ZA%2FA')",
                    "type": "ConfigSettings.DisplayMaterialSourceList"
                },
                "Material": "MHKC3ZA/A"
            },
            {
                "__metadata": {
                    "id": "https://olympusoem-dev-cp.corp.apple.com:10443/odata/v2/ConfigSettings/DisplayMaterialSourceList('MHKE3FE%2FA')",
                    "uri": "https://olympusoem-dev-cp.corp.apple.com:10443/odata/v2/ConfigSettings/DisplayMaterialSourceList('MHKE3FE%2FA')",
                    "type": "ConfigSettings.DisplayMaterialSourceList"
                },
                "Material": "MHKE3FE/A"
            },
            {
                "__metadata": {
                    "id": "https://olympusoem-dev-cp.corp.apple.com:10443/odata/v2/ConfigSettings/DisplayMaterialSourceList('MHL73ZA%2FA')",
                    "uri": "https://olympusoem-dev-cp.corp.apple.com:10443/odata/v2/ConfigSettings/DisplayMaterialSourceList('MHL73ZA%2FA')",
                    "type": "ConfigSettings.DisplayMaterialSourceList"
                },
                "Material": "MHL73ZA/A"
            },
            {
                "__metadata": {
                    "id": "https://olympusoem-dev-cp.corp.apple.com:10443/odata/v2/ConfigSettings/DisplayMaterialSourceList('MHL73ZA%2FA_PD')",
                    "uri": "https://olympusoem-dev-cp.corp.apple.com:10443/odata/v2/ConfigSettings/DisplayMaterialSourceList('MHL73ZA%2FA_PD')",
                    "type": "ConfigSettings.DisplayMaterialSourceList"
                },
                "Material": "MHL73ZA/A_PD"
            },
            {
                "__metadata": {
                    "id": "https://olympusoem-dev-cp.corp.apple.com:10443/odata/v2/ConfigSettings/DisplayMaterialSourceList('MHL73ZA%2FA_PD1')",
                    "uri": "https://olympusoem-dev-cp.corp.apple.com:10443/odata/v2/ConfigSettings/DisplayMaterialSourceList('MHL73ZA%2FA_PD1')",
                    "type": "ConfigSettings.DisplayMaterialSourceList"
                },
                "Material": "MHL73ZA/A_PD1"
            },
            {
                "__metadata": {
                    "id": "https://olympusoem-dev-cp.corp.apple.com:10443/odata/v2/ConfigSettings/DisplayMaterialSourceList('MJNM3ZP%2FA')",
                    "uri": "https://olympusoem-dev-cp.corp.apple.com:10443/odata/v2/ConfigSettings/DisplayMaterialSourceList('MJNM3ZP%2FA')",
                    "type": "ConfigSettings.DisplayMaterialSourceList"
                },
                "Material": "MJNM3ZP/A"
            },
            {
                "__metadata": {
                    "id": "https://olympusoem-dev-cp.corp.apple.com:10443/odata/v2/ConfigSettings/DisplayMaterialSourceList('MK0C2KH%2FA')",
                    "uri": "https://olympusoem-dev-cp.corp.apple.com:10443/odata/v2/ConfigSettings/DisplayMaterialSourceList('MK0C2KH%2FA')",
                    "type": "ConfigSettings.DisplayMaterialSourceList"
                },
                "Material": "MK0C2KH/A"
            },
            {
                "__metadata": {
                    "id": "https://olympusoem-dev-cp.corp.apple.com:10443/odata/v2/ConfigSettings/DisplayMaterialSourceList('MK0C2ZA%2FA')",
                    "uri": "https://olympusoem-dev-cp.corp.apple.com:10443/odata/v2/ConfigSettings/DisplayMaterialSourceList('MK0C2ZA%2FA')",
                    "type": "ConfigSettings.DisplayMaterialSourceList"
                },
                "Material": "MK0C2ZA/A"
            },
            {
                "__metadata": {
                    "id": "https://olympusoem-dev-cp.corp.apple.com:10443/odata/v2/ConfigSettings/DisplayMaterialSourceList('MN8R2ZP%2FA')",
                    "uri": "https://olympusoem-dev-cp.corp.apple.com:10443/odata/v2/ConfigSettings/DisplayMaterialSourceList('MN8R2ZP%2FA')",
                    "type": "ConfigSettings.DisplayMaterialSourceList"
                },
                "Material": "MN8R2ZP/A"
            },
            {
                "__metadata": {
                    "id": "https://olympusoem-dev-cp.corp.apple.com:10443/odata/v2/ConfigSettings/DisplayMaterialSourceList('MN8R2ZP%2FA_PD')",
                    "uri": "https://olympusoem-dev-cp.corp.apple.com:10443/odata/v2/ConfigSettings/DisplayMaterialSourceList('MN8R2ZP%2FA_PD')",
                    "type": "ConfigSettings.DisplayMaterialSourceList"
                },
                "Material": "MN8R2ZP/A_PD"
            },
            {
                "__metadata": {
                    "id": "https://olympusoem-dev-cp.corp.apple.com:10443/odata/v2/ConfigSettings/DisplayMaterialSourceList('MN8R2ZP%2FA_PD1')",
                    "uri": "https://olympusoem-dev-cp.corp.apple.com:10443/odata/v2/ConfigSettings/DisplayMaterialSourceList('MN8R2ZP%2FA_PD1')",
                    "type": "ConfigSettings.DisplayMaterialSourceList"
                },
                "Material": "MN8R2ZP/A_PD1"
            },
            {
                "__metadata": {
                    "id": "https://olympusoem-dev-cp.corp.apple.com:10443/odata/v2/ConfigSettings/DisplayMaterialSourceList('MN8R2ZP%2FA_PD2')",
                    "uri": "https://olympusoem-dev-cp.corp.apple.com:10443/odata/v2/ConfigSettings/DisplayMaterialSourceList('MN8R2ZP%2FA_PD2')",
                    "type": "ConfigSettings.DisplayMaterialSourceList"
                },
                "Material": "MN8R2ZP/A_PD2"
            },
            {
                "__metadata": {
                    "id": "https://olympusoem-dev-cp.corp.apple.com:10443/odata/v2/ConfigSettings/DisplayMaterialSourceList('MN8R2ZP%2FA4')",
                    "uri": "https://olympusoem-dev-cp.corp.apple.com:10443/odata/v2/ConfigSettings/DisplayMaterialSourceList('MN8R2ZP%2FA4')",
                    "type": "ConfigSettings.DisplayMaterialSourceList"
                },
                "Material": "MN8R2ZP/A4"
            },
            {
                "__metadata": {
                    "id": "https://olympusoem-dev-cp.corp.apple.com:10443/odata/v2/ConfigSettings/DisplayMaterialSourceList('MN8Y2B%2FA')",
                    "uri": "https://olympusoem-dev-cp.corp.apple.com:10443/odata/v2/ConfigSettings/DisplayMaterialSourceList('MN8Y2B%2FA')",
                    "type": "ConfigSettings.DisplayMaterialSourceList"
                },
                "Material": "MN8Y2B/A"
            },
            {
                "__metadata": {
                    "id": "https://olympusoem-dev-cp.corp.apple.com:10443/odata/v2/ConfigSettings/DisplayMaterialSourceList('MN912TA%2FA')",
                    "uri": "https://olympusoem-dev-cp.corp.apple.com:10443/odata/v2/ConfigSettings/DisplayMaterialSourceList('MN912TA%2FA')",
                    "type": "ConfigSettings.DisplayMaterialSourceList"
                },
                "Material": "MN912TA/A"
            },
            {
                "__metadata": {
                    "id": "https://olympusoem-dev-cp.corp.apple.com:10443/odata/v2/ConfigSettings/DisplayMaterialSourceList('MNQN2PM%2FA')",
                    "uri": "https://olympusoem-dev-cp.corp.apple.com:10443/odata/v2/ConfigSettings/DisplayMaterialSourceList('MNQN2PM%2FA')",
                    "type": "ConfigSettings.DisplayMaterialSourceList"
                },
                "Material": "MNQN2PM/A"
            },
            {
                "__metadata": {
                    "id": "https://olympusoem-dev-cp.corp.apple.com:10443/odata/v2/ConfigSettings/DisplayMaterialSourceList('MNQN2RM%2FA')",
                    "uri": "https://olympusoem-dev-cp.corp.apple.com:10443/odata/v2/ConfigSettings/DisplayMaterialSourceList('MNQN2RM%2FA')",
                    "type": "ConfigSettings.DisplayMaterialSourceList"
                },
                "Material": "MNQN2RM/A"
            },
            {
                "__metadata": {
                    "id": "https://olympusoem-dev-cp.corp.apple.com:10443/odata/v2/ConfigSettings/DisplayMaterialSourceList('MP4F2C%2FA')",
                    "uri": "https://olympusoem-dev-cp.corp.apple.com:10443/odata/v2/ConfigSettings/DisplayMaterialSourceList('MP4F2C%2FA')",
                    "type": "ConfigSettings.DisplayMaterialSourceList"
                },
                "Material": "MP4F2C/A"
            },
            {
                "__metadata": {
                    "id": "https://olympusoem-dev-cp.corp.apple.com:10443/odata/v2/ConfigSettings/DisplayMaterialSourceList('MVV32LL%2FA')",
                    "uri": "https://olympusoem-dev-cp.corp.apple.com:10443/odata/v2/ConfigSettings/DisplayMaterialSourceList('MVV32LL%2FA')",
                    "type": "ConfigSettings.DisplayMaterialSourceList"
                },
                "Material": "MVV32LL/A"
            },
            {
                "__metadata": {
                    "id": "https://olympusoem-dev-cp.corp.apple.com:10443/odata/v2/ConfigSettings/DisplayMaterialSourceList('MVV32LL%2FA1')",
                    "uri": "https://olympusoem-dev-cp.corp.apple.com:10443/odata/v2/ConfigSettings/DisplayMaterialSourceList('MVV32LL%2FA1')",
                    "type": "ConfigSettings.DisplayMaterialSourceList"
                },
                "Material": "MVV32LL/A1"
            },
            {
                "__metadata": {
                    "id": "https://olympusoem-dev-cp.corp.apple.com:10443/odata/v2/ConfigSettings/DisplayMaterialSourceList('MWC22ZP%2FA')",
                    "uri": "https://olympusoem-dev-cp.corp.apple.com:10443/odata/v2/ConfigSettings/DisplayMaterialSourceList('MWC22ZP%2FA')",
                    "type": "ConfigSettings.DisplayMaterialSourceList"
                },
                "Material": "MWC22ZP/A"
            },
            {
                "__metadata": {
                    "id": "https://olympusoem-dev-cp.corp.apple.com:10443/odata/v2/ConfigSettings/DisplayMaterialSourceList('MYDM2AE%2FA')",
                    "uri": "https://olympusoem-dev-cp.corp.apple.com:10443/odata/v2/ConfigSettings/DisplayMaterialSourceList('MYDM2AE%2FA')",
                    "type": "ConfigSettings.DisplayMaterialSourceList"
                },
                "Material": "MYDM2AE/A"
            },
            {
                "__metadata": {
                    "id": "https://olympusoem-dev-cp.corp.apple.com:10443/odata/v2/ConfigSettings/DisplayMaterialSourceList('N8R2ZP%2FA')",
                    "uri": "https://olympusoem-dev-cp.corp.apple.com:10443/odata/v2/ConfigSettings/DisplayMaterialSourceList('N8R2ZP%2FA')",
                    "type": "ConfigSettings.DisplayMaterialSourceList"
                },
                "Material": "N8R2ZP/A"
            },
            {
                "__metadata": {
                    "id": "https://olympusoem-dev-cp.corp.apple.com:10443/odata/v2/ConfigSettings/DisplayMaterialSourceList('NC709Z%2FA1')",
                    "uri": "https://olympusoem-dev-cp.corp.apple.com:10443/odata/v2/ConfigSettings/DisplayMaterialSourceList('NC709Z%2FA1')",
                    "type": "ConfigSettings.DisplayMaterialSourceList"
                },
                "Material": "NC709Z/A1"
            },
            {
                "__metadata": {
                    "id": "https://olympusoem-dev-cp.corp.apple.com:10443/odata/v2/ConfigSettings/DisplayMaterialSourceList('T0491LL%2FA')",
                    "uri": "https://olympusoem-dev-cp.corp.apple.com:10443/odata/v2/ConfigSettings/DisplayMaterialSourceList('T0491LL%2FA')",
                    "type": "ConfigSettings.DisplayMaterialSourceList"
                },
                "Material": "T0491LL/A"
            },
            {
                "__metadata": {
                    "id": "https://olympusoem-dev-cp.corp.apple.com:10443/odata/v2/ConfigSettings/DisplayMaterialSourceList('T2543LL%2FA')",
                    "uri": "https://olympusoem-dev-cp.corp.apple.com:10443/odata/v2/ConfigSettings/DisplayMaterialSourceList('T2543LL%2FA')",
                    "type": "ConfigSettings.DisplayMaterialSourceList"
                },
                "Material": "T2543LL/A"
            },
            {
                "__metadata": {
                    "id": "https://olympusoem-dev-cp.corp.apple.com:10443/odata/v2/ConfigSettings/DisplayMaterialSourceList('T2937LL%2FA')",
                    "uri": "https://olympusoem-dev-cp.corp.apple.com:10443/odata/v2/ConfigSettings/DisplayMaterialSourceList('T2937LL%2FA')",
                    "type": "ConfigSettings.DisplayMaterialSourceList"
                },
                "Material": "T2937LL/A"
            },
            {
                "__metadata": {
                    "id": "https://olympusoem-dev-cp.corp.apple.com:10443/odata/v2/ConfigSettings/DisplayMaterialSourceList('Y0UR1')",
                    "uri": "https://olympusoem-dev-cp.corp.apple.com:10443/odata/v2/ConfigSettings/DisplayMaterialSourceList('Y0UR1')",
                    "type": "ConfigSettings.DisplayMaterialSourceList"
                },
                "Material": "Y0UR1"
            },
            {
                "__metadata": {
                    "id": "https://olympusoem-dev-cp.corp.apple.com:10443/odata/v2/ConfigSettings/DisplayMaterialSourceList('Y0ZX')",
                    "uri": "https://olympusoem-dev-cp.corp.apple.com:10443/odata/v2/ConfigSettings/DisplayMaterialSourceList('Y0ZX')",
                    "type": "ConfigSettings.DisplayMaterialSourceList"
                },
                "Material": "Y0ZX"
            },
            {
                "__metadata": {
                    "id": "https://olympusoem-dev-cp.corp.apple.com:10443/odata/v2/ConfigSettings/DisplayMaterialSourceList('Z06G01HUE')",
                    "uri": "https://olympusoem-dev-cp.corp.apple.com:10443/odata/v2/ConfigSettings/DisplayMaterialSourceList('Z06G01HUE')",
                    "type": "ConfigSettings.DisplayMaterialSourceList"
                },
                "Material": "Z06G01HUE"
            },
            {
                "__metadata": {
                    "id": "https://olympusoem-dev-cp.corp.apple.com:10443/odata/v2/ConfigSettings/DisplayMaterialSourceList('Z06J01GTF')",
                    "uri": "https://olympusoem-dev-cp.corp.apple.com:10443/odata/v2/ConfigSettings/DisplayMaterialSourceList('Z06J01GTF')",
                    "type": "ConfigSettings.DisplayMaterialSourceList"
                },
                "Material": "Z06J01GTF"
            },
            {
                "__metadata": {
                    "id": "https://olympusoem-dev-cp.corp.apple.com:10443/odata/v2/ConfigSettings/DisplayMaterialSourceList('Z0UR')",
                    "uri": "https://olympusoem-dev-cp.corp.apple.com:10443/odata/v2/ConfigSettings/DisplayMaterialSourceList('Z0UR')",
                    "type": "ConfigSettings.DisplayMaterialSourceList"
                },
                "Material": "Z0UR"
            },
            {
                "__metadata": {
                    "id": "https://olympusoem-dev-cp.corp.apple.com:10443/odata/v2/ConfigSettings/DisplayMaterialSourceList('Z0UR1')",
                    "uri": "https://olympusoem-dev-cp.corp.apple.com:10443/odata/v2/ConfigSettings/DisplayMaterialSourceList('Z0UR1')",
                    "type": "ConfigSettings.DisplayMaterialSourceList"
                },
                "Material": "Z0UR1"
            },
            {
                "__metadata": {
                    "id": "https://olympusoem-dev-cp.corp.apple.com:10443/odata/v2/ConfigSettings/DisplayMaterialSourceList('Z0ZX')",
                    "uri": "https://olympusoem-dev-cp.corp.apple.com:10443/odata/v2/ConfigSettings/DisplayMaterialSourceList('Z0ZX')",
                    "type": "ConfigSettings.DisplayMaterialSourceList"
                },
                "Material": "Z0ZX"
            },
            {
                "__metadata": {
                    "id": "https://olympusoem-dev-cp.corp.apple.com:10443/odata/v2/ConfigSettings/DisplayMaterialSourceList('Z0ZX1')",
                    "uri": "https://olympusoem-dev-cp.corp.apple.com:10443/odata/v2/ConfigSettings/DisplayMaterialSourceList('Z0ZX1')",
                    "type": "ConfigSettings.DisplayMaterialSourceList"
                },
                "Material": "Z0ZX1"
            },
            {
                "__metadata": {
                    "id": "https://olympusoem-dev-cp.corp.apple.com:10443/odata/v2/ConfigSettings/DisplayMaterialSourceList('Z0ZX2')",
                    "uri": "https://olympusoem-dev-cp.corp.apple.com:10443/odata/v2/ConfigSettings/DisplayMaterialSourceList('Z0ZX2')",
                    "type": "ConfigSettings.DisplayMaterialSourceList"
                },
                "Material": "Z0ZX2"
            },
            {
                "__metadata": {
                    "id": "https://olympusoem-dev-cp.corp.apple.com:10443/odata/v2/ConfigSettings/DisplayMaterialSourceList('Z0ZX3')",
                    "uri": "https://olympusoem-dev-cp.corp.apple.com:10443/odata/v2/ConfigSettings/DisplayMaterialSourceList('Z0ZX3')",
                    "type": "ConfigSettings.DisplayMaterialSourceList"
                },
                "Material": "Z0ZX3"
            }
        ]
    }
}