{
    "d": {
        "results": [
            {
                "__metadata": {
                    "id": "https://olympusoem-dev-cp.corp.apple.com:10443/odata/v2/ConfigSettings/RemoveDuplicatePlant('1321')",
                    "uri": "https://olympusoem-dev-cp.corp.apple.com:10443/odata/v2/ConfigSettings/RemoveDuplicatePlant('1321')",
                    "type": "ConfigSettings.RemoveDuplicatePlant"
                },
                "Plant": "1321"
            },
            {
                "__metadata": {
                    "id": "https://olympusoem-dev-cp.corp.apple.com:10443/odata/v2/ConfigSettings/RemoveDuplicatePlant('5601')",
                    "uri": "https://olympusoem-dev-cp.corp.apple.com:10443/odata/v2/ConfigSettings/RemoveDuplicatePlant('5601')",
                    "type": "ConfigSettings.RemoveDuplicatePlant"
                },
                "Plant": "5601"
            },
            {
                "__metadata": {
                    "id": "https://olympusoem-dev-cp.corp.apple.com:10443/odata/v2/ConfigSettings/RemoveDuplicatePlant('5602')",
                    "uri": "https://olympusoem-dev-cp.corp.apple.com:10443/odata/v2/ConfigSettings/RemoveDuplicatePlant('5602')",
                    "type": "ConfigSettings.RemoveDuplicatePlant"
                },
                "Plant": "5602"
            },
            {
                "__metadata": {
                    "id": "https://olympusoem-dev-cp.corp.apple.com:10443/odata/v2/ConfigSettings/RemoveDuplicatePlant('6401')",
                    "uri": "https://olympusoem-dev-cp.corp.apple.com:10443/odata/v2/ConfigSettings/RemoveDuplicatePlant('6401')",
                    "type": "ConfigSettings.RemoveDuplicatePlant"
                },
                "Plant": "6401"
            },
            {
                "__metadata": {
                    "id": "https://olympusoem-dev-cp.corp.apple.com:10443/odata/v2/ConfigSettings/RemoveDuplicatePlant('7250')",
                    "uri": "https://olympusoem-dev-cp.corp.apple.com:10443/odata/v2/ConfigSettings/RemoveDuplicatePlant('7250')",
                    "type": "ConfigSettings.RemoveDuplicatePlant"
                },
                "Plant": "7250"
            },
            {
                "__metadata": {
                    "id": "https://olympusoem-dev-cp.corp.apple.com:10443/odata/v2/ConfigSettings/RemoveDuplicatePlant('LO35')",
                    "uri": "https://olympusoem-dev-cp.corp.apple.com:10443/odata/v2/ConfigSettings/RemoveDuplicatePlant('LO35')",
                    "type": "ConfigSettings.RemoveDuplicatePlant"
                },
                "Plant": "LO35"
            },
            {
                "__metadata": {
                    "id": "https://olympusoem-dev-cp.corp.apple.com:10443/odata/v2/ConfigSettings/RemoveDuplicatePlant('LU40')",
                    "uri": "https://olympusoem-dev-cp.corp.apple.com:10443/odata/v2/ConfigSettings/RemoveDuplicatePlant('LU40')",
                    "type": "ConfigSettings.RemoveDuplicatePlant"
                },
                "Plant": "LU40"
            },
            {
                "__metadata": {
                    "id": "https://olympusoem-dev-cp.corp.apple.com:10443/odata/v2/ConfigSettings/RemoveDuplicatePlant('LU60')",
                    "uri": "https://olympusoem-dev-cp.corp.apple.com:10443/odata/v2/ConfigSettings/RemoveDuplicatePlant('LU60')",
                    "type": "ConfigSettings.RemoveDuplicatePlant"
                },
                "Plant": "LU60"
            },
            {
                "__metadata": {
                    "id": "https://olympusoem-dev-cp.corp.apple.com:10443/odata/v2/ConfigSettings/RemoveDuplicatePlant('RU10')",
                    "uri": "https://olympusoem-dev-cp.corp.apple.com:10443/odata/v2/ConfigSettings/RemoveDuplicatePlant('RU10')",
                    "type": "ConfigSettings.RemoveDuplicatePlant"
                },
                "Plant": "RU10"
            },
            {
                "__metadata": {
                    "id": "https://olympusoem-dev-cp.corp.apple.com:10443/odata/v2/ConfigSettings/RemoveDuplicatePlant('V102')",
                    "uri": "https://olympusoem-dev-cp.corp.apple.com:10443/odata/v2/ConfigSettings/RemoveDuplicatePlant('V102')",
                    "type": "ConfigSettings.RemoveDuplicatePlant"
                },
                "Plant": "V102"
            },
            {
                "__metadata": {
                    "id": "https://olympusoem-dev-cp.corp.apple.com:10443/odata/v2/ConfigSettings/RemoveDuplicatePlant('V106')",
                    "uri": "https://olympusoem-dev-cp.corp.apple.com:10443/odata/v2/ConfigSettings/RemoveDuplicatePlant('V106')",
                    "type": "ConfigSettings.RemoveDuplicatePlant"
                },
                "Plant": "V106"
            }
        ]
    }
}