{
    "d": {
        "results": [
            {
                "__metadata": {
                    "id": "https://olympusoem-dev-cp.corp.apple.com:10443/odata/v2/ConfigSettings/sourcelist(Material='3A764TA%2FA',Vendor='000295A7P',Plant='6401')",
                    "uri": "https://olympusoem-dev-cp.corp.apple.com:10443/odata/v2/ConfigSettings/sourcelist(Material='3A764TA%2FA',Vendor='000295A7P',Plant='6401')",
                    "type": "ConfigSettings.sourcelist"
                },
                "Material": "3A764TA/A",
                "Vendor": "000295A7P",
                "Plant": "6401",
                "Created_On": "\/Date(1043971200000)\/",
                "Created_By": "E0658289",
                "Valid_From": "\/Date(1578096000000)\/",
                "Valid_To": "\/Date(253402214400000)\/",
                "Mark_For_Deletion": false
            },
            {
                "__metadata": {
                    "id": "https://olympusoem-dev-cp.corp.apple.com:10443/odata/v2/ConfigSettings/sourcelist(Material='3A764TA%2FA_PD',Vendor='000295A7P',Plant='6401')",
                    "uri": "https://olympusoem-dev-cp.corp.apple.com:10443/odata/v2/ConfigSettings/sourcelist(Material='3A764TA%2FA_PD',Vendor='000295A7P',Plant='6401')",
                    "type": "ConfigSettings.sourcelist"
                },
                "Material": "3A764TA/A_PD",
                "Vendor": "000295A7P",
                "Plant": "6401",
                "Created_On": "\/Date(1043971200000)\/",
                "Created_By": "E0658289",
                "Valid_From": "\/Date(1578096000000)\/",
                "Valid_To": "\/Date(253402214400000)\/",
                "Mark_For_Deletion": false
            },
            {
                "__metadata": {
                    "id": "https://olympusoem-dev-cp.corp.apple.com:10443/odata/v2/ConfigSettings/sourcelist(Material='3A764TA%2FA_PD',Vendor='P0061',Plant='5601')",
                    "uri": "https://olympusoem-dev-cp.corp.apple.com:10443/odata/v2/ConfigSettings/sourcelist(Material='3A764TA%2FA_PD',Vendor='P0061',Plant='5601')",
                    "type": "ConfigSettings.sourcelist"
                },
                "Material": "3A764TA/A_PD",
                "Vendor": "P0061",
                "Plant": "5601",
                "Created_On": "\/Date(1043971200000)\/",
                "Created_By": "E0658289",
                "Valid_From": "\/Date(1578096000000)\/",
                "Valid_To": "\/Date(253402214400000)\/",
                "Mark_For_Deletion": false
            },
            {
                "__metadata": {
                    "id": "https://olympusoem-dev-cp.corp.apple.com:10443/odata/v2/ConfigSettings/sourcelist(Material='3A764TA%2FA_PD1',Vendor='P0061',Plant='5601')",
                    "uri": "https://olympusoem-dev-cp.corp.apple.com:10443/odata/v2/ConfigSettings/sourcelist(Material='3A764TA%2FA_PD1',Vendor='P0061',Plant='5601')",
                    "type": "ConfigSettings.sourcelist"
                },
                "Material": "3A764TA/A_PD1",
                "Vendor": "P0061",
                "Plant": "5601",
                "Created_On": "\/Date(1043971200000)\/",
                "Created_By": "E0658289",
                "Valid_From": "\/Date(1578096000000)\/",
                "Valid_To": "\/Date(253402214400000)\/",
                "Mark_For_Deletion": false
            },
            {
                "__metadata": {
                    "id": "https://olympusoem-dev-cp.corp.apple.com:10443/odata/v2/ConfigSettings/sourcelist(Material='3A764TA%2FA_PD2',Vendor='P0061',Plant='5601')",
                    "uri": "https://olympusoem-dev-cp.corp.apple.com:10443/odata/v2/ConfigSettings/sourcelist(Material='3A764TA%2FA_PD2',Vendor='P0061',Plant='5601')",
                    "type": "ConfigSettings.sourcelist"
                },
                "Material": "3A764TA/A_PD2",
                "Vendor": "P0061",
                "Plant": "5601",
                "Created_On": "\/Date(1043971200000)\/",
                "Created_By": "D0658290",
                "Valid_From": "\/Date(1578096000000)\/",
                "Valid_To": "\/Date(253402214400000)\/",
                "Mark_For_Deletion": false
            },
            {
                "__metadata": {
                    "id": "https://olympusoem-dev-cp.corp.apple.com:10443/odata/v2/ConfigSettings/sourcelist(Material='3A764TA%2FAB',Vendor='000295A7P',Plant='6401')",
                    "uri": "https://olympusoem-dev-cp.corp.apple.com:10443/odata/v2/ConfigSettings/sourcelist(Material='3A764TA%2FAB',Vendor='000295A7P',Plant='6401')",
                    "type": "ConfigSettings.sourcelist"
                },
                "Material": "3A764TA/AB",
                "Vendor": "000295A7P",
                "Plant": "6401",
                "Created_On": "\/Date(0)\/",
                "Created_By": "E0658289",
                "Valid_From": null,
                "Valid_To": "\/Date(0)\/",
                "Mark_For_Deletion": false
            },
            {
                "__metadata": {
                    "id": "https://olympusoem-dev-cp.corp.apple.com:10443/odata/v2/ConfigSettings/sourcelist(Material='3A764TA%2FABP',Vendor='000295A7P',Plant='6401')",
                    "uri": "https://olympusoem-dev-cp.corp.apple.com:10443/odata/v2/ConfigSettings/sourcelist(Material='3A764TA%2FABP',Vendor='000295A7P',Plant='6401')",
                    "type": "ConfigSettings.sourcelist"
                },
                "Material": "3A764TA/ABP",
                "Vendor": "000295A7P",
                "Plant": "6401",
                "Created_On": "\/Date(0)\/",
                "Created_By": "E0658289",
                "Valid_From": null,
                "Valid_To": "\/Date(0)\/",
                "Mark_For_Deletion": false
            },
            {
                "__metadata": {
                    "id": "https://olympusoem-dev-cp.corp.apple.com:10443/odata/v2/ConfigSettings/sourcelist(Material='3A764TA%2FAP',Vendor='000295A7P',Plant='6401')",
                    "uri": "https://olympusoem-dev-cp.corp.apple.com:10443/odata/v2/ConfigSettings/sourcelist(Material='3A764TA%2FAP',Vendor='000295A7P',Plant='6401')",
                    "type": "ConfigSettings.sourcelist"
                },
                "Material": "3A764TA/AP",
                "Vendor": "000295A7P",
                "Plant": "6401",
                "Created_On": "\/Date(0)\/",
                "Created_By": "E0658289",
                "Valid_From": null,
                "Valid_To": "\/Date(0)\/",
                "Mark_For_Deletion": false
            },
            {
                "__metadata": {
                    "id": "https://olympusoem-dev-cp.corp.apple.com:10443/odata/v2/ConfigSettings/sourcelist(Material='4A764TA%2FA',Vendor='P0061',Plant='5601')",
                    "uri": "https://olympusoem-dev-cp.corp.apple.com:10443/odata/v2/ConfigSettings/sourcelist(Material='4A764TA%2FA',Vendor='P0061',Plant='5601')",
                    "type": "ConfigSettings.sourcelist"
                },
                "Material": "4A764TA/A",
                "Vendor": "P0061",
                "Plant": "5601",
                "Created_On": "\/Date(1043971200000)\/",
                "Created_By": "D0658290",
                "Valid_From": "\/Date(1578096000000)\/",
                "Valid_To": "\/Date(253402214400000)\/",
                "Mark_For_Deletion": false
            },
            {
                "__metadata": {
                    "id": "https://olympusoem-dev-cp.corp.apple.com:10443/odata/v2/ConfigSettings/sourcelist(Material='661-2549',Vendor='00456701P',Plant='7250')",
                    "uri": "https://olympusoem-dev-cp.corp.apple.com:10443/odata/v2/ConfigSettings/sourcelist(Material='661-2549',Vendor='00456701P',Plant='7250')",
                    "type": "ConfigSettings.sourcelist"
                },
                "Material": "661-2549",
                "Vendor": "00456701P",
                "Plant": "7250",
                "Created_On": "\/Date(1078272000000)\/",
                "Created_By": "C65887PV",
                "Valid_From": "\/Date(1578009600000)\/",
                "Valid_To": "\/Date(253402128000000)\/",
                "Mark_For_Deletion": false
            },
            {
                "__metadata": {
                    "id": "https://olympusoem-dev-cp.corp.apple.com:10443/odata/v2/ConfigSettings/sourcelist(Material='M02E3ZP%2FA',Vendor='00524115P',Plant='6401')",
                    "uri": "https://olympusoem-dev-cp.corp.apple.com:10443/odata/v2/ConfigSettings/sourcelist(Material='M02E3ZP%2FA',Vendor='00524115P',Plant='6401')",
                    "type": "ConfigSettings.sourcelist"
                },
                "Material": "M02E3ZP/A",
                "Vendor": "00524115P",
                "Plant": "6401",
                "Created_On": "\/Date(1043971200000)\/",
                "Created_By": "E0658289",
                "Valid_From": "\/Date(1578096000000)\/",
                "Valid_To": "\/Date(253402214400000)\/",
                "Mark_For_Deletion": false
            },
            {
                "__metadata": {
                    "id": "https://olympusoem-dev-cp.corp.apple.com:10443/odata/v2/ConfigSettings/sourcelist(Material='M7601SG%2FB',Vendor='00233101P',Plant='6401')",
                    "uri": "https://olympusoem-dev-cp.corp.apple.com:10443/odata/v2/ConfigSettings/sourcelist(Material='M7601SG%2FB',Vendor='00233101P',Plant='6401')",
                    "type": "ConfigSettings.sourcelist"
                },
                "Material": "M7601SG/B",
                "Vendor": "00233101P",
                "Plant": "6401",
                "Created_On": "\/Date(1296604800000)\/",
                "Created_By": "C76669AB",
                "Valid_From": "\/Date(1577836800000)\/",
                "Valid_To": "\/Date(253402214400000)\/",
                "Mark_For_Deletion": false
            },
            {
                "__metadata": {
                    "id": "https://olympusoem-dev-cp.corp.apple.com:10443/odata/v2/ConfigSettings/sourcelist(Material='M8892LL%2FA1',Vendor='00029514P',Plant='5601')",
                    "uri": "https://olympusoem-dev-cp.corp.apple.com:10443/odata/v2/ConfigSettings/sourcelist(Material='M8892LL%2FA1',Vendor='00029514P',Plant='5601')",
                    "type": "ConfigSettings.sourcelist"
                },
                "Material": "M8892LL/A1",
                "Vendor": "00029514P",
                "Plant": "5601",
                "Created_On": "\/Date(1043712000000)\/",
                "Created_By": "E0658289",
                "Valid_From": "\/Date(1577836800000)\/",
                "Valid_To": "\/Date(253402214400000)\/",
                "Mark_For_Deletion": false
            },
            {
                "__metadata": {
                    "id": "https://olympusoem-dev-cp.corp.apple.com:10443/odata/v2/ConfigSettings/sourcelist(Material='M8892LL%2FA9',Vendor='00029514P',Plant='5601')",
                    "uri": "https://olympusoem-dev-cp.corp.apple.com:10443/odata/v2/ConfigSettings/sourcelist(Material='M8892LL%2FA9',Vendor='00029514P',Plant='5601')",
                    "type": "ConfigSettings.sourcelist"
                },
                "Material": "M8892LL/A9",
                "Vendor": "00029514P",
                "Plant": "5601",
                "Created_On": "\/Date(1043712000000)\/",
                "Created_By": "E0658289",
                "Valid_From": "\/Date(1577836800000)\/",
                "Valid_To": "\/Date(253402214400000)\/",
                "Mark_For_Deletion": false
            },
            {
                "__metadata": {
                    "id": "https://olympusoem-dev-cp.corp.apple.com:10443/odata/v2/ConfigSettings/sourcelist(Material='M8892LL%2FA99',Vendor='00029514P',Plant='5601')",
                    "uri": "https://olympusoem-dev-cp.corp.apple.com:10443/odata/v2/ConfigSettings/sourcelist(Material='M8892LL%2FA99',Vendor='00029514P',Plant='5601')",
                    "type": "ConfigSettings.sourcelist"
                },
                "Material": "M8892LL/A99",
                "Vendor": "00029514P",
                "Plant": "5601",
                "Created_On": "\/Date(1043712000000)\/",
                "Created_By": "E0658289",
                "Valid_From": "\/Date(1577836800000)\/",
                "Valid_To": "\/Date(253402214400000)\/",
                "Mark_For_Deletion": false
            },
            {
                "__metadata": {
                    "id": "https://olympusoem-dev-cp.corp.apple.com:10443/odata/v2/ConfigSettings/sourcelist(Material='M8892LL%2FA990',Vendor='00029514P',Plant='5601')",
                    "uri": "https://olympusoem-dev-cp.corp.apple.com:10443/odata/v2/ConfigSettings/sourcelist(Material='M8892LL%2FA990',Vendor='00029514P',Plant='5601')",
                    "type": "ConfigSettings.sourcelist"
                },
                "Material": "M8892LL/A990",
                "Vendor": "00029514P",
                "Plant": "5601",
                "Created_On": "\/Date(1043712000000)\/",
                "Created_By": "E0658289",
                "Valid_From": "\/Date(1577836800000)\/",
                "Valid_To": "\/Date(253402214400000)\/",
                "Mark_For_Deletion": false
            },
            {
                "__metadata": {
                    "id": "https://olympusoem-dev-cp.corp.apple.com:10443/odata/v2/ConfigSettings/sourcelist(Material='M8892LL%2FA999',Vendor='00029514P',Plant='5601')",
                    "uri": "https://olympusoem-dev-cp.corp.apple.com:10443/odata/v2/ConfigSettings/sourcelist(Material='M8892LL%2FA999',Vendor='00029514P',Plant='5601')",
                    "type": "ConfigSettings.sourcelist"
                },
                "Material": "M8892LL/A999",
                "Vendor": "00029514P",
                "Plant": "5601",
                "Created_On": "\/Date(1043712000000)\/",
                "Created_By": "E0658289",
                "Valid_From": "\/Date(1577836800000)\/",
                "Valid_To": "\/Date(253402214400000)\/",
                "Mark_For_Deletion": false
            }
        ]
    }
}