<?xml version="1.0" encoding="utf-8"?>
<edmx:Edmx Version="1.0"
    xmlns:edmx="http://schemas.microsoft.com/ado/2007/06/edmx"
    xmlns:m="http://schemas.microsoft.com/ado/2007/08/dataservices/metadata"
    xmlns:sap="http://www.sap.com/Protocols/SAPData">
    <edmx:DataServices m:DataServiceVersion="2.0">
        <Schema Namespace="ZOD_DAT_RCA_BY_PROFILE_SRV" xml:lang="en" sap:schema-version="1"
            xmlns="http://schemas.microsoft.com/ado/2008/09/edm">
            <Annotation Term="Core.SchemaVersion" String="1.0.0"
                xmlns="http://docs.oasis-open.org/odata/ns/edm"/>
            <EntityType Name="Wave_data" sap:content-version="1">
                <Key>
                    <PropertyRef Name="Secprofile"/>
                    <PropertyRef Name="Fisweek"/>
                </Key>
                <Property Name="Secprofile" Type="Edm.String" Nullable="false" MaxLength="30" sap:unicode="false" sap:creatable="false" sap:updatable="false" sap:sortable="false" sap:filterable="false"/>
                <Property Name="Fisweek" Type="Edm.String" Nullable="false" MaxLength="8" sap:unicode="false" sap:creatable="false" sap:updatable="false" sap:sortable="false" sap:filterable="false"/>
                <Property Name="WaveNr" Type="Edm.String" Nullable="false" MaxLength="5" sap:unicode="false" sap:creatable="false" sap:updatable="false" sap:sortable="false" sap:filterable="false"/>
                <Property Name="RollOpt" Type="Edm.String" Nullable="false" MaxLength="1" sap:unicode="false" sap:creatable="false" sap:updatable="false" sap:sortable="false" sap:filterable="false"/>
                <Property Name="retcode" Type="Edm.String" Nullable="false" MaxLength="1" sap:unicode="false" sap:creatable="false" sap:updatable="false" sap:sortable="false" sap:filterable="false"/>
                <Property Name="Func" Type="Edm.String" Nullable="false" sap:unicode="false" sap:creatable="false" sap:updatable="false" sap:sortable="false" sap:filterable="false"/>
                <NavigationProperty Name="Nav_to_pluids" Relationship="ZOD_DAT_RCA_BY_PROFILE_SRV.Assoc_Wave_pluids" FromRole="FromRole_Assoc_Wave_pluids" ToRole="ToRole_Assoc_Wave_pluids"/>
            </EntityType>
            <EntityType Name="pluid" sap:content-version="1">
                <Key>
                    <PropertyRef Name="Pluid"/>
                </Key>
                <Property Name="Pluid" Type="Edm.String" Nullable="false" sap:unicode="false" sap:creatable="false" sap:updatable="false" sap:sortable="false" sap:filterable="false"/>
            </EntityType>
            <EntityType Name="RCA_PROFILE" sap:content-version="1">
                <Key>
                    <PropertyRef Name="Secprofile"/>
                    <PropertyRef Name="Fisweek"/>
                </Key>
                <Property Name="Secprofile" Type="Edm.String" Nullable="false" MaxLength="30" sap:unicode="false" sap:label="DAT Wave Profile" sap:creatable="false" sap:updatable="false" sap:sortable="false" sap:filterable="false"/>
                <Property Name="Fisweek" Type="Edm.String" Nullable="false" MaxLength="8" sap:unicode="false" sap:label="Period" sap:creatable="false" sap:updatable="false" sap:sortable="false" sap:filterable="false"/>
                <Property Name="WaveNr" Type="Edm.String" Nullable="false" MaxLength="5" sap:unicode="false" sap:label="DAT Wave number" sap:creatable="false" sap:updatable="false" sap:sortable="false" sap:filterable="false"/>
                <Property Name="Type" Type="Edm.String" Nullable="false" MaxLength="12" sap:unicode="false" sap:creatable="false" sap:updatable="false" sap:sortable="false" sap:filterable="false"/>
                <Property Name="Retcode" Type="Edm.String" Nullable="false" MaxLength="1" sap:unicode="false" sap:creatable="false" sap:updatable="false" sap:sortable="false" sap:filterable="false"/>
                <Property Name="Func" Type="Edm.String" Nullable="false" MaxLength="10" sap:unicode="false" sap:label="Character Field Length = 10" sap:creatable="false" sap:updatable="false" sap:sortable="false" sap:filterable="false"/>
                <NavigationProperty Name="Navpluid" Relationship="ZOD_DAT_RCA_BY_PROFILE_SRV.Assocpluid" FromRole="FromRole_Assocpluid" ToRole="ToRole_Assocpluid"/>
            </EntityType>
            <EntityType Name="wave_prop" sap:content-version="1">
                <Key>
                    <PropertyRef Name="Secprofile"/>
                    <PropertyRef Name="Fisweek"/>
                </Key>
                <Property Name="Secprofile" Type="Edm.String" Nullable="false" MaxLength="30" sap:unicode="false" sap:label="DAT Wave Profile" sap:creatable="false" sap:updatable="false" sap:sortable="false" sap:filterable="false"/>
                <Property Name="Fisweek" Type="Edm.String" Nullable="false" MaxLength="8" sap:unicode="false" sap:label="Period" sap:creatable="false" sap:updatable="false" sap:sortable="false" sap:filterable="false"/>
                <Property Name="WaveNr" Type="Edm.String" Nullable="false" MaxLength="5" sap:unicode="false" sap:label="DAT Wave number" sap:creatable="false" sap:updatable="false" sap:sortable="false" sap:filterable="false"/>
                <Property Name="WaveRelMech" Type="Edm.String" Nullable="false" MaxLength="1" sap:unicode="false" sap:label="Wave Rel Mech" sap:creatable="false" sap:updatable="false" sap:sortable="false" sap:filterable="false"/>
                <Property Name="WaveDescr" Type="Edm.String" Nullable="false" MaxLength="40" sap:unicode="false" sap:label="Wave Desc" sap:creatable="false" sap:updatable="false" sap:sortable="false" sap:filterable="false"/>
                <Property Name="ScheduleAt" Type="Edm.String" Nullable="false" MaxLength="25" sap:unicode="false" sap:label="Field" sap:creatable="false" sap:updatable="false" sap:sortable="false" sap:filterable="false"/>
                <Property Name="Retcode" Type="Edm.String" Nullable="false" MaxLength="1" sap:unicode="false" sap:creatable="false" sap:updatable="false" sap:sortable="false" sap:filterable="false"/>
                <Property Name="Message" Type="Edm.String" Nullable="false" MaxLength="100" sap:unicode="false" sap:creatable="false" sap:updatable="false" sap:sortable="false" sap:filterable="false"/>
                <Property Name="Func" Type="Edm.String" Nullable="false" MaxLength="10" sap:unicode="false" sap:creatable="false" sap:updatable="false" sap:sortable="false" sap:filterable="false"/>
            </EntityType>
            <EntityType Name="UBPUpload" m:HasStream="true" sap:content-version="1">
                <Key>
                    <PropertyRef Name="Region"/>
                    <PropertyRef Name="Plan"/>
                </Key>
                <Property Name="Region" Type="Edm.String" Nullable="false" sap:unicode="false"/>
                <Property Name="Plan" Type="Edm.Int16" Nullable="false" sap:unicode="false" sap:label="Signed INT2 / int16"/>
                <Property Name="FileName" Type="Edm.String" sap:unicode="false"/>
                <Property Name="Message" Type="Edm.String" sap:unicode="false"/>
                <Property Name="ErrorCount" Type="Edm.String" sap:unicode="false"/>
                <Property Name="FileType" Type="Edm.String" sap:unicode="false"/>
                <Property Name="ErrorType" Type="Edm.String" sap:unicode="false"/>
                <Property Name="Guid" Type="Edm.String" sap:unicode="false"/>
            </EntityType>
            <EntityType Name="UBPMsg" sap:content-version="1">
                <Key>
                    <PropertyRef Name="Guid"/>
                    <PropertyRef Name="RowId"/>
                </Key>
                <Property Name="Guid" Type="Edm.String" Nullable="false" sap:unicode="false"/>
                <Property Name="RowId" Type="Edm.Int16" Nullable="false" sap:unicode="false" sap:label="Signed INT2 / int16" sap:creatable="false" sap:updatable="false" sap:sortable="false" sap:filterable="false"/>
                <Property Name="FileData" Type="Edm.String" Nullable="false" sap:unicode="false" sap:creatable="false" sap:updatable="false" sap:sortable="false" sap:filterable="false"/>
                <Property Name="Type" Type="Edm.String" Nullable="false" sap:unicode="false" sap:creatable="false" sap:updatable="false" sap:sortable="false" sap:filterable="false"/>
                <Property Name="Message" Type="Edm.String" Nullable="false" sap:unicode="false" sap:creatable="false" sap:updatable="false" sap:sortable="false" sap:filterable="false"/>
            </EntityType>
            <EntityType Name="PLAGATPUpload" m:HasStream="true" sap:content-version="1">
                <Key>
                    <PropertyRef Name="FileName"/>
                </Key>
                <Property Name="FileName" Type="Edm.String" Nullable="false" sap:unicode="false" sap:filterable="false"/>
                <Property Name="Message" Type="Edm.String" sap:unicode="false" sap:filterable="false"/>
                <Property Name="ErrorCount" Type="Edm.String" sap:unicode="false" sap:filterable="false"/>
                <Property Name="FileType" Type="Edm.String" sap:unicode="false" sap:filterable="false"/>
                <Property Name="ErrorType" Type="Edm.String" sap:unicode="false" sap:sortable="false" sap:filterable="false"/>
                <Property Name="Guid" Type="Edm.String" sap:unicode="false" sap:filterable="false"/>
            </EntityType>
            <EntityType Name="PORRegion" sap:content-version="1">
                <Key>
                    <PropertyRef Name="Region"/>
                </Key>
                <Property Name="Region" Type="Edm.String" Nullable="false" sap:unicode="false" sap:creatable="false" sap:updatable="false" sap:sortable="false" sap:filterable="false"/>
            </EntityType>
            <EntityType Name="PLAUpload" m:HasStream="true" sap:content-version="1">
                <Key>
                    <PropertyRef Name="Region"/>
                    <PropertyRef Name="Fisweek"/>
                </Key>
                <Property Name="Region" Type="Edm.String" Nullable="false" sap:unicode="false"/>
                <Property Name="Fisweek" Type="Edm.String" Nullable="false" MaxLength="8" sap:unicode="false"/>
                <Property Name="FileName" Type="Edm.String" sap:unicode="false"/>
                <Property Name="Message" Type="Edm.String" sap:unicode="false"/>
                <Property Name="ErrorCount" Type="Edm.String" sap:unicode="false"/>
                <Property Name="FileType" Type="Edm.String" sap:unicode="false"/>
                <Property Name="ErrorType" Type="Edm.String" sap:unicode="false"/>
                <Property Name="Guid" Type="Edm.String" sap:unicode="false"/>
            </EntityType>
            <Association Name="Assocpluid" sap:content-version="1">
                <End Type="ZOD_DAT_RCA_BY_PROFILE_SRV.RCA_PROFILE" Multiplicity="1" Role="FromRole_Assocpluid"/>
                <End Type="ZOD_DAT_RCA_BY_PROFILE_SRV.pluid" Multiplicity="*" Role="ToRole_Assocpluid"/>
            </Association>
            <Association Name="Assoc_Wave_pluids" sap:content-version="1">
                <End Type="ZOD_DAT_RCA_BY_PROFILE_SRV.Wave_data" Multiplicity="1" Role="FromRole_Assoc_Wave_pluids"/>
                <End Type="ZOD_DAT_RCA_BY_PROFILE_SRV.pluid" Multiplicity="*" Role="ToRole_Assoc_Wave_pluids"/>
            </Association>
            <EntityContainer Name="ZOD_DAT_RCA_BY_PROFILE_SRV_Entities" m:IsDefaultEntityContainer="true" sap:supported-formats="atom json xlsx">
                <EntitySet Name="Wave_dataSet" EntityType="ZOD_DAT_RCA_BY_PROFILE_SRV.Wave_data" sap:updatable="false" sap:deletable="false" sap:pageable="false" sap:content-version="1"/>
                <EntitySet Name="pluidSet" EntityType="ZOD_DAT_RCA_BY_PROFILE_SRV.pluid" sap:creatable="false" sap:updatable="false" sap:deletable="false" sap:pageable="false" sap:addressable="false" sap:content-version="1"/>
                <EntitySet Name="RCA_PROFILESet" EntityType="ZOD_DAT_RCA_BY_PROFILE_SRV.RCA_PROFILE" sap:creatable="false" sap:updatable="false" sap:deletable="false" sap:pageable="false" sap:content-version="1"/>
                <EntitySet Name="wave_propSet" EntityType="ZOD_DAT_RCA_BY_PROFILE_SRV.wave_prop" sap:creatable="false" sap:updatable="false" sap:deletable="false" sap:pageable="false" sap:content-version="1"/>
                <EntitySet Name="UBPUploadSet" EntityType="ZOD_DAT_RCA_BY_PROFILE_SRV.UBPUpload" sap:creatable="false" sap:updatable="false" sap:deletable="false" sap:pageable="false" sap:addressable="false" sap:content-version="1"/>
                <EntitySet Name="UBPMsgSet" EntityType="ZOD_DAT_RCA_BY_PROFILE_SRV.UBPMsg" sap:creatable="false" sap:updatable="false" sap:deletable="false" sap:pageable="false" sap:addressable="false" sap:content-version="1"/>
                <EntitySet Name="PLAGATPUploadSet" EntityType="ZOD_DAT_RCA_BY_PROFILE_SRV.PLAGATPUpload" sap:creatable="false" sap:updatable="false" sap:deletable="false" sap:pageable="false" sap:addressable="false" sap:content-version="1"/>
                <EntitySet Name="PORRegionSet" EntityType="ZOD_DAT_RCA_BY_PROFILE_SRV.PORRegion" sap:creatable="false" sap:updatable="false" sap:deletable="false" sap:pageable="false" sap:content-version="1"/>
                <EntitySet Name="PLAUploadSet" EntityType="ZOD_DAT_RCA_BY_PROFILE_SRV.PLAUpload" sap:creatable="false" sap:updatable="false" sap:deletable="false" sap:pageable="false" sap:addressable="false" sap:content-version="1"/>
                <AssociationSet Name="Wave_pluidsSet" Association="ZOD_DAT_RCA_BY_PROFILE_SRV.Assoc_Wave_pluids" sap:creatable="false" sap:updatable="false" sap:deletable="false" sap:content-version="1">
                    <End EntitySet="Wave_dataSet" Role="FromRole_Assoc_Wave_pluids"/>
                    <End EntitySet="pluidSet" Role="ToRole_Assoc_Wave_pluids"/>
                </AssociationSet>
                <AssociationSet Name="AssocpluidSet" Association="ZOD_DAT_RCA_BY_PROFILE_SRV.Assocpluid" sap:creatable="false" sap:updatable="false" sap:deletable="false" sap:content-version="1">
                    <End EntitySet="RCA_PROFILESet" Role="FromRole_Assocpluid"/>
                    <End EntitySet="pluidSet" Role="ToRole_Assocpluid"/>
                </AssociationSet>
            </EntityContainer>
            <atom:link rel="self" href="http://epweb-dev.corp.apple.com/sap/opu/odata/sap/ZOD_DAT_RCA_BY_PROFILE_SRV/$metadata"
                xmlns:atom="http://www.w3.org/2005/Atom"/>
            <atom:link rel="latest-version" href="http://epweb-dev.corp.apple.com/sap/opu/odata/sap/ZOD_DAT_RCA_BY_PROFILE_SRV/$metadata"
                xmlns:atom="http://www.w3.org/2005/Atom"/>
        </Schema>
    </edmx:DataServices>
</edmx:Edmx>