{
    "authenticationMethod": "route",
    "routes": [
        {
            "source": "^/ui5/(.*)$",
            "target": "$1",
            "authenticationType": "xsuaa",
            "destination": "ACSC_APIM",
            "csrfProtection": false
        },
        {
            "source": "^/ui5_pp/(.*)$",
            "target": "$1",
            "authenticationType": "xsuaa",
            "destination": "ACSC_APIM_PP",
            "csrfProtection": false
        }       
    ],
    "welcomeFile": "/comapplescpuiboxes"
}