{
    "d": {
        "results": [
            {
                "Vendor": "6401",
                "Name1": "Apple South Asia Pte. Ltd.",
                "Name2": "Apple",
                "City": "Singapore",
                "Postal_Code": "569086",
                "Region": "ZZ",
                "Sort_Field": null,
                "Street_House_NO": "7, Ang\n  Mo Kio Street 64",
                "Telephone": "23-21-37740168",
                "Fax": "23-21-57602997",
                "Country": "Singapore"
            },
            {
                "Vendor": "00029200A",
                "Name1": "Apple South Asia Pte. Ltd.",
                "Name2": "Apple",
                "City": "Singapore",
                "Postal_Code": "569086",
                "Region": "ZZ",
                "Sort_Field": null,
                "Street_House_NO": "7, Ang\n  Mo Kio Street 64",
                "Telephone": "23-21-37740168",
                "Fax": "23-21-57602997",
                "Country": "Singapore"
            }
        ]
    }
}