{
    "d": {
        "results": [
            {
                "__metadata": {
                    "id": "https://olympusoem-dev-cp.corp.apple.com:10443/odata/v2/PalletService/CarrierDistinctPo('0350161066')",
                    "uri": "https://olympusoem-dev-cp.corp.apple.com:10443/odata/v2/PalletService/CarrierDistinctPo('0350161066')",
                    "type": "PalletService.CarrierDistinctPo"
                },
                "PO_Number": "0350161066"
            },
            {
                "__metadata": {
                    "id": "https://olympusoem-dev-cp.corp.apple.com:10443/odata/v2/PalletService/CarrierDistinctPo('0350162157')",
                    "uri": "https://olympusoem-dev-cp.corp.apple.com:10443/odata/v2/PalletService/CarrierDistinctPo('0350162157')",
                    "type": "PalletService.CarrierDistinctPo"
                },
                "PO_Number": "0350162157"
            },
            {
                "__metadata": {
                    "id": "https://olympusoem-dev-cp.corp.apple.com:10443/odata/v2/PalletService/CarrierDistinctPo('0350164338')",
                    "uri": "https://olympusoem-dev-cp.corp.apple.com:10443/odata/v2/PalletService/CarrierDistinctPo('0350164338')",
                    "type": "PalletService.CarrierDistinctPo"
                },
                "PO_Number": "0350164338"
            },
            {
                "__metadata": {
                    "id": "https://olympusoem-dev-cp.corp.apple.com:10443/odata/v2/PalletService/CarrierDistinctPo('0410216115')",
                    "uri": "https://olympusoem-dev-cp.corp.apple.com:10443/odata/v2/PalletService/CarrierDistinctPo('0410216115')",
                    "type": "PalletService.CarrierDistinctPo"
                },
                "PO_Number": "0410216115"
            },
            {
                "__metadata": {
                    "id": "https://olympusoem-dev-cp.corp.apple.com:10443/odata/v2/PalletService/CarrierDistinctPo('0420069173')",
                    "uri": "https://olympusoem-dev-cp.corp.apple.com:10443/odata/v2/PalletService/CarrierDistinctPo('0420069173')",
                    "type": "PalletService.CarrierDistinctPo"
                },
                "PO_Number": "0420069173"
            },
            {
                "__metadata": {
                    "id": "https://olympusoem-dev-cp.corp.apple.com:10443/odata/v2/PalletService/CarrierDistinctPo('0470000000')",
                    "uri": "https://olympusoem-dev-cp.corp.apple.com:10443/odata/v2/PalletService/CarrierDistinctPo('0470000000')",
                    "type": "PalletService.CarrierDistinctPo"
                },
                "PO_Number": "0470000000"
            },
            {
                "__metadata": {
                    "id": "https://olympusoem-dev-cp.corp.apple.com:10443/odata/v2/PalletService/CarrierDistinctPo('0470000001')",
                    "uri": "https://olympusoem-dev-cp.corp.apple.com:10443/odata/v2/PalletService/CarrierDistinctPo('0470000001')",
                    "type": "PalletService.CarrierDistinctPo"
                },
                "PO_Number": "0470000001"
            },
            {
                "__metadata": {
                    "id": "https://olympusoem-dev-cp.corp.apple.com:10443/odata/v2/PalletService/CarrierDistinctPo('0470000002')",
                    "uri": "https://olympusoem-dev-cp.corp.apple.com:10443/odata/v2/PalletService/CarrierDistinctPo('0470000002')",
                    "type": "PalletService.CarrierDistinctPo"
                },
                "PO_Number": "0470000002"
            },
            {
                "__metadata": {
                    "id": "https://olympusoem-dev-cp.corp.apple.com:10443/odata/v2/PalletService/CarrierDistinctPo('0470000024')",
                    "uri": "https://olympusoem-dev-cp.corp.apple.com:10443/odata/v2/PalletService/CarrierDistinctPo('0470000024')",
                    "type": "PalletService.CarrierDistinctPo"
                },
                "PO_Number": "0470000024"
            },
            {
                "__metadata": {
                    "id": "https://olympusoem-dev-cp.corp.apple.com:10443/odata/v2/PalletService/CarrierDistinctPo('0470000034')",
                    "uri": "https://olympusoem-dev-cp.corp.apple.com:10443/odata/v2/PalletService/CarrierDistinctPo('0470000034')",
                    "type": "PalletService.CarrierDistinctPo"
                },
                "PO_Number": "0470000034"
            },
            {
                "__metadata": {
                    "id": "https://olympusoem-dev-cp.corp.apple.com:10443/odata/v2/PalletService/CarrierDistinctPo('0470000092')",
                    "uri": "https://olympusoem-dev-cp.corp.apple.com:10443/odata/v2/PalletService/CarrierDistinctPo('0470000092')",
                    "type": "PalletService.CarrierDistinctPo"
                },
                "PO_Number": "0470000092"
            },
            {
                "__metadata": {
                    "id": "https://olympusoem-dev-cp.corp.apple.com:10443/odata/v2/PalletService/CarrierDistinctPo('0470000118')",
                    "uri": "https://olympusoem-dev-cp.corp.apple.com:10443/odata/v2/PalletService/CarrierDistinctPo('0470000118')",
                    "type": "PalletService.CarrierDistinctPo"
                },
                "PO_Number": "0470000118"
            },
            {
                "__metadata": {
                    "id": "https://olympusoem-dev-cp.corp.apple.com:10443/odata/v2/PalletService/CarrierDistinctPo('0470000135')",
                    "uri": "https://olympusoem-dev-cp.corp.apple.com:10443/odata/v2/PalletService/CarrierDistinctPo('0470000135')",
                    "type": "PalletService.CarrierDistinctPo"
                },
                "PO_Number": "0470000135"
            },
            {
                "__metadata": {
                    "id": "https://olympusoem-dev-cp.corp.apple.com:10443/odata/v2/PalletService/CarrierDistinctPo('0470000136')",
                    "uri": "https://olympusoem-dev-cp.corp.apple.com:10443/odata/v2/PalletService/CarrierDistinctPo('0470000136')",
                    "type": "PalletService.CarrierDistinctPo"
                },
                "PO_Number": "0470000136"
            },
            {
                "__metadata": {
                    "id": "https://olympusoem-dev-cp.corp.apple.com:10443/odata/v2/PalletService/CarrierDistinctPo('0470000137')",
                    "uri": "https://olympusoem-dev-cp.corp.apple.com:10443/odata/v2/PalletService/CarrierDistinctPo('0470000137')",
                    "type": "PalletService.CarrierDistinctPo"
                },
                "PO_Number": "0470000137"
            },
            {
                "__metadata": {
                    "id": "https://olympusoem-dev-cp.corp.apple.com:10443/odata/v2/PalletService/CarrierDistinctPo('0470000138')",
                    "uri": "https://olympusoem-dev-cp.corp.apple.com:10443/odata/v2/PalletService/CarrierDistinctPo('0470000138')",
                    "type": "PalletService.CarrierDistinctPo"
                },
                "PO_Number": "0470000138"
            },
            {
                "__metadata": {
                    "id": "https://olympusoem-dev-cp.corp.apple.com:10443/odata/v2/PalletService/CarrierDistinctPo('0470000139')",
                    "uri": "https://olympusoem-dev-cp.corp.apple.com:10443/odata/v2/PalletService/CarrierDistinctPo('0470000139')",
                    "type": "PalletService.CarrierDistinctPo"
                },
                "PO_Number": "0470000139"
            },
            {
                "__metadata": {
                    "id": "https://olympusoem-dev-cp.corp.apple.com:10443/odata/v2/PalletService/CarrierDistinctPo('0470000140')",
                    "uri": "https://olympusoem-dev-cp.corp.apple.com:10443/odata/v2/PalletService/CarrierDistinctPo('0470000140')",
                    "type": "PalletService.CarrierDistinctPo"
                },
                "PO_Number": "0470000140"
            },
            {
                "__metadata": {
                    "id": "https://olympusoem-dev-cp.corp.apple.com:10443/odata/v2/PalletService/CarrierDistinctPo('0470000141')",
                    "uri": "https://olympusoem-dev-cp.corp.apple.com:10443/odata/v2/PalletService/CarrierDistinctPo('0470000141')",
                    "type": "PalletService.CarrierDistinctPo"
                },
                "PO_Number": "0470000141"
            },
            {
                "__metadata": {
                    "id": "https://olympusoem-dev-cp.corp.apple.com:10443/odata/v2/PalletService/CarrierDistinctPo('0470000142')",
                    "uri": "https://olympusoem-dev-cp.corp.apple.com:10443/odata/v2/PalletService/CarrierDistinctPo('0470000142')",
                    "type": "PalletService.CarrierDistinctPo"
                },
                "PO_Number": "0470000142"
            },
            {
                "__metadata": {
                    "id": "https://olympusoem-dev-cp.corp.apple.com:10443/odata/v2/PalletService/CarrierDistinctPo('0470000143')",
                    "uri": "https://olympusoem-dev-cp.corp.apple.com:10443/odata/v2/PalletService/CarrierDistinctPo('0470000143')",
                    "type": "PalletService.CarrierDistinctPo"
                },
                "PO_Number": "0470000143"
            },
            {
                "__metadata": {
                    "id": "https://olympusoem-dev-cp.corp.apple.com:10443/odata/v2/PalletService/CarrierDistinctPo('0470000144')",
                    "uri": "https://olympusoem-dev-cp.corp.apple.com:10443/odata/v2/PalletService/CarrierDistinctPo('0470000144')",
                    "type": "PalletService.CarrierDistinctPo"
                },
                "PO_Number": "0470000144"
            },
            {
                "__metadata": {
                    "id": "https://olympusoem-dev-cp.corp.apple.com:10443/odata/v2/PalletService/CarrierDistinctPo('0470000153')",
                    "uri": "https://olympusoem-dev-cp.corp.apple.com:10443/odata/v2/PalletService/CarrierDistinctPo('0470000153')",
                    "type": "PalletService.CarrierDistinctPo"
                },
                "PO_Number": "0470000153"
            },
            {
                "__metadata": {
                    "id": "https://olympusoem-dev-cp.corp.apple.com:10443/odata/v2/PalletService/CarrierDistinctPo('0470000154')",
                    "uri": "https://olympusoem-dev-cp.corp.apple.com:10443/odata/v2/PalletService/CarrierDistinctPo('0470000154')",
                    "type": "PalletService.CarrierDistinctPo"
                },
                "PO_Number": "0470000154"
            },
            {
                "__metadata": {
                    "id": "https://olympusoem-dev-cp.corp.apple.com:10443/odata/v2/PalletService/CarrierDistinctPo('0470000156')",
                    "uri": "https://olympusoem-dev-cp.corp.apple.com:10443/odata/v2/PalletService/CarrierDistinctPo('0470000156')",
                    "type": "PalletService.CarrierDistinctPo"
                },
                "PO_Number": "0470000156"
            },
            {
                "__metadata": {
                    "id": "https://olympusoem-dev-cp.corp.apple.com:10443/odata/v2/PalletService/CarrierDistinctPo('0470000166')",
                    "uri": "https://olympusoem-dev-cp.corp.apple.com:10443/odata/v2/PalletService/CarrierDistinctPo('0470000166')",
                    "type": "PalletService.CarrierDistinctPo"
                },
                "PO_Number": "0470000166"
            },
            {
                "__metadata": {
                    "id": "https://olympusoem-dev-cp.corp.apple.com:10443/odata/v2/PalletService/CarrierDistinctPo('0470000167')",
                    "uri": "https://olympusoem-dev-cp.corp.apple.com:10443/odata/v2/PalletService/CarrierDistinctPo('0470000167')",
                    "type": "PalletService.CarrierDistinctPo"
                },
                "PO_Number": "0470000167"
            },
            {
                "__metadata": {
                    "id": "https://olympusoem-dev-cp.corp.apple.com:10443/odata/v2/PalletService/CarrierDistinctPo('0470000171')",
                    "uri": "https://olympusoem-dev-cp.corp.apple.com:10443/odata/v2/PalletService/CarrierDistinctPo('0470000171')",
                    "type": "PalletService.CarrierDistinctPo"
                },
                "PO_Number": "0470000171"
            },
            {
                "__metadata": {
                    "id": "https://olympusoem-dev-cp.corp.apple.com:10443/odata/v2/PalletService/CarrierDistinctPo('0470000173')",
                    "uri": "https://olympusoem-dev-cp.corp.apple.com:10443/odata/v2/PalletService/CarrierDistinctPo('0470000173')",
                    "type": "PalletService.CarrierDistinctPo"
                },
                "PO_Number": "0470000173"
            },
            {
                "__metadata": {
                    "id": "https://olympusoem-dev-cp.corp.apple.com:10443/odata/v2/PalletService/CarrierDistinctPo('0470000175')",
                    "uri": "https://olympusoem-dev-cp.corp.apple.com:10443/odata/v2/PalletService/CarrierDistinctPo('0470000175')",
                    "type": "PalletService.CarrierDistinctPo"
                },
                "PO_Number": "0470000175"
            },
            {
                "__metadata": {
                    "id": "https://olympusoem-dev-cp.corp.apple.com:10443/odata/v2/PalletService/CarrierDistinctPo('0470000177')",
                    "uri": "https://olympusoem-dev-cp.corp.apple.com:10443/odata/v2/PalletService/CarrierDistinctPo('0470000177')",
                    "type": "PalletService.CarrierDistinctPo"
                },
                "PO_Number": "0470000177"
            },
            {
                "__metadata": {
                    "id": "https://olympusoem-dev-cp.corp.apple.com:10443/odata/v2/PalletService/CarrierDistinctPo('0470000178')",
                    "uri": "https://olympusoem-dev-cp.corp.apple.com:10443/odata/v2/PalletService/CarrierDistinctPo('0470000178')",
                    "type": "PalletService.CarrierDistinctPo"
                },
                "PO_Number": "0470000178"
            },
            {
                "__metadata": {
                    "id": "https://olympusoem-dev-cp.corp.apple.com:10443/odata/v2/PalletService/CarrierDistinctPo('0470000179')",
                    "uri": "https://olympusoem-dev-cp.corp.apple.com:10443/odata/v2/PalletService/CarrierDistinctPo('0470000179')",
                    "type": "PalletService.CarrierDistinctPo"
                },
                "PO_Number": "0470000179"
            },
            {
                "__metadata": {
                    "id": "https://olympusoem-dev-cp.corp.apple.com:10443/odata/v2/PalletService/CarrierDistinctPo('0470000180')",
                    "uri": "https://olympusoem-dev-cp.corp.apple.com:10443/odata/v2/PalletService/CarrierDistinctPo('0470000180')",
                    "type": "PalletService.CarrierDistinctPo"
                },
                "PO_Number": "0470000180"
            },
            {
                "__metadata": {
                    "id": "https://olympusoem-dev-cp.corp.apple.com:10443/odata/v2/PalletService/CarrierDistinctPo('0470000186')",
                    "uri": "https://olympusoem-dev-cp.corp.apple.com:10443/odata/v2/PalletService/CarrierDistinctPo('0470000186')",
                    "type": "PalletService.CarrierDistinctPo"
                },
                "PO_Number": "0470000186"
            },
            {
                "__metadata": {
                    "id": "https://olympusoem-dev-cp.corp.apple.com:10443/odata/v2/PalletService/CarrierDistinctPo('0470000187')",
                    "uri": "https://olympusoem-dev-cp.corp.apple.com:10443/odata/v2/PalletService/CarrierDistinctPo('0470000187')",
                    "type": "PalletService.CarrierDistinctPo"
                },
                "PO_Number": "0470000187"
            },
            {
                "__metadata": {
                    "id": "https://olympusoem-dev-cp.corp.apple.com:10443/odata/v2/PalletService/CarrierDistinctPo('0470000188')",
                    "uri": "https://olympusoem-dev-cp.corp.apple.com:10443/odata/v2/PalletService/CarrierDistinctPo('0470000188')",
                    "type": "PalletService.CarrierDistinctPo"
                },
                "PO_Number": "0470000188"
            },
            {
                "__metadata": {
                    "id": "https://olympusoem-dev-cp.corp.apple.com:10443/odata/v2/PalletService/CarrierDistinctPo('0470000192')",
                    "uri": "https://olympusoem-dev-cp.corp.apple.com:10443/odata/v2/PalletService/CarrierDistinctPo('0470000192')",
                    "type": "PalletService.CarrierDistinctPo"
                },
                "PO_Number": "0470000192"
            },
            {
                "__metadata": {
                    "id": "https://olympusoem-dev-cp.corp.apple.com:10443/odata/v2/PalletService/CarrierDistinctPo('0470000193')",
                    "uri": "https://olympusoem-dev-cp.corp.apple.com:10443/odata/v2/PalletService/CarrierDistinctPo('0470000193')",
                    "type": "PalletService.CarrierDistinctPo"
                },
                "PO_Number": "0470000193"
            },
            {
                "__metadata": {
                    "id": "https://olympusoem-dev-cp.corp.apple.com:10443/odata/v2/PalletService/CarrierDistinctPo('0470000194')",
                    "uri": "https://olympusoem-dev-cp.corp.apple.com:10443/odata/v2/PalletService/CarrierDistinctPo('0470000194')",
                    "type": "PalletService.CarrierDistinctPo"
                },
                "PO_Number": "0470000194"
            },
            {
                "__metadata": {
                    "id": "https://olympusoem-dev-cp.corp.apple.com:10443/odata/v2/PalletService/CarrierDistinctPo('0470000195')",
                    "uri": "https://olympusoem-dev-cp.corp.apple.com:10443/odata/v2/PalletService/CarrierDistinctPo('0470000195')",
                    "type": "PalletService.CarrierDistinctPo"
                },
                "PO_Number": "0470000195"
            },
            {
                "__metadata": {
                    "id": "https://olympusoem-dev-cp.corp.apple.com:10443/odata/v2/PalletService/CarrierDistinctPo('0470000199')",
                    "uri": "https://olympusoem-dev-cp.corp.apple.com:10443/odata/v2/PalletService/CarrierDistinctPo('0470000199')",
                    "type": "PalletService.CarrierDistinctPo"
                },
                "PO_Number": "0470000199"
            },
            {
                "__metadata": {
                    "id": "https://olympusoem-dev-cp.corp.apple.com:10443/odata/v2/PalletService/CarrierDistinctPo('0470000214')",
                    "uri": "https://olympusoem-dev-cp.corp.apple.com:10443/odata/v2/PalletService/CarrierDistinctPo('0470000214')",
                    "type": "PalletService.CarrierDistinctPo"
                },
                "PO_Number": "0470000214"
            },
            {
                "__metadata": {
                    "id": "https://olympusoem-dev-cp.corp.apple.com:10443/odata/v2/PalletService/CarrierDistinctPo('0470000216')",
                    "uri": "https://olympusoem-dev-cp.corp.apple.com:10443/odata/v2/PalletService/CarrierDistinctPo('0470000216')",
                    "type": "PalletService.CarrierDistinctPo"
                },
                "PO_Number": "0470000216"
            },
            {
                "__metadata": {
                    "id": "https://olympusoem-dev-cp.corp.apple.com:10443/odata/v2/PalletService/CarrierDistinctPo('0470000226')",
                    "uri": "https://olympusoem-dev-cp.corp.apple.com:10443/odata/v2/PalletService/CarrierDistinctPo('0470000226')",
                    "type": "PalletService.CarrierDistinctPo"
                },
                "PO_Number": "0470000226"
            },
            {
                "__metadata": {
                    "id": "https://olympusoem-dev-cp.corp.apple.com:10443/odata/v2/PalletService/CarrierDistinctPo('0470000227')",
                    "uri": "https://olympusoem-dev-cp.corp.apple.com:10443/odata/v2/PalletService/CarrierDistinctPo('0470000227')",
                    "type": "PalletService.CarrierDistinctPo"
                },
                "PO_Number": "0470000227"
            },
            {
                "__metadata": {
                    "id": "https://olympusoem-dev-cp.corp.apple.com:10443/odata/v2/PalletService/CarrierDistinctPo('0470000233')",
                    "uri": "https://olympusoem-dev-cp.corp.apple.com:10443/odata/v2/PalletService/CarrierDistinctPo('0470000233')",
                    "type": "PalletService.CarrierDistinctPo"
                },
                "PO_Number": "0470000233"
            },
            {
                "__metadata": {
                    "id": "https://olympusoem-dev-cp.corp.apple.com:10443/odata/v2/PalletService/CarrierDistinctPo('0470000235')",
                    "uri": "https://olympusoem-dev-cp.corp.apple.com:10443/odata/v2/PalletService/CarrierDistinctPo('0470000235')",
                    "type": "PalletService.CarrierDistinctPo"
                },
                "PO_Number": "0470000235"
            },
            {
                "__metadata": {
                    "id": "https://olympusoem-dev-cp.corp.apple.com:10443/odata/v2/PalletService/CarrierDistinctPo('0470000237')",
                    "uri": "https://olympusoem-dev-cp.corp.apple.com:10443/odata/v2/PalletService/CarrierDistinctPo('0470000237')",
                    "type": "PalletService.CarrierDistinctPo"
                },
                "PO_Number": "0470000237"
            },
            {
                "__metadata": {
                    "id": "https://olympusoem-dev-cp.corp.apple.com:10443/odata/v2/PalletService/CarrierDistinctPo('0470000239')",
                    "uri": "https://olympusoem-dev-cp.corp.apple.com:10443/odata/v2/PalletService/CarrierDistinctPo('0470000239')",
                    "type": "PalletService.CarrierDistinctPo"
                },
                "PO_Number": "0470000239"
            },
            {
                "__metadata": {
                    "id": "https://olympusoem-dev-cp.corp.apple.com:10443/odata/v2/PalletService/CarrierDistinctPo('0470000240')",
                    "uri": "https://olympusoem-dev-cp.corp.apple.com:10443/odata/v2/PalletService/CarrierDistinctPo('0470000240')",
                    "type": "PalletService.CarrierDistinctPo"
                },
                "PO_Number": "0470000240"
            },
            {
                "__metadata": {
                    "id": "https://olympusoem-dev-cp.corp.apple.com:10443/odata/v2/PalletService/CarrierDistinctPo('0470000249')",
                    "uri": "https://olympusoem-dev-cp.corp.apple.com:10443/odata/v2/PalletService/CarrierDistinctPo('0470000249')",
                    "type": "PalletService.CarrierDistinctPo"
                },
                "PO_Number": "0470000249"
            },
            {
                "__metadata": {
                    "id": "https://olympusoem-dev-cp.corp.apple.com:10443/odata/v2/PalletService/CarrierDistinctPo('0470000250')",
                    "uri": "https://olympusoem-dev-cp.corp.apple.com:10443/odata/v2/PalletService/CarrierDistinctPo('0470000250')",
                    "type": "PalletService.CarrierDistinctPo"
                },
                "PO_Number": "0470000250"
            },
            {
                "__metadata": {
                    "id": "https://olympusoem-dev-cp.corp.apple.com:10443/odata/v2/PalletService/CarrierDistinctPo('0470000252')",
                    "uri": "https://olympusoem-dev-cp.corp.apple.com:10443/odata/v2/PalletService/CarrierDistinctPo('0470000252')",
                    "type": "PalletService.CarrierDistinctPo"
                },
                "PO_Number": "0470000252"
            },
            {
                "__metadata": {
                    "id": "https://olympusoem-dev-cp.corp.apple.com:10443/odata/v2/PalletService/CarrierDistinctPo('0470000254')",
                    "uri": "https://olympusoem-dev-cp.corp.apple.com:10443/odata/v2/PalletService/CarrierDistinctPo('0470000254')",
                    "type": "PalletService.CarrierDistinctPo"
                },
                "PO_Number": "0470000254"
            },
            {
                "__metadata": {
                    "id": "https://olympusoem-dev-cp.corp.apple.com:10443/odata/v2/PalletService/CarrierDistinctPo('0470000256')",
                    "uri": "https://olympusoem-dev-cp.corp.apple.com:10443/odata/v2/PalletService/CarrierDistinctPo('0470000256')",
                    "type": "PalletService.CarrierDistinctPo"
                },
                "PO_Number": "0470000256"
            },
            {
                "__metadata": {
                    "id": "https://olympusoem-dev-cp.corp.apple.com:10443/odata/v2/PalletService/CarrierDistinctPo('0470000257')",
                    "uri": "https://olympusoem-dev-cp.corp.apple.com:10443/odata/v2/PalletService/CarrierDistinctPo('0470000257')",
                    "type": "PalletService.CarrierDistinctPo"
                },
                "PO_Number": "0470000257"
            },
            {
                "__metadata": {
                    "id": "https://olympusoem-dev-cp.corp.apple.com:10443/odata/v2/PalletService/CarrierDistinctPo('0470000261')",
                    "uri": "https://olympusoem-dev-cp.corp.apple.com:10443/odata/v2/PalletService/CarrierDistinctPo('0470000261')",
                    "type": "PalletService.CarrierDistinctPo"
                },
                "PO_Number": "0470000261"
            },
            {
                "__metadata": {
                    "id": "https://olympusoem-dev-cp.corp.apple.com:10443/odata/v2/PalletService/CarrierDistinctPo('0470000265')",
                    "uri": "https://olympusoem-dev-cp.corp.apple.com:10443/odata/v2/PalletService/CarrierDistinctPo('0470000265')",
                    "type": "PalletService.CarrierDistinctPo"
                },
                "PO_Number": "0470000265"
            },
            {
                "__metadata": {
                    "id": "https://olympusoem-dev-cp.corp.apple.com:10443/odata/v2/PalletService/CarrierDistinctPo('0470000266')",
                    "uri": "https://olympusoem-dev-cp.corp.apple.com:10443/odata/v2/PalletService/CarrierDistinctPo('0470000266')",
                    "type": "PalletService.CarrierDistinctPo"
                },
                "PO_Number": "0470000266"
            },
            {
                "__metadata": {
                    "id": "https://olympusoem-dev-cp.corp.apple.com:10443/odata/v2/PalletService/CarrierDistinctPo('0470000267')",
                    "uri": "https://olympusoem-dev-cp.corp.apple.com:10443/odata/v2/PalletService/CarrierDistinctPo('0470000267')",
                    "type": "PalletService.CarrierDistinctPo"
                },
                "PO_Number": "0470000267"
            },
            {
                "__metadata": {
                    "id": "https://olympusoem-dev-cp.corp.apple.com:10443/odata/v2/PalletService/CarrierDistinctPo('0470000268')",
                    "uri": "https://olympusoem-dev-cp.corp.apple.com:10443/odata/v2/PalletService/CarrierDistinctPo('0470000268')",
                    "type": "PalletService.CarrierDistinctPo"
                },
                "PO_Number": "0470000268"
            },
            {
                "__metadata": {
                    "id": "https://olympusoem-dev-cp.corp.apple.com:10443/odata/v2/PalletService/CarrierDistinctPo('0470000269')",
                    "uri": "https://olympusoem-dev-cp.corp.apple.com:10443/odata/v2/PalletService/CarrierDistinctPo('0470000269')",
                    "type": "PalletService.CarrierDistinctPo"
                },
                "PO_Number": "0470000269"
            },
            {
                "__metadata": {
                    "id": "https://olympusoem-dev-cp.corp.apple.com:10443/odata/v2/PalletService/CarrierDistinctPo('0470000272')",
                    "uri": "https://olympusoem-dev-cp.corp.apple.com:10443/odata/v2/PalletService/CarrierDistinctPo('0470000272')",
                    "type": "PalletService.CarrierDistinctPo"
                },
                "PO_Number": "0470000272"
            },
            {
                "__metadata": {
                    "id": "https://olympusoem-dev-cp.corp.apple.com:10443/odata/v2/PalletService/CarrierDistinctPo('0470000273')",
                    "uri": "https://olympusoem-dev-cp.corp.apple.com:10443/odata/v2/PalletService/CarrierDistinctPo('0470000273')",
                    "type": "PalletService.CarrierDistinctPo"
                },
                "PO_Number": "0470000273"
            },
            {
                "__metadata": {
                    "id": "https://olympusoem-dev-cp.corp.apple.com:10443/odata/v2/PalletService/CarrierDistinctPo('0470000279')",
                    "uri": "https://olympusoem-dev-cp.corp.apple.com:10443/odata/v2/PalletService/CarrierDistinctPo('0470000279')",
                    "type": "PalletService.CarrierDistinctPo"
                },
                "PO_Number": "0470000279"
            },
            {
                "__metadata": {
                    "id": "https://olympusoem-dev-cp.corp.apple.com:10443/odata/v2/PalletService/CarrierDistinctPo('0470000280')",
                    "uri": "https://olympusoem-dev-cp.corp.apple.com:10443/odata/v2/PalletService/CarrierDistinctPo('0470000280')",
                    "type": "PalletService.CarrierDistinctPo"
                },
                "PO_Number": "0470000280"
            },
            {
                "__metadata": {
                    "id": "https://olympusoem-dev-cp.corp.apple.com:10443/odata/v2/PalletService/CarrierDistinctPo('0470000284')",
                    "uri": "https://olympusoem-dev-cp.corp.apple.com:10443/odata/v2/PalletService/CarrierDistinctPo('0470000284')",
                    "type": "PalletService.CarrierDistinctPo"
                },
                "PO_Number": "0470000284"
            },
            {
                "__metadata": {
                    "id": "https://olympusoem-dev-cp.corp.apple.com:10443/odata/v2/PalletService/CarrierDistinctPo('0470000285')",
                    "uri": "https://olympusoem-dev-cp.corp.apple.com:10443/odata/v2/PalletService/CarrierDistinctPo('0470000285')",
                    "type": "PalletService.CarrierDistinctPo"
                },
                "PO_Number": "0470000285"
            },
            {
                "__metadata": {
                    "id": "https://olympusoem-dev-cp.corp.apple.com:10443/odata/v2/PalletService/CarrierDistinctPo('0470000286')",
                    "uri": "https://olympusoem-dev-cp.corp.apple.com:10443/odata/v2/PalletService/CarrierDistinctPo('0470000286')",
                    "type": "PalletService.CarrierDistinctPo"
                },
                "PO_Number": "0470000286"
            },
            {
                "__metadata": {
                    "id": "https://olympusoem-dev-cp.corp.apple.com:10443/odata/v2/PalletService/CarrierDistinctPo('0470000295')",
                    "uri": "https://olympusoem-dev-cp.corp.apple.com:10443/odata/v2/PalletService/CarrierDistinctPo('0470000295')",
                    "type": "PalletService.CarrierDistinctPo"
                },
                "PO_Number": "0470000295"
            },
            {
                "__metadata": {
                    "id": "https://olympusoem-dev-cp.corp.apple.com:10443/odata/v2/PalletService/CarrierDistinctPo('0470000297')",
                    "uri": "https://olympusoem-dev-cp.corp.apple.com:10443/odata/v2/PalletService/CarrierDistinctPo('0470000297')",
                    "type": "PalletService.CarrierDistinctPo"
                },
                "PO_Number": "0470000297"
            },
            {
                "__metadata": {
                    "id": "https://olympusoem-dev-cp.corp.apple.com:10443/odata/v2/PalletService/CarrierDistinctPo('0470000302')",
                    "uri": "https://olympusoem-dev-cp.corp.apple.com:10443/odata/v2/PalletService/CarrierDistinctPo('0470000302')",
                    "type": "PalletService.CarrierDistinctPo"
                },
                "PO_Number": "0470000302"
            },
            {
                "__metadata": {
                    "id": "https://olympusoem-dev-cp.corp.apple.com:10443/odata/v2/PalletService/CarrierDistinctPo('0470000305')",
                    "uri": "https://olympusoem-dev-cp.corp.apple.com:10443/odata/v2/PalletService/CarrierDistinctPo('0470000305')",
                    "type": "PalletService.CarrierDistinctPo"
                },
                "PO_Number": "0470000305"
            },
            {
                "__metadata": {
                    "id": "https://olympusoem-dev-cp.corp.apple.com:10443/odata/v2/PalletService/CarrierDistinctPo('0470000307')",
                    "uri": "https://olympusoem-dev-cp.corp.apple.com:10443/odata/v2/PalletService/CarrierDistinctPo('0470000307')",
                    "type": "PalletService.CarrierDistinctPo"
                },
                "PO_Number": "0470000307"
            },
            {
                "__metadata": {
                    "id": "https://olympusoem-dev-cp.corp.apple.com:10443/odata/v2/PalletService/CarrierDistinctPo('0470000309')",
                    "uri": "https://olympusoem-dev-cp.corp.apple.com:10443/odata/v2/PalletService/CarrierDistinctPo('0470000309')",
                    "type": "PalletService.CarrierDistinctPo"
                },
                "PO_Number": "0470000309"
            },
            {
                "__metadata": {
                    "id": "https://olympusoem-dev-cp.corp.apple.com:10443/odata/v2/PalletService/CarrierDistinctPo('0470000310')",
                    "uri": "https://olympusoem-dev-cp.corp.apple.com:10443/odata/v2/PalletService/CarrierDistinctPo('0470000310')",
                    "type": "PalletService.CarrierDistinctPo"
                },
                "PO_Number": "0470000310"
            },
            {
                "__metadata": {
                    "id": "https://olympusoem-dev-cp.corp.apple.com:10443/odata/v2/PalletService/CarrierDistinctPo('0470000311')",
                    "uri": "https://olympusoem-dev-cp.corp.apple.com:10443/odata/v2/PalletService/CarrierDistinctPo('0470000311')",
                    "type": "PalletService.CarrierDistinctPo"
                },
                "PO_Number": "0470000311"
            },
            {
                "__metadata": {
                    "id": "https://olympusoem-dev-cp.corp.apple.com:10443/odata/v2/PalletService/CarrierDistinctPo('0470000312')",
                    "uri": "https://olympusoem-dev-cp.corp.apple.com:10443/odata/v2/PalletService/CarrierDistinctPo('0470000312')",
                    "type": "PalletService.CarrierDistinctPo"
                },
                "PO_Number": "0470000312"
            },
            {
                "__metadata": {
                    "id": "https://olympusoem-dev-cp.corp.apple.com:10443/odata/v2/PalletService/CarrierDistinctPo('0470000313')",
                    "uri": "https://olympusoem-dev-cp.corp.apple.com:10443/odata/v2/PalletService/CarrierDistinctPo('0470000313')",
                    "type": "PalletService.CarrierDistinctPo"
                },
                "PO_Number": "0470000313"
            },
            {
                "__metadata": {
                    "id": "https://olympusoem-dev-cp.corp.apple.com:10443/odata/v2/PalletService/CarrierDistinctPo('0470000314')",
                    "uri": "https://olympusoem-dev-cp.corp.apple.com:10443/odata/v2/PalletService/CarrierDistinctPo('0470000314')",
                    "type": "PalletService.CarrierDistinctPo"
                },
                "PO_Number": "0470000314"
            },
            {
                "__metadata": {
                    "id": "https://olympusoem-dev-cp.corp.apple.com:10443/odata/v2/PalletService/CarrierDistinctPo('0470000315')",
                    "uri": "https://olympusoem-dev-cp.corp.apple.com:10443/odata/v2/PalletService/CarrierDistinctPo('0470000315')",
                    "type": "PalletService.CarrierDistinctPo"
                },
                "PO_Number": "0470000315"
            },
            {
                "__metadata": {
                    "id": "https://olympusoem-dev-cp.corp.apple.com:10443/odata/v2/PalletService/CarrierDistinctPo('0470000317')",
                    "uri": "https://olympusoem-dev-cp.corp.apple.com:10443/odata/v2/PalletService/CarrierDistinctPo('0470000317')",
                    "type": "PalletService.CarrierDistinctPo"
                },
                "PO_Number": "0470000317"
            },
            {
                "__metadata": {
                    "id": "https://olympusoem-dev-cp.corp.apple.com:10443/odata/v2/PalletService/CarrierDistinctPo('0470000321')",
                    "uri": "https://olympusoem-dev-cp.corp.apple.com:10443/odata/v2/PalletService/CarrierDistinctPo('0470000321')",
                    "type": "PalletService.CarrierDistinctPo"
                },
                "PO_Number": "0470000321"
            },
            {
                "__metadata": {
                    "id": "https://olympusoem-dev-cp.corp.apple.com:10443/odata/v2/PalletService/CarrierDistinctPo('0470000322')",
                    "uri": "https://olympusoem-dev-cp.corp.apple.com:10443/odata/v2/PalletService/CarrierDistinctPo('0470000322')",
                    "type": "PalletService.CarrierDistinctPo"
                },
                "PO_Number": "0470000322"
            },
            {
                "__metadata": {
                    "id": "https://olympusoem-dev-cp.corp.apple.com:10443/odata/v2/PalletService/CarrierDistinctPo('0470000323')",
                    "uri": "https://olympusoem-dev-cp.corp.apple.com:10443/odata/v2/PalletService/CarrierDistinctPo('0470000323')",
                    "type": "PalletService.CarrierDistinctPo"
                },
                "PO_Number": "0470000323"
            },
            {
                "__metadata": {
                    "id": "https://olympusoem-dev-cp.corp.apple.com:10443/odata/v2/PalletService/CarrierDistinctPo('0470000326')",
                    "uri": "https://olympusoem-dev-cp.corp.apple.com:10443/odata/v2/PalletService/CarrierDistinctPo('0470000326')",
                    "type": "PalletService.CarrierDistinctPo"
                },
                "PO_Number": "0470000326"
            },
            {
                "__metadata": {
                    "id": "https://olympusoem-dev-cp.corp.apple.com:10443/odata/v2/PalletService/CarrierDistinctPo('0470000327')",
                    "uri": "https://olympusoem-dev-cp.corp.apple.com:10443/odata/v2/PalletService/CarrierDistinctPo('0470000327')",
                    "type": "PalletService.CarrierDistinctPo"
                },
                "PO_Number": "0470000327"
            },
            {
                "__metadata": {
                    "id": "https://olympusoem-dev-cp.corp.apple.com:10443/odata/v2/PalletService/CarrierDistinctPo('0470000328')",
                    "uri": "https://olympusoem-dev-cp.corp.apple.com:10443/odata/v2/PalletService/CarrierDistinctPo('0470000328')",
                    "type": "PalletService.CarrierDistinctPo"
                },
                "PO_Number": "0470000328"
            },
            {
                "__metadata": {
                    "id": "https://olympusoem-dev-cp.corp.apple.com:10443/odata/v2/PalletService/CarrierDistinctPo('0470000330')",
                    "uri": "https://olympusoem-dev-cp.corp.apple.com:10443/odata/v2/PalletService/CarrierDistinctPo('0470000330')",
                    "type": "PalletService.CarrierDistinctPo"
                },
                "PO_Number": "0470000330"
            },
            {
                "__metadata": {
                    "id": "https://olympusoem-dev-cp.corp.apple.com:10443/odata/v2/PalletService/CarrierDistinctPo('0470000331')",
                    "uri": "https://olympusoem-dev-cp.corp.apple.com:10443/odata/v2/PalletService/CarrierDistinctPo('0470000331')",
                    "type": "PalletService.CarrierDistinctPo"
                },
                "PO_Number": "0470000331"
            },
            {
                "__metadata": {
                    "id": "https://olympusoem-dev-cp.corp.apple.com:10443/odata/v2/PalletService/CarrierDistinctPo('0470000332')",
                    "uri": "https://olympusoem-dev-cp.corp.apple.com:10443/odata/v2/PalletService/CarrierDistinctPo('0470000332')",
                    "type": "PalletService.CarrierDistinctPo"
                },
                "PO_Number": "0470000332"
            },
            {
                "__metadata": {
                    "id": "https://olympusoem-dev-cp.corp.apple.com:10443/odata/v2/PalletService/CarrierDistinctPo('0470000334')",
                    "uri": "https://olympusoem-dev-cp.corp.apple.com:10443/odata/v2/PalletService/CarrierDistinctPo('0470000334')",
                    "type": "PalletService.CarrierDistinctPo"
                },
                "PO_Number": "0470000334"
            },
            {
                "__metadata": {
                    "id": "https://olympusoem-dev-cp.corp.apple.com:10443/odata/v2/PalletService/CarrierDistinctPo('0470000335')",
                    "uri": "https://olympusoem-dev-cp.corp.apple.com:10443/odata/v2/PalletService/CarrierDistinctPo('0470000335')",
                    "type": "PalletService.CarrierDistinctPo"
                },
                "PO_Number": "0470000335"
            },
            {
                "__metadata": {
                    "id": "https://olympusoem-dev-cp.corp.apple.com:10443/odata/v2/PalletService/CarrierDistinctPo('0470000340')",
                    "uri": "https://olympusoem-dev-cp.corp.apple.com:10443/odata/v2/PalletService/CarrierDistinctPo('0470000340')",
                    "type": "PalletService.CarrierDistinctPo"
                },
                "PO_Number": "0470000340"
            },
            {
                "__metadata": {
                    "id": "https://olympusoem-dev-cp.corp.apple.com:10443/odata/v2/PalletService/CarrierDistinctPo('0470000343')",
                    "uri": "https://olympusoem-dev-cp.corp.apple.com:10443/odata/v2/PalletService/CarrierDistinctPo('0470000343')",
                    "type": "PalletService.CarrierDistinctPo"
                },
                "PO_Number": "0470000343"
            },
            {
                "__metadata": {
                    "id": "https://olympusoem-dev-cp.corp.apple.com:10443/odata/v2/PalletService/CarrierDistinctPo('0470000344')",
                    "uri": "https://olympusoem-dev-cp.corp.apple.com:10443/odata/v2/PalletService/CarrierDistinctPo('0470000344')",
                    "type": "PalletService.CarrierDistinctPo"
                },
                "PO_Number": "0470000344"
            },
            {
                "__metadata": {
                    "id": "https://olympusoem-dev-cp.corp.apple.com:10443/odata/v2/PalletService/CarrierDistinctPo('0470000345')",
                    "uri": "https://olympusoem-dev-cp.corp.apple.com:10443/odata/v2/PalletService/CarrierDistinctPo('0470000345')",
                    "type": "PalletService.CarrierDistinctPo"
                },
                "PO_Number": "0470000345"
            },
            {
                "__metadata": {
                    "id": "https://olympusoem-dev-cp.corp.apple.com:10443/odata/v2/PalletService/CarrierDistinctPo('0470000346')",
                    "uri": "https://olympusoem-dev-cp.corp.apple.com:10443/odata/v2/PalletService/CarrierDistinctPo('0470000346')",
                    "type": "PalletService.CarrierDistinctPo"
                },
                "PO_Number": "0470000346"
            },
            {
                "__metadata": {
                    "id": "https://olympusoem-dev-cp.corp.apple.com:10443/odata/v2/PalletService/CarrierDistinctPo('0470000347')",
                    "uri": "https://olympusoem-dev-cp.corp.apple.com:10443/odata/v2/PalletService/CarrierDistinctPo('0470000347')",
                    "type": "PalletService.CarrierDistinctPo"
                },
                "PO_Number": "0470000347"
            },
            {
                "__metadata": {
                    "id": "https://olympusoem-dev-cp.corp.apple.com:10443/odata/v2/PalletService/CarrierDistinctPo('0470000349')",
                    "uri": "https://olympusoem-dev-cp.corp.apple.com:10443/odata/v2/PalletService/CarrierDistinctPo('0470000349')",
                    "type": "PalletService.CarrierDistinctPo"
                },
                "PO_Number": "0470000349"
            },
            {
                "__metadata": {
                    "id": "https://olympusoem-dev-cp.corp.apple.com:10443/odata/v2/PalletService/CarrierDistinctPo('0470000350')",
                    "uri": "https://olympusoem-dev-cp.corp.apple.com:10443/odata/v2/PalletService/CarrierDistinctPo('0470000350')",
                    "type": "PalletService.CarrierDistinctPo"
                },
                "PO_Number": "0470000350"
            },
            {
                "__metadata": {
                    "id": "https://olympusoem-dev-cp.corp.apple.com:10443/odata/v2/PalletService/CarrierDistinctPo('0470000352')",
                    "uri": "https://olympusoem-dev-cp.corp.apple.com:10443/odata/v2/PalletService/CarrierDistinctPo('0470000352')",
                    "type": "PalletService.CarrierDistinctPo"
                },
                "PO_Number": "0470000352"
            },
            {
                "__metadata": {
                    "id": "https://olympusoem-dev-cp.corp.apple.com:10443/odata/v2/PalletService/CarrierDistinctPo('0470000353')",
                    "uri": "https://olympusoem-dev-cp.corp.apple.com:10443/odata/v2/PalletService/CarrierDistinctPo('0470000353')",
                    "type": "PalletService.CarrierDistinctPo"
                },
                "PO_Number": "0470000353"
            },
            {
                "__metadata": {
                    "id": "https://olympusoem-dev-cp.corp.apple.com:10443/odata/v2/PalletService/CarrierDistinctPo('0470000354')",
                    "uri": "https://olympusoem-dev-cp.corp.apple.com:10443/odata/v2/PalletService/CarrierDistinctPo('0470000354')",
                    "type": "PalletService.CarrierDistinctPo"
                },
                "PO_Number": "0470000354"
            },
            {
                "__metadata": {
                    "id": "https://olympusoem-dev-cp.corp.apple.com:10443/odata/v2/PalletService/CarrierDistinctPo('0470000356')",
                    "uri": "https://olympusoem-dev-cp.corp.apple.com:10443/odata/v2/PalletService/CarrierDistinctPo('0470000356')",
                    "type": "PalletService.CarrierDistinctPo"
                },
                "PO_Number": "0470000356"
            },
            {
                "__metadata": {
                    "id": "https://olympusoem-dev-cp.corp.apple.com:10443/odata/v2/PalletService/CarrierDistinctPo('0470000359')",
                    "uri": "https://olympusoem-dev-cp.corp.apple.com:10443/odata/v2/PalletService/CarrierDistinctPo('0470000359')",
                    "type": "PalletService.CarrierDistinctPo"
                },
                "PO_Number": "0470000359"
            },
            {
                "__metadata": {
                    "id": "https://olympusoem-dev-cp.corp.apple.com:10443/odata/v2/PalletService/CarrierDistinctPo('0470000361')",
                    "uri": "https://olympusoem-dev-cp.corp.apple.com:10443/odata/v2/PalletService/CarrierDistinctPo('0470000361')",
                    "type": "PalletService.CarrierDistinctPo"
                },
                "PO_Number": "0470000361"
            },
            {
                "__metadata": {
                    "id": "https://olympusoem-dev-cp.corp.apple.com:10443/odata/v2/PalletService/CarrierDistinctPo('0470000363')",
                    "uri": "https://olympusoem-dev-cp.corp.apple.com:10443/odata/v2/PalletService/CarrierDistinctPo('0470000363')",
                    "type": "PalletService.CarrierDistinctPo"
                },
                "PO_Number": "0470000363"
            },
            {
                "__metadata": {
                    "id": "https://olympusoem-dev-cp.corp.apple.com:10443/odata/v2/PalletService/CarrierDistinctPo('0470000364')",
                    "uri": "https://olympusoem-dev-cp.corp.apple.com:10443/odata/v2/PalletService/CarrierDistinctPo('0470000364')",
                    "type": "PalletService.CarrierDistinctPo"
                },
                "PO_Number": "0470000364"
            },
            {
                "__metadata": {
                    "id": "https://olympusoem-dev-cp.corp.apple.com:10443/odata/v2/PalletService/CarrierDistinctPo('0470000365')",
                    "uri": "https://olympusoem-dev-cp.corp.apple.com:10443/odata/v2/PalletService/CarrierDistinctPo('0470000365')",
                    "type": "PalletService.CarrierDistinctPo"
                },
                "PO_Number": "0470000365"
            },
            {
                "__metadata": {
                    "id": "https://olympusoem-dev-cp.corp.apple.com:10443/odata/v2/PalletService/CarrierDistinctPo('0470000366')",
                    "uri": "https://olympusoem-dev-cp.corp.apple.com:10443/odata/v2/PalletService/CarrierDistinctPo('0470000366')",
                    "type": "PalletService.CarrierDistinctPo"
                },
                "PO_Number": "0470000366"
            },
            {
                "__metadata": {
                    "id": "https://olympusoem-dev-cp.corp.apple.com:10443/odata/v2/PalletService/CarrierDistinctPo('0470000367')",
                    "uri": "https://olympusoem-dev-cp.corp.apple.com:10443/odata/v2/PalletService/CarrierDistinctPo('0470000367')",
                    "type": "PalletService.CarrierDistinctPo"
                },
                "PO_Number": "0470000367"
            },
            {
                "__metadata": {
                    "id": "https://olympusoem-dev-cp.corp.apple.com:10443/odata/v2/PalletService/CarrierDistinctPo('0470000368')",
                    "uri": "https://olympusoem-dev-cp.corp.apple.com:10443/odata/v2/PalletService/CarrierDistinctPo('0470000368')",
                    "type": "PalletService.CarrierDistinctPo"
                },
                "PO_Number": "0470000368"
            },
            {
                "__metadata": {
                    "id": "https://olympusoem-dev-cp.corp.apple.com:10443/odata/v2/PalletService/CarrierDistinctPo('0470000369')",
                    "uri": "https://olympusoem-dev-cp.corp.apple.com:10443/odata/v2/PalletService/CarrierDistinctPo('0470000369')",
                    "type": "PalletService.CarrierDistinctPo"
                },
                "PO_Number": "0470000369"
            },
            {
                "__metadata": {
                    "id": "https://olympusoem-dev-cp.corp.apple.com:10443/odata/v2/PalletService/CarrierDistinctPo('0470000370')",
                    "uri": "https://olympusoem-dev-cp.corp.apple.com:10443/odata/v2/PalletService/CarrierDistinctPo('0470000370')",
                    "type": "PalletService.CarrierDistinctPo"
                },
                "PO_Number": "0470000370"
            },
            {
                "__metadata": {
                    "id": "https://olympusoem-dev-cp.corp.apple.com:10443/odata/v2/PalletService/CarrierDistinctPo('0470000374')",
                    "uri": "https://olympusoem-dev-cp.corp.apple.com:10443/odata/v2/PalletService/CarrierDistinctPo('0470000374')",
                    "type": "PalletService.CarrierDistinctPo"
                },
                "PO_Number": "0470000374"
            },
            {
                "__metadata": {
                    "id": "https://olympusoem-dev-cp.corp.apple.com:10443/odata/v2/PalletService/CarrierDistinctPo('0470000375')",
                    "uri": "https://olympusoem-dev-cp.corp.apple.com:10443/odata/v2/PalletService/CarrierDistinctPo('0470000375')",
                    "type": "PalletService.CarrierDistinctPo"
                },
                "PO_Number": "0470000375"
            },
            {
                "__metadata": {
                    "id": "https://olympusoem-dev-cp.corp.apple.com:10443/odata/v2/PalletService/CarrierDistinctPo('0470000376')",
                    "uri": "https://olympusoem-dev-cp.corp.apple.com:10443/odata/v2/PalletService/CarrierDistinctPo('0470000376')",
                    "type": "PalletService.CarrierDistinctPo"
                },
                "PO_Number": "0470000376"
            },
            {
                "__metadata": {
                    "id": "https://olympusoem-dev-cp.corp.apple.com:10443/odata/v2/PalletService/CarrierDistinctPo('0470000377')",
                    "uri": "https://olympusoem-dev-cp.corp.apple.com:10443/odata/v2/PalletService/CarrierDistinctPo('0470000377')",
                    "type": "PalletService.CarrierDistinctPo"
                },
                "PO_Number": "0470000377"
            },
            {
                "__metadata": {
                    "id": "https://olympusoem-dev-cp.corp.apple.com:10443/odata/v2/PalletService/CarrierDistinctPo('0470000378')",
                    "uri": "https://olympusoem-dev-cp.corp.apple.com:10443/odata/v2/PalletService/CarrierDistinctPo('0470000378')",
                    "type": "PalletService.CarrierDistinctPo"
                },
                "PO_Number": "0470000378"
            },
            {
                "__metadata": {
                    "id": "https://olympusoem-dev-cp.corp.apple.com:10443/odata/v2/PalletService/CarrierDistinctPo('0470000379')",
                    "uri": "https://olympusoem-dev-cp.corp.apple.com:10443/odata/v2/PalletService/CarrierDistinctPo('0470000379')",
                    "type": "PalletService.CarrierDistinctPo"
                },
                "PO_Number": "0470000379"
            },
            {
                "__metadata": {
                    "id": "https://olympusoem-dev-cp.corp.apple.com:10443/odata/v2/PalletService/CarrierDistinctPo('0470000380')",
                    "uri": "https://olympusoem-dev-cp.corp.apple.com:10443/odata/v2/PalletService/CarrierDistinctPo('0470000380')",
                    "type": "PalletService.CarrierDistinctPo"
                },
                "PO_Number": "0470000380"
            },
            {
                "__metadata": {
                    "id": "https://olympusoem-dev-cp.corp.apple.com:10443/odata/v2/PalletService/CarrierDistinctPo('0470000381')",
                    "uri": "https://olympusoem-dev-cp.corp.apple.com:10443/odata/v2/PalletService/CarrierDistinctPo('0470000381')",
                    "type": "PalletService.CarrierDistinctPo"
                },
                "PO_Number": "0470000381"
            },
            {
                "__metadata": {
                    "id": "https://olympusoem-dev-cp.corp.apple.com:10443/odata/v2/PalletService/CarrierDistinctPo('0470000382')",
                    "uri": "https://olympusoem-dev-cp.corp.apple.com:10443/odata/v2/PalletService/CarrierDistinctPo('0470000382')",
                    "type": "PalletService.CarrierDistinctPo"
                },
                "PO_Number": "0470000382"
            },
            {
                "__metadata": {
                    "id": "https://olympusoem-dev-cp.corp.apple.com:10443/odata/v2/PalletService/CarrierDistinctPo('0470000383')",
                    "uri": "https://olympusoem-dev-cp.corp.apple.com:10443/odata/v2/PalletService/CarrierDistinctPo('0470000383')",
                    "type": "PalletService.CarrierDistinctPo"
                },
                "PO_Number": "0470000383"
            },
            {
                "__metadata": {
                    "id": "https://olympusoem-dev-cp.corp.apple.com:10443/odata/v2/PalletService/CarrierDistinctPo('0470000386')",
                    "uri": "https://olympusoem-dev-cp.corp.apple.com:10443/odata/v2/PalletService/CarrierDistinctPo('0470000386')",
                    "type": "PalletService.CarrierDistinctPo"
                },
                "PO_Number": "0470000386"
            },
            {
                "__metadata": {
                    "id": "https://olympusoem-dev-cp.corp.apple.com:10443/odata/v2/PalletService/CarrierDistinctPo('0470000387')",
                    "uri": "https://olympusoem-dev-cp.corp.apple.com:10443/odata/v2/PalletService/CarrierDistinctPo('0470000387')",
                    "type": "PalletService.CarrierDistinctPo"
                },
                "PO_Number": "0470000387"
            },
            {
                "__metadata": {
                    "id": "https://olympusoem-dev-cp.corp.apple.com:10443/odata/v2/PalletService/CarrierDistinctPo('0470000388')",
                    "uri": "https://olympusoem-dev-cp.corp.apple.com:10443/odata/v2/PalletService/CarrierDistinctPo('0470000388')",
                    "type": "PalletService.CarrierDistinctPo"
                },
                "PO_Number": "0470000388"
            },
            {
                "__metadata": {
                    "id": "https://olympusoem-dev-cp.corp.apple.com:10443/odata/v2/PalletService/CarrierDistinctPo('0470000390')",
                    "uri": "https://olympusoem-dev-cp.corp.apple.com:10443/odata/v2/PalletService/CarrierDistinctPo('0470000390')",
                    "type": "PalletService.CarrierDistinctPo"
                },
                "PO_Number": "0470000390"
            },
            {
                "__metadata": {
                    "id": "https://olympusoem-dev-cp.corp.apple.com:10443/odata/v2/PalletService/CarrierDistinctPo('0470000391')",
                    "uri": "https://olympusoem-dev-cp.corp.apple.com:10443/odata/v2/PalletService/CarrierDistinctPo('0470000391')",
                    "type": "PalletService.CarrierDistinctPo"
                },
                "PO_Number": "0470000391"
            },
            {
                "__metadata": {
                    "id": "https://olympusoem-dev-cp.corp.apple.com:10443/odata/v2/PalletService/CarrierDistinctPo('0470000392')",
                    "uri": "https://olympusoem-dev-cp.corp.apple.com:10443/odata/v2/PalletService/CarrierDistinctPo('0470000392')",
                    "type": "PalletService.CarrierDistinctPo"
                },
                "PO_Number": "0470000392"
            },
            {
                "__metadata": {
                    "id": "https://olympusoem-dev-cp.corp.apple.com:10443/odata/v2/PalletService/CarrierDistinctPo('0470000393')",
                    "uri": "https://olympusoem-dev-cp.corp.apple.com:10443/odata/v2/PalletService/CarrierDistinctPo('0470000393')",
                    "type": "PalletService.CarrierDistinctPo"
                },
                "PO_Number": "0470000393"
            },
            {
                "__metadata": {
                    "id": "https://olympusoem-dev-cp.corp.apple.com:10443/odata/v2/PalletService/CarrierDistinctPo('0470000395')",
                    "uri": "https://olympusoem-dev-cp.corp.apple.com:10443/odata/v2/PalletService/CarrierDistinctPo('0470000395')",
                    "type": "PalletService.CarrierDistinctPo"
                },
                "PO_Number": "0470000395"
            },
            {
                "__metadata": {
                    "id": "https://olympusoem-dev-cp.corp.apple.com:10443/odata/v2/PalletService/CarrierDistinctPo('0470000396')",
                    "uri": "https://olympusoem-dev-cp.corp.apple.com:10443/odata/v2/PalletService/CarrierDistinctPo('0470000396')",
                    "type": "PalletService.CarrierDistinctPo"
                },
                "PO_Number": "0470000396"
            },
            {
                "__metadata": {
                    "id": "https://olympusoem-dev-cp.corp.apple.com:10443/odata/v2/PalletService/CarrierDistinctPo('0470000398')",
                    "uri": "https://olympusoem-dev-cp.corp.apple.com:10443/odata/v2/PalletService/CarrierDistinctPo('0470000398')",
                    "type": "PalletService.CarrierDistinctPo"
                },
                "PO_Number": "0470000398"
            }
        ]
    }
}