{
    "d": {
        "results": [
            {
                "__metadata": {
                    "id": "https://olympusoem-dev-cp.corp.apple.com:10443/odata/v2/PalletService/CarrierLabelData(Creation_Date='19990923',PO_Number='0470000000',Item_Number='00010',Description='Test%20Asset%201',Schedule_Line_Number='0001',Order_Quantity=1.000M,Open_Quantity=0,Material='',Ship_Date='19990923',Plant='5601',Quantity_Input=0.000M,Vendor='00029200A',Print_Status='NOT%20PRINTED')",
                    "uri": "https://olympusoem-dev-cp.corp.apple.com:10443/odata/v2/PalletService/CarrierLabelData(Creation_Date='19990923',PO_Number='0470000000',Item_Number='00010',Description='Test%20Asset%201',Schedule_Line_Number='0001',Order_Quantity=1.000M,Open_Quantity=0,Material='',Ship_Date='19990923',Plant='5601',Quantity_Input=0.000M,Vendor='00029200A',Print_Status='NOT%20PRINTED')",
                    "type": "PalletService.CarrierLabelData"
                },
                "Creation_Date": "19990923",
                "PO_Number": "0470000000",
                "Item_Number": "00010",
                "Description": "Test Asset 1",
                "Schedule_Line_Number": "0001",
                "Order_Quantity": "1.000",
                "Open_Quantity": 50,
                "Material": "",
                "Plant": "6401",
                "Quantity_Input": "0.000",
                "Vendor": "00029200A",
                "Print_Status": "NOT PRINTED"
            },
            {
                "__metadata": {
                    "id": "https://olympusoem-dev-cp.corp.apple.com:10443/odata/v2/PalletService/CarrierLabelData(Creation_Date='19990923',PO_Number='0470000000',Item_Number='00020',Description='Test%20Asset%201',Schedule_Line_Number='0001',Order_Quantity=2.000M,Open_Quantity=0,Material='',Ship_Date='19990923',Plant='5601',Quantity_Input=0.000M,Vendor='00029200A',Print_Status='NOT%20PRINTED')",
                    "uri": "https://olympusoem-dev-cp.corp.apple.com:10443/odata/v2/PalletService/CarrierLabelData(Creation_Date='19990923',PO_Number='0470000000',Item_Number='00020',Description='Test%20Asset%201',Schedule_Line_Number='0001',Order_Quantity=2.000M,Open_Quantity=0,Material='',Ship_Date='19990923',Plant='5601',Quantity_Input=0.000M,Vendor='00029200A',Print_Status='NOT%20PRINTED')",
                    "type": "PalletService.CarrierLabelData"
                },
                "Creation_Date": "19990923",
                "PO_Number": "0470000000",
                "Item_Number": "00020",
                "Description": "Test Asset 1",
                "Schedule_Line_Number": "0001",
                "Order_Quantity": "2.000",
                "Open_Quantity": 0,
                "Material": "",
                "Plant": "5601",
                "Quantity_Input": "0.000",
                "Vendor": "00029200A",
                "Print_Status": "NOT PRINTED"
            },
            {
                "__metadata": {
                    "id": "https://olympusoem-dev-cp.corp.apple.com:10443/odata/v2/PalletService/CarrierLabelData(Creation_Date='19990923',PO_Number='0470000000',Item_Number='00030',Description='Test%20Asset%201',Schedule_Line_Number='0001',Order_Quantity=3.000M,Open_Quantity=0,Material='',Ship_Date='19990923',Plant='5601',Quantity_Input=0.000M,Vendor='00029200A',Print_Status='NOT%20PRINTED')",
                    "uri": "https://olympusoem-dev-cp.corp.apple.com:10443/odata/v2/PalletService/CarrierLabelData(Creation_Date='19990923',PO_Number='0470000000',Item_Number='00030',Description='Test%20Asset%201',Schedule_Line_Number='0001',Order_Quantity=3.000M,Open_Quantity=0,Material='',Ship_Date='19990923',Plant='5601',Quantity_Input=0.000M,Vendor='00029200A',Print_Status='NOT%20PRINTED')",
                    "type": "PalletService.CarrierLabelData"
                },
                "Creation_Date": "19990923",
                "PO_Number": "0470000000",
                "Item_Number": "00030",
                "Description": "Test Asset 1",
                "Schedule_Line_Number": "0001",
                "Order_Quantity": "3.000",
                "Open_Quantity": 0,
                "Material": "",
                "Plant": "5601",
                "Quantity_Input": "0.000",
                "Vendor": "00029200A",
                "Print_Status": "NOT PRINTED"
            },
            {
                "__metadata": {
                    "id": "https://olympusoem-dev-cp.corp.apple.com:10443/odata/v2/PalletService/CarrierLabelData(Creation_Date='19990923',PO_Number='0470000001',Item_Number='00010',Description='Asset%20Purchase',Schedule_Line_Number='0001',Order_Quantity=1.000M,Open_Quantity=0,Material='',Ship_Date='19990923',Plant='5601',Quantity_Input=0.000M,Vendor='00029200A',Print_Status='NOT%20PRINTED')",
                    "uri": "https://olympusoem-dev-cp.corp.apple.com:10443/odata/v2/PalletService/CarrierLabelData(Creation_Date='19990923',PO_Number='0470000001',Item_Number='00010',Description='Asset%20Purchase',Schedule_Line_Number='0001',Order_Quantity=1.000M,Open_Quantity=0,Material='',Ship_Date='19990923',Plant='5601',Quantity_Input=0.000M,Vendor='00029200A',Print_Status='NOT%20PRINTED')",
                    "type": "PalletService.CarrierLabelData"
                },
                "Creation_Date": "19990923",
                "PO_Number": "0470000001",
                "Item_Number": "00010",
                "Description": "Asset Purchase",
                "Schedule_Line_Number": "0001",
                "Order_Quantity": "1.000",
                "Open_Quantity": 0,
                "Material": "",
                "Plant": "5601",
                "Quantity_Input": "0.000",
                "Vendor": "00029200A",
                "Print_Status": "NOT PRINTED"
            },
            {
                "__metadata": {
                    "id": "https://olympusoem-dev-cp.corp.apple.com:10443/odata/v2/PalletService/CarrierLabelData(Creation_Date='19990923',PO_Number='0470000001',Item_Number='00020',Description='Couch',Schedule_Line_Number='0001',Order_Quantity=20.000M,Open_Quantity=18,Material='',Ship_Date='19990923',Plant='5601',Quantity_Input=0.000M,Vendor='00029200A',Print_Status='NOT%20PRINTED')",
                    "uri": "https://olympusoem-dev-cp.corp.apple.com:10443/odata/v2/PalletService/CarrierLabelData(Creation_Date='19990923',PO_Number='0470000001',Item_Number='00020',Description='Couch',Schedule_Line_Number='0001',Order_Quantity=20.000M,Open_Quantity=18,Material='',Ship_Date='19990923',Plant='5601',Quantity_Input=0.000M,Vendor='00029200A',Print_Status='NOT%20PRINTED')",
                    "type": "PalletService.CarrierLabelData"
                },
                "Creation_Date": "19990923",
                "PO_Number": "0470000001",
                "Item_Number": "00020",
                "Description": "Couch",
                "Schedule_Line_Number": "0001",
                "Order_Quantity": "20.000",
                "Open_Quantity": 18,
                "Material": "",
                "Plant": "5601",
                "Quantity_Input": "0.000",
                "Vendor": "00029200A",
                "Print_Status": "NOT PRINTED"
            }
        ]
    }
}