<core:FragmentDefinition xmlns:core="sap.ui.core" xmlns="sap.m" xmlns:ui="sap.ui.table" xmlns:f="sap.ui.layout.form" xmlns:l="sap.ui.layout"
	xmlns:mvc="sap.ui.core.mvc" xmlns:u="sap.ui.unified" xmlns:customData="http://schemas.sap.com/sapui5/extension/sap.ui.core.CustomData/1"
	xmlns:smartTable="sap.ui.comp.smarttable">
	<Panel>
		<content>
			<OverflowToolbar design="Transparent" class="zTableToolBar">
				<content>
					<Button type="Transparent" press="handleCUSTFreightOrderBack" icon="sap-icon://nav-back" tooltip="{i18n>backBtnTooltip}"/>
					<Label text="Freight Order :" labelFor="idFreightOrder" class="sapUiTinyMarginBegin zFreightOrderLabel" visible="{=${oViewHeaderModel>/Region} !=='PAC' &amp;&amp; ${oRegionTypeModel>/results/0/Region} !=='PAC'}"/>
					<Label id="idFreightOrder" text="{oFreightOrderModel>/FreightOrder}" class="sapUiTinyMarginBegin zFreightOrderLabel" visible="{=${oViewHeaderModel>/Region} !=='PAC' &amp;&amp; ${oRegionTypeModel>/results/0/Region} !=='PAC'}"/>
					<Label text="Reference Number :" labelFor="idReferenceNumber" class="sapUiTinyMarginBegin zFreightOrderLabel" visible="{=${oViewHeaderModel>/Region} ==='PAC' || ${oRegionTypeModel>/results/0/Region} ==='PAC'}"/>
					<Label id="idReferenceNumber" text="{oFreightOrderModel>/ReferenceNumber}" class="sapUiTinyMarginBegin zFreightOrderLabel" visible="{=${oViewHeaderModel>/Region} ==='PAC' || ${oRegionTypeModel>/results/0/Region} ==='PAC'}"/>
					<ToolbarSpacer/>
					<Button text="Save" id="idDCShipFreightSave" visible="{=${oViewHeaderModel>/Type} ==='CDR'}" class="zSecondaryButton"
						press="onCUSTShipSaveFreightPress"/>
					<Button text="Request Shipping Document" id="button" visible="{=${oViewHeaderModel>/Type} ==='CDR'}" class="zPrimaryButton"
						press="onCUSTShipReqShipmFreightPress"/>
				</content>
			</OverflowToolbar>
			<f:SimpleForm editable="true" layout="ResponsiveGridLayout" columnsL="5" columnsM="5">
				<f:content>
					<core:Title/>
					<VBox>
						<Label text="Carrier" required="true" labelFor="idCarrier"/>
						<Input id="idCarrier" value="{oFreightOrderModel>/Carrier}" editable="{=${oViewHeaderModel>/Type} ==='CDR'}" class="zFilterByInput zCarrierUppercase"/>
					</VBox>
					<core:Title/>
					<VBox>
						<Label text="Ship To" labelFor="idShipTo"/>
						<Input id="idShipTo" value="{oFreightOrderModel>/ShipTo}" editable="false" class="zFilterByInput"/>
					</VBox>
					<core:Title/>
					<VBox >
						<Label text="Carrier Tracking" wrapping="false" required="true" labelFor="idCarrierTracking"/>
						<Input id="idCarrierTracking" value="{oFreightOrderModel>/CarrierTracking}" maxLength="30" editable="{=${oViewHeaderModel>/Type} ==='CDR'}" class="zFilterByInput zCarrierUppercase"/>
					</VBox>
					<core:Title/>
					<VBox>
						<Label text="Carrier Hand Over Date:" wrapping="false" required="true" labelFor="idDCFreightDate"/>
						<DatePicker id="idDCFreightDate" value="{oFreightOrderModel>/CarrierHandoverDate}" valueFormat="{oRegionTypeModel>/DateFormat}" displayFormat= "{oRegionTypeModel>/DateFormat}"
							editable="{=${oViewHeaderModel>/Type} ==='CDR'}"/>
					</VBox>
				</f:content>
			</f:SimpleForm>
		</content>
	</Panel>
	<Panel headerText="Item Details" expandable="true" expanded="true">
		<content>
			<!--<Label text="Item Details" class="sapUiSmallMarginBegin  sapUiSmallMarginBottom zFreightOrderItemLabel"/>-->
			<ui:Table id="oFrightOrderItemTable" selectionMode="None" rows="{oFreightOrderModel>/ToFreightItem/results/}" visibleRowCount="3"
				enableCellFilter=" {ui>/cellFilterOn}" ariaLabelledBy="title">
				<ui:columns>
					<!--<ui:Column width="7rem" filterProperty="FreightOrder" sortProperty="FreightOrder" visible="{=${oViewHeaderModel>/Region} !=='PAC'}"-->
					<!--	customData:p13nData='\{"columnKey": "FreightOrder", "columnIndex":"0","leadingProperty":"FreightOrder", "additionalProperty":"FreightOrder","sortProperty": "FreightOrder", "filterProperty": "FreightOrder", "type" : "string"}'>-->
					<!--	<Label text="{i18n>FreightOrder}"/>-->
					<!--	<ui:template>-->
					<!--		<Link text="{ parts: [ {path: 'oViewModel>FreightOrder'}], formatter: '.formatter.blankValueCheck'}" press="handleCUSTFreightOrderLinkPress"/>-->
					<!--	</ui:template>-->
					<!--</ui:Column>-->
					<!--<ui:Column width="7rem" filterProperty="ReferenceNo" sortProperty="ReferenceNo"-->
					<!--	customData:p13nData='\{"columnKey": "ReferenceNo", "columnIndex":"1","leadingProperty":"ReferenceNo", "additionalProperty":"ReferenceNo","sortProperty": "ReferenceNo", "filterProperty": "ReferenceNo", "type" : "string"}'>-->
					<!--	<Label text="{i18n>ReferenceNo}"/>-->
					<!--	<ui:template>-->
					<!--		<Link text="{ parts: [ {path: 'oViewModel>ReferenceNo'}], formatter: '.formatter.blankValueCheck'}" press="handleCUSTFreightOrderLinkPress"/>-->
					<!--<Text text="{oViewModel>ReferenceNo}" wrapping="false"/>-->
					<!--	</ui:template>-->
					<!--</ui:Column>-->
					<ui:Column width="7rem" filterProperty="Carrier" sortProperty="Carrier"
						customData:p13nData='\{"columnKey": "Carrier", "columnIndex":"2","leadingProperty":"Carrier", "additionalProperty":"Carrier","sortProperty": "Carrier", "filterProperty": "Carrier", "type" : "string"}'>
						<Label text="{i18n>Carrier}"/>
						<ui:template>
							<Text text="{oFreightOrderModel>Carrier}" wrapping="false"/>
						</ui:template>
					</ui:Column>
					<ui:Column width="10rem" filterProperty="DispatchId" sortProperty="DispatchId"
						customData:p13nData='\{"columnKey": "DispatchId", "columnIndex":"3","leadingProperty":"DispatchId", "additionalProperty":"ReferenceNo","sortProperty": "DispatchId", "filterProperty": "DispatchId", "type" : "string"}'>
						<Label text="{i18n>DispatchId}"/>
						<ui:template>
							<Text text="{oFreightOrderModel>DispatchId}" wrapping="false"/>
						</ui:template>
					</ui:Column>
					<ui:Column width="14rem" filterProperty="Status" sortProperty="Status"
						customData:p13nData='\{"columnKey": "Status", "columnIndex":"4","leadingProperty":"Status", "additionalProperty":"ReferenceNo","sortProperty": "Status", "filterProperty": "Status", "type" : "string"}'>
						<Label text="{i18n>Status}"/>
						<ui:template>
							<Text text="{oFreightOrderModel>StatusDescription}" wrapping="false"/>
						</ui:template>
					</ui:Column>
					<ui:Column width="9rem" filterProperty="ShipToPartner" sortProperty="ShipToPartner"
						customData:p13nData='\{"columnKey": "ShipToPartner", "columnIndex":"5","leadingProperty":"ShipToPartner", "additionalProperty":"ShipToPartner","sortProperty": "ShipToPartner", "filterProperty": "ShipToPartner", "type" : "string"}'>
						<Label text="{i18n>ShipToPartner}"/>
						<ui:template>
							<Text text="{oFreightOrderModel>ShipToPartner}" wrapping="false"/>
						</ui:template>
					</ui:Column>
					<ui:Column width="9rem" filterProperty="ServiceNotification" sortProperty="ServiceNotification"
						customData:p13nData='\{"columnKey": "ServiceNotification", "columnIndex":"5","leadingProperty":"ServiceNotification", "additionalProperty":"ServiceNotification","sortProperty": "ServiceNotification", "filterProperty": "ServiceNotification", "type" : "string"}'>
						<Label text="{i18n>ServiceNotification}"/>
						<ui:template>
							<Text text="{oFreightOrderModel>ServiceNotifiation}" wrapping="false"/>
						</ui:template>
					</ui:Column>
					<ui:Column width="7rem" filterProperty="PartNumber" sortProperty="PartNumber"
						customData:p13nData='\{"columnKey": "PartNumber", "columnIndex":"4","leadingProperty":"PartNumber", "additionalProperty":"PartNumber","sortProperty": "PartNumber", "filterProperty": "PartNumber", "type" : "string"}'>
						<Label text="{i18n>Part}"/>
						<ui:template>
							<Text text="{oFreightOrderModel>PartNo}" wrapping="false"/>
						</ui:template>
					</ui:Column>
					<ui:Column width="11rem" filterProperty="PartDescription" sortProperty="PartDescription"
						customData:p13nData='\{"columnKey": "PartDescription", "columnIndex":"5","leadingProperty":"PartDescription", "additionalProperty":"PartDescription","sortProperty": "PartDescription", "filterProperty": "PartDescription", "type" : "string"}'>
						<Label text="{i18n>PartDescription}"/>
						<ui:template>
							<Text text="{oFreightOrderModel>PartDescription}" wrapping="false"/>
						</ui:template>
					</ui:Column>
					<ui:Column width="8rem" filterProperty="NotificationType" sortProperty="NotificationType"
						customData:p13nData='\{"columnKey": "NotificationType", "columnIndex":"6","leadingProperty":"NotificationType", "additionalProperty":"NotificationType","sortProperty": "NotificationType", "filterProperty": "NotificationType", "type" : "string"}'>
						<Label text="{i18n>NotificationType}"/>
						<ui:template>
							<Text text="{oFreightOrderModel>NotificationType}" wrapping="false"/>
						</ui:template>
					</ui:Column>
					<ui:Column width="4rem" filterProperty="Priority" sortProperty="Priority"
						customData:p13nData='\{"columnKey": "Priority", "columnIndex":"7","leadingProperty":"Priority", "additionalProperty":"Priority","sortProperty": "Priority", "filterProperty": "Priority", "type" : "string"}'>
						<Label text="{i18n>Priority}"/>
						<ui:template>
							<Text text="{oFreightOrderModel>Priority}" wrapping="false"/>
						</ui:template>
					</ui:Column>
					<ui:Column width="8rem" filterProperty="SerialNumber" sortProperty="SerialNumber"
						customData:p13nData='\{"columnKey": "SerialNumber", "columnIndex":"8","leadingProperty":"SerialNumber", "additionalProperty":"SerialNumber","sortProperty": "SerialNumber", "filterProperty": "SerialNumber", "type" : "string"}'>
						<Label text="{i18n>SerialNumber}"/>
						<ui:template>
							<Text text="{oFreightOrderModel>SerialNumber}" wrapping="false"/>
						</ui:template>
					</ui:Column>
					<ui:Column width="8rem" filterProperty="Shipper" sortProperty="Shipper"
						customData:p13nData='\{"columnKey": "Shipper", "columnIndex":"9","leadingProperty":"Shipper", "additionalProperty":"Shipper","sortProperty": "Shipper", "filterProperty": "Shipper", "type" : "string"}'>
						<Label text="{i18n>Shipper}"/>
						<ui:template>
							<Text text="{oFreightOrderModel>Shipper}" wrapping="false"/>
						</ui:template>
					</ui:Column>
					<ui:Column width="5rem" filterProperty="Quantity" sortProperty="Quantity"
						customData:p13nData='\{"columnKey": "Quantity", "columnIndex":"10","leadingProperty":"Quantity", "additionalProperty":"Quantity","sortProperty": "Quantity", "filterProperty": "Quantity", "type" : "string"}'>
						<Label text="{i18n>Quantity}"/>
						<ui:template>
							<Text text="{oFreightOrderModel>Quantity}" wrapping="false"/>
						</ui:template>
					</ui:Column>
					<ui:Column width="9rem" filterProperty="RorModel" sortProperty="RorModel"
						customData:p13nData='\{"columnKey": "RorModel", "columnIndex":"11","leadingProperty":"RorModel", "additionalProperty":"RorModel","sortProperty": "RorModel", "filterProperty": "RorModel", "type" : "string"}'>
						<Label text="{i18n>RorModel}"/>
						<ui:template>
							<Text text="{oFreightOrderModel>RorModel}" wrapping="false"/>
						</ui:template>
					</ui:Column>
					<ui:Column width="15rem" filterProperty="ProductHierarchy" sortProperty="ProductHierarchy"
						customData:p13nData='\{"columnKey": "ProductHierarchy", "columnIndex":"12","leadingProperty":"ProductHierarchy", "additionalProperty":"ProductHierarchy","sortProperty": "ProductHierarchy", "filterProperty": "Type", "ProductHierarchy" : "string"}'>
						<Label text="{i18n>ProductHierarchy}"/>
						<ui:template>
							<Text text="{oFreightOrderModel>ProductHierarchy}" wrapping="false"/>
						</ui:template>
					</ui:Column>
					<ui:Column width="14rem" filterProperty="WarrantyCoverage" sortProperty="WarrantyCoverage"
						customData:p13nData='\{"columnKey": "WarrantyCoverage", "columnIndex":"20","leadingProperty":"WarrantyCoverage", "additionalProperty":"WarrantyCoverage","sortProperty": "WarrantyCoverage", "filterProperty": "WarrantyCoverage", "type" : "string"}'>
						<Label text="{i18n>WarrantyCoverage}"/>
						<ui:template>
							<Text text="{oFreightOrderModel>WarrantyCoverage}" wrapping="false"/>
						</ui:template>
					</ui:Column>
					<ui:Column width="11rem" filterProperty="BatteryNetWeight" sortProperty="BatteryNetWeight"
						customData:p13nData='\{"columnKey": "BatteryNetWeight", "columnIndex":"21","leadingProperty":"BatteryNetWeight", "additionalProperty":"BatteryNetWeight","sortProperty": "BatteryNetWeight", "filterProperty": "BatteryNetWeight", "type" : "string"}'>
						<Label text="{i18n>BatteryNetWeight}"/>
						<ui:template>
							<Text text="{oFreightOrderModel>BatteryNetWeight}" wrapping="false"/>
						</ui:template>
					</ui:Column>
				</ui:columns>
			</ui:Table>
		</content>
	</Panel>
	<Panel headerText="Shipping Details" expandable="true" expanded="true">
		<content>
			<f:SimpleForm id="SimpleFormChangeColumn_threeGroups234" editable="true" layout="ResponsiveGridLayout" columnsL="4" columnsM="4">
				<f:content>
					<core:Title/>
					<VBox>
						<Label text="Total Gross Weight" wrapping="false" required="true" labelFor="idTotGRWt"/>
						<Input id="idTotGRWt" value="{oFreightOrderModel>/TotalGrossWeight}" maxLength="13" editable="{=${oViewHeaderModel>/Type} ==='CDR'}" />
					</VBox>
					<core:Title/>
					<VBox>
						<Label text="Weight Unit of Measure" wrapping="false" required="true" labelFor="idWgtUOM"/>
						<Input id="idWgtUOM" value="{oFreightOrderModel>/WeightUnitOfMeasure}" maxLength="3" editable="{=${oViewHeaderModel>/Type} ==='CDR'}" class="zCarrierUppercase"/>
					</VBox>
					<core:Title/>
					<VBox>
						<Label text="Total Gross Volume" wrapping="false" required="true" labelFor="idTotGrVol"/>
						<Input id="idTotGrVol" value="{oFreightOrderModel>/TotalGrossVolume}" maxLength="13"  editable="{=${oViewHeaderModel>/Type} ==='CDR'}"/>
					</VBox>
					<core:Title/>
					<VBox>
						<Label text="Volume Unit of Measure" wrapping="false" required="true" labelFor="idVolUOM"/>
						<Input id="idVolUOM" value="{oFreightOrderModel>/VolumeUnitOfMeasure}" maxLength="3" editable="{=${oViewHeaderModel>/Type} ==='CDR'}" class="zCarrierUppercase"/>
					</VBox>
					<core:Title/>
					<VBox>
						<Label text="Shipping Condition" wrapping="false" labelFor="idShipCon"/>
						<Input id="idShipCon" value="{oFreightOrderModel>/ShippingCondition}" maxLength="2" editable="{=${oViewHeaderModel>/Type} ==='CDR'}"/>
					</VBox>
					<core:Title/>
					<VBox>
						<Label text="Total No. of Packages" wrapping="false" required="true" labelFor="idTotNoPack"/>
						<Input id="idTotNoPack" value="{oFreightOrderModel>/TotalPackages}" maxLength="3" editable="{=${oViewHeaderModel>/Type} ==='CDR'}"/>
					</VBox>
					<core:Title/>
					<VBox>
						<Label text="Shipment Type" wrapping="false" required="true" labelFor="idshipType"/>
						<Input id="idshipType" value="{oFreightOrderModel>/ShipmentType}" maxLength="10" editable="{=${oViewHeaderModel>/Type} ==='CDR'}" class="zCarrierUppercase"/>
					</VBox>
					<core:Title/>
					<VBox>
						<Label text="Mode of Transport" wrapping="false" labelFor="idMOT"/>
						<Input id="idMOT" value="{oFreightOrderModel>/ModeOfTransport}" maxLength="30" editable="{=${oViewHeaderModel>/Type} ==='CDR'}"/>
					</VBox>
					<core:Title/>
					<VBox>
						<Label text="Port of Entry" wrapping="false" labelFor="idPOE"/>
						<Input id="idPOE" value="{oFreightOrderModel>/PortOfEntry}" maxLength="3" editable="{=${oViewHeaderModel>/Type} ==='CDR'}"/>
					</VBox>
					<core:Title/>
					<VBox>
						<Label text="Port of Origin" wrapping="false" labelFor="idPOO"/>
						<Input id="idPOO" value="{oFreightOrderModel>/PortOfOrigin}" maxLength="3" editable="{=${oViewHeaderModel>/Type} ==='CDR'}"/>
					</VBox>
					<core:Title/>
					<VBox visible="{=${oViewHeaderModel>/Region} !=='PAC' &amp;&amp; ${oRegionTypeModel>/results/0/Region} !=='PAC'}">
						<Label text="Service Level" wrapping="false" required="true" labelFor="idSerLevel"/>
						<Input id="idSerLevel" value="{oFreightOrderModel>/ServiceLevel}" maxLength="20" editable="{=${oViewHeaderModel>/Type} ==='CDR'}"/>
					</VBox>
					<core:Title/>
					<VBox visible="{=${oViewHeaderModel>/Region} !=='PAC' &amp;&amp; ${oRegionTypeModel>/results/0/Region} !=='PAC'}">
						<Label text="Service Level Indicator" wrapping="false" labelFor="idSerLevelInd"/>
						<Input id="idSerLevelInd" value="{oFreightOrderModel>/ServiceLevelIndicator}" maxLength="2" editable="{=${oViewHeaderModel>/Type} ==='CDR'}"/>
					</VBox>
					<core:Title/>
					<VBox visible="{=${oViewHeaderModel>/Region} !=='PAC' &amp;&amp; ${oRegionTypeModel>/results/0/Region} !=='PAC'}">
						<Label text="Parcel Account No" wrapping="false" labelFor="idParAcctNo"/>
						<Input id="idParAcctNo" value="{oFreightOrderModel>/ParcelAccountNo}" maxLength="10" editable="{=${oViewHeaderModel>/Type} ==='CDR'}"/>
					</VBox>
					<core:Title/>
					<VBox visible="{=${oViewHeaderModel>/Region} !=='PAC' &amp;&amp; ${oRegionTypeModel>/results/0/Region} !=='PAC'}">
						<Label text="Country of Clearance" wrapping="false" labelFor="idCountryOCle"/>
						<Input id="idCountryOCle" value="{oFreightOrderModel>/CountryOfClearence}" maxLength="3" editable="{=${oViewHeaderModel>/Type} ==='CDR'}"/>
					</VBox>
					<core:Title/>
				</f:content>
			</f:SimpleForm>
		</content>
	</Panel>
	<Panel id="idBoxDetails" class="sapUiSmallMarginTop"  visible="{=${oViewHeaderModel>/Region} !=='PAC' &amp;&amp; ${oRegionTypeModel>/results/0/Region} !=='PAC'}">
		<!--<content>-->
		<!--	<HBox>-->
		<!--	<VBox width="40%">-->
		<!--		<HBox>-->
		<!--			<HBox>-->
		<!--				<items>-->
							<!--<core:Icon src="./images/Box.png" size="20em" id="icon0"/>-->
		<!--				<Image src="./images/Box.png" width="10em" />-->
		<!--				</items>-->
		<!--			</HBox>-->
		<!--			<HBox width="100%" direction="Column" id="vbox3">-->
		<!--				<items>-->
		<!--					<HBox width="100%" id="hbox5">-->
		<!--						<items>-->
		<!--							<Label text="{oFreightOrderModel>/ToBoxHeader/results/0/BoxName}" class="sapUiLargeMarginBegin sapUiMediumMarginTop"/>-->
		<!--						</items>-->
		<!--					</HBox>-->
		<!--					<HBox>-->
		<!--						<items>-->
		<!--							<HBox>-->
		<!--								<items>-->
		<!--									<Label text="Weight:" class="sapUiLargeMarginBegin"/>-->
		<!--									<Label text="{oFreightOrderModel>/ToBoxHeader/results/0/GrossWeight}" class="sapUiTinyMarginBegin" />-->
		<!--									<Label text="Volume:" class="sapUiTinyMarginBegin" />-->
		<!--									<Label text="{oFreightOrderModel>/ToBoxHeader/results/0/GrossVolume}" class="sapUiTinyMarginBegin"/>-->
		<!--								</items>-->
		<!--							</HBox>-->
		<!--						</items>-->
		<!--					</HBox>-->
		<!--				</items>-->
		<!--			</HBox>-->
		<!--		</HBox>-->
		<!--		<Table noDataText="Drop column list items here and columns in the area above" id="table0_1602878374184"-->
		<!--			items="{oFreightOrderModel>/ToBoxHeader/results/0/ToBoxItem/results}">-->
		<!--			<items>-->
		<!--				<ColumnListItem type="Active" id="item0_1602878374182">-->
		<!--					<cells>-->
		<!--						<Text text="{oFreightOrderModel>PartNumber}" id="text1_1602878374182"/>-->
		<!--						<Text text="{oFreightOrderModel>PartDescription}" id="text2_1602878374182"/>-->
		<!--						<Text text="{oFreightOrderModel>Quantity}" id="text3_1602878374182"/></cells>-->
		<!--				</ColumnListItem>-->
		<!--			</items>-->
		<!--			<columns>-->
		<!--				<Column id="column0_1602878374183">-->
		<!--					<header>-->
		<!--						<Label text="Part" id="label23"/>-->
		<!--					</header>-->
		<!--				</Column>-->
		<!--				<Column id="column1_1602878374183">-->
		<!--					<header>-->
		<!--						<Label text="Part Description" id="label24"/>-->
		<!--					</header>-->
		<!--				</Column>-->
		<!--				<Column id="column2_1602878374184">-->
		<!--					<header>-->
		<!--						<Label text="Quantity" id="label25"/>-->
		<!--					</header>-->
		<!--				</Column>-->
		<!--			</columns>-->
		<!--		</Table>-->
		<!--	</VBox>-->
			<!--<VBox class="sapUiLargeMarginBegin">-->
			<!--	<HBox>-->
			<!--		<HBox>-->
			<!--			<items>-->
			<!--				<core:Icon src="sap-icon://doctor" size="2em" />-->
			<!--			</items>-->
			<!--		</HBox>-->
			<!--		<HBox width="100%" direction="Column" >-->
			<!--			<items>-->
			<!--				<HBox width="100%" >-->
			<!--					<items>-->
			<!--						<Label text="{oFreightOrderModel>/ToBoxHeader/results/1/BoxName}" class="sapUiLargeMarginBegin sapUiMediumMarginTop"/>-->
			<!--					</items>-->
			<!--				</HBox>-->
			<!--				<HBox>-->
			<!--					<items>-->
			<!--						<HBox>-->
			<!--							<items>-->
			<!--								<Label text="Weight:" class="sapUiLargeMarginBegin" />-->
			<!--								<Label text="{oFreightOrderModel>/ToBoxHeader/results/1/GrossWeight}" class="sapUiTinyMarginBegin" />-->
			<!--								<Label text="Volume:" class="sapUiTinyMarginBegin" />-->
			<!--								<Label text="{oFreightOrderModel>/ToBoxHeader/results/1/GrossVolume}" class="sapUiTinyMarginBegin" />-->
			<!--							</items>-->
			<!--						</HBox>-->
			<!--					</items>-->
			<!--				</HBox>-->
			<!--			</items>-->
			<!--		</HBox>-->
			<!--	</HBox>-->
			<!--	<Table noDataText="Drop column list items here and columns in the area above" -->
			<!--		items="{oFreightOrderModel>/ToBoxHeader/results/1/ToBoxItem/results}" >-->
			<!--		<items>-->
			<!--			<ColumnListItem type="Active" >-->
			<!--				<cells>-->
			<!--					<Text text="{oFreightOrderModel>PartNumber}" />-->
			<!--					<Text text="{oFreightOrderModel>PartDescription}" />-->
			<!--					<Text text="{oFreightOrderModel>Quantity}" /></cells>-->
			<!--			</ColumnListItem>-->
			<!--		</items>-->
			<!--		<columns>-->
			<!--			<Column >-->
			<!--				<header>-->
			<!--					<Label text="Part" />-->
			<!--				</header>-->
			<!--			</Column>-->
			<!--			<Column >-->
			<!--				<header>-->
			<!--					<Label text="Part Description" />-->
			<!--				</header>-->
			<!--			</Column>-->
			<!--			<Column >-->
			<!--				<header>-->
			<!--					<Label text="Quantity" />-->
			<!--				</header>-->
			<!--			</Column>-->
			<!--		</columns>-->
			<!--	</Table>-->
			<!--</VBox>-->
		<!--	</HBox>-->

		<!--</content>-->
	</Panel>
</core:FragmentDefinition>