<core:FragmentDefinition xmlns:mvc="sap.ui.core.mvc" xmlns:core="sap.ui.core" xmlns:u="sap.ui.unified" xmlns:f="sap.ui.layout.form"
	xmlns:l="sap.ui.layout" xmlns:ui="sap.ui.table" xmlns:customData="http://schemas.sap.com/sapui5/extension/sap.ui.core.CustomData/1"
	xmlns="sap.m">
	<!--<Panel class="zEP_commAdvSearchSfm" id="oCVMValuesFilterby" headerText="{i18n>filterby}" expandable="true" expanded="false">-->
	<!--	<f:SimpleForm editable="true" layout="ResponsiveGridLayout" columnsL="6" columnsM="6">-->
	<!--		<f:content>-->
	<!--			<core:Title/>-->
	<!--			<VBox >-->
	<!--				<Label text="Select File"/>-->
	<!--				<Button text="Browse" press="onSelectFileBtnPress" class="zSecondaryButton"/>-->
	<!--			</VBox>-->
	<!--			<VBox >-->
	<!--				<Label text="I"/>-->
	<!--				<Label text="OR"/>-->
	<!--				<Label text="I"/>-->
	<!--			</VBox>-->
	<!--			<core:Title/>-->
	<!--			<VBox >-->
	<!--				<Label text="{i18n>regfFlrByHdrText}"/>-->
	<!--				<Select id="idDCRegion" items="{oRegionTypeModel>/results}" width="100%">-->
	<!--					<items>-->
	<!--						<core:ListItem key="{oRegionTypeModel>Key}" text="{oRegionTypeModel>Key} - {oRegionTypeModel>ShortDescription}"/>-->
	<!--					</items>-->
	<!--				</Select>-->
	<!--			</VBox>-->
	<!--			<core:Title/>-->
	<!--			<VBox >-->
	<!--				<Label text="{i18n>chgdateFlrByHdrText}"/>-->
	<!--				<DatePicker id="idDCChgDate" valueFormat="yyyyMMdd"/>-->
	<!--			</VBox>-->
	<!--			<core:Title/>-->
	<!--			<VBox >-->
	<!--				<Label text="{i18n>disIDFlrByHdrText}"/>-->
	<!--				<MultiInput id="idDCDispatchiD" valueHelpOnly="true" valueHelpRequest=".onValueHelpDispatchID" class="zFilterByInput"-->
	<!--					ariaLabelledBy="DispatchID" editable="true"/>-->
	<!--			</VBox>-->
	<!--			<core:Title/>-->
	<!--			<VBox>-->
	<!--				<Label text="{i18n>serNoFlrByHdrText}"/>-->
	<!--				<MultiInput id="idDCSerNotNo" valueHelpOnly="true" valueHelpRequest=".onValueHelpSerNotNo" class="zFilterByInput"/>-->
	<!--			</VBox>-->
	<!--			<core:Title/>-->
	<!--			<VBox >-->
	<!--				<Label text="{i18n>maxRowsFlrByHdrText}"/>-->
	<!--				<Input id="idDCMaxRows" class="zFilterByInput"/>-->
	<!--			</VBox>-->
	<!--			<core:Title/>-->
	<!--			<core:Title/>-->
	<!--			<VBox>-->
	<!--				<Label text="RMA"></Label>-->
	<!--				<Input></Input>-->
	<!--			</VBox>-->
	<!--			<core:Title/>-->
	<!--			<VBox>-->
	<!--				<Label text="RMA"></Label>-->
	<!--				<Input></Input>-->
	<!--			</VBox>-->
	<!--			<core:Title/>-->
	<!--			<VBox>-->
	<!--				<Label text="RMA"></Label>-->
	<!--				<Input></Input>-->
	<!--			</VBox>-->
	<!--			<core:Title/>-->
	<!--			<VBox>-->
	<!--				<Label text="RMA"></Label>-->
	<!--				<Input></Input>-->
	<!--			</VBox>-->
	<!--			<core:Title/>-->
	<!--			<VBox>-->
	<!--				<HBox>-->
	<!--					<Button text="Clear" press="resetCustShipFilterBy" class="zSecondaryButton sapUiSmallMarginTop"/>-->
	<!--					<Label text=""/>-->
	<!--					<Button text="Search" class="sapUiSmallMarginTop sapUiTinyMarginBegin zPrimaryButton" press="onCustShipSearch "/>-->
	<!--				</HBox>-->
	<!--			</VBox>-->
	<!--		</f:content>-->
	<!--	</f:SimpleForm>-->
	<!--</Panel>-->
	<Panel id="oCVMValuesFilterby" headerText="{i18n>filterby}" expandable="true" expanded="false" class="zFilterIcon ">
		<!--<f:SimpleForm editable="true" layout="ResponsiveGridLayout" columnsL="6" columnsM="6"></f:SimpleForm>-->
		<content>
			<HBox>
				<VBox>
					<HBox>
						<VBox class="sapUiTinyMarginBegin">
							<VBox>
								<Label text=""/>
								<Label text=""/>
							</VBox>
							<VBox>
								<Label text="{i18n>select_file}" labelFor="idBrowseFileBtn"/>
								<Button text="{i18n>browseBtnText}" press="onSelectFileBtnPress" id="idBrowseFileBtn" class="zSecondaryButton"/>
							</VBox>
						</VBox>
						<VBox class="sapUiMediumMarginBegin ">
							<VBox>
								<Label text=""/>
								<Label text=""/>
							</VBox>
							<VBox>
								<Image id="idImageOr" src="./images/oR.png" ariaDescribedBy="idImageOr1" alt="OR" class="ZFilterORbutton" tooltip="OR"/>
								<!--<Button type="Transparent"  icon="./images/oR.png" tooltip="OR" id="idImageOr" class="ZFilterORbutton"/>-->
								<core:InvisibleText id="idImageOr1" text="OR"/>
								<!--<Label text="I" class="sapUiTinyMarginBegin"/>-->
								<!--<Label text="OR"/>-->
								<!--<Label text="I" class="sapUiTinyMarginBegin"/>-->
							</VBox>
						</VBox>
						<VBox class="sapUiLargeMarginBegin ">
							<!--<VBox visible="{=${oRegionTypeModel>/results/0/userType}==='E'}">-->
							<!--	<Label text="{i18n>rcCodeFlyByHdrText}" visible="{=${oRegionTypeModel>/results/0/userType}==='E'}"/>-->
							<!--	<Select id="idCVMValuesRegion" items="{oRegionTypeModel>/results}" width="210px">-->
							<!--		<items>-->
							<!--			<core:ListItem key="{oRegionTypeModel>Key}" text="{oRegionTypeModel>Key} - {oRegionTypeModel>ShortDescription}"/>-->
							<!--		</items>-->
							<!--	</Select>-->
							<!--</VBox>-->
							<VBox >
								<Label text="{i18n>partNofFlrByHdrText}" labelFor="idCVMPartNo"/>
								<MultiInput id="idCVMPartNo" valueHelpOnly="true" valueHelpRequest=".onValueHelpPartNo" class="zFilterByInput" width="13.75rem"/>
							</VBox>
							<VBox class="sapUiTinyMarginTop">
								<Label text="{i18n>fromFlrByHdrText}" labelFor="idCVMFrom"/>
								<DatePicker id="idCVMFrom" valueFormat="yyyyMMdd" displayFormat="{oRegionTypeModel>/DateFormat}" navigate="onCVMFromDate"/>
							</VBox>
						</VBox>
						<VBox class="sapUiLargeMarginBegin ">
							<VBox>
								<Label text="{i18n>sourceCountryFlrByHdrText}" labelFor="idCVMSourCountry"/>
								<MultiInput id="idCVMSourCountry" valueHelpOnly="true" valueHelpRequest=".onValueHelpSourCountry" class="zFilterByInput" width="13.75rem"/>
							</VBox>
							<VBox class="sapUiTinyMarginTop">
								<Label text="{i18n>toFlrByHdrText}" labelFor="idCVMTo"/>
								<DatePicker id="idCVMTo" valueFormat="yyyyMMdd" displayFormat="{oRegionTypeModel>/DateFormat}" navigate="onCVMToDate"/>
							</VBox>
						</VBox>
						<VBox class="sapUiMediumMarginBegin ">
							<VBox>
								<Label text="{i18n>destCountryFlrByHdrText}" labelFor="idCVMDestCountry"/>
								<MultiInput id="idCVMDestCountry" valueHelpOnly="true" valueHelpRequest=".onValueHelpDestCountry" class="zFilterByInput" width="13.75rem"/>
							</VBox>
							<VBox class="sapUiTinyMarginTop">
								<Label text="{i18n>maxRowsFlrByHdrText}" labelFor="idCVMMaxRows"/>
								<Input id="idCVMMaxRows" class="zFilterByInput" width="13.75rem"></Input>
							</VBox>
						</VBox>
						<VBox class="sapUiLargeMarginBegin ">
							<VBox>
								<Label text="{i18n>conTypeFlrByHdrText}" labelFor="idCVMConType"/>
								<Input id="idCVMConType" class="zFilterByInput" width="13.75rem"></Input>
							</VBox>
							<VBox class="sapUiTinyMarginTop" visible="{=${oRegionTypeModel>/results/0/userType}!=='I'}">
								<Label text="{i18n>rcCodeFlyByHdrText}"/>
								<Select id="idCVMValuesRegion" items="{oRegionTypeModel>/results}" width="210px">
									<items>
										<core:ListItem key="{oRegionTypeModel>Key}" text="{oRegionTypeModel>Key} - {oRegionTypeModel>ShortDescription}"/>
									</items>
								</Select>
							</VBox>
						</VBox>
						<VBox class="sapUiLargeMarginBegin ">
							<VBox>
								<Label text="{i18n>batchNoFlrByHdrText}" labelFor="idCVMBatchNo"/>
								<Input id="idCVMBatchNo" class="zFilterByInput"/>
							</VBox>
							<VBox class="sapUiLargeMarginBegin sapUiMediumMarginTop">
								<HBox>
									<Button text="Clear" press="resetCVMValuesFilterBy" class="zSecondaryButton"/>
									<Label text="" labelFor="idDCSearch"/>
									<Button text="Search" id="idDCSearch" class="sapUiTinyMarginBegin zPrimaryButton" press="onCVMSearch"/>
								</HBox>
							</VBox>
						</VBox>
					</HBox>
				</VBox>
			</HBox>
		</content>
	</Panel>
	<!--	<f:Form id="idCVMForm" editable="true">-->
	<!--	<f:layout>-->
	<!--		<f:ResponsiveGridLayout adjustLabelSpan="false" columnsL="6" columnsM="4" columnsXL="6" emptySpanL="0" emptySpanM="0" emptySpanS="0"-->
	<!--			emptySpanXL="0" labelSpanL="4" labelSpanM="12" labelSpanS="12" labelSpanXL="4" singleContainerFullSize="false"/>-->
	<!--	</f:layout>-->
	<!--	<f:formContainers>-->
	<!--		<f:FormContainer  expandable="true">-->
	<!--			<f:formElements>-->
	<!--				<f:FormElement>-->
	<!--					<f:fields>-->
	<!--						<VBox>-->
	<!--							<Label text="Select File"/>-->
	<!--							<Button text="Browse" press="onSelectFileBtnPress" class="zSecondaryButton"/>-->
	<!--						</VBox>-->
	<!--						<VBox>-->
	<!--							<Label text="I"/>-->
	<!--							<Label text="OR"/>-->
	<!--							<Label text="I"/>-->
	<!--						</VBox>-->
	<!--					</f:fields>-->
	<!--				</f:FormElement>-->
	<!--			</f:formElements>-->
	<!--		</f:FormContainer>-->
	<!--	</f:formContainers>-->
	<!--	<f:formContainers>-->
	<!--		<f:FormContainer id="idCVMRegion" visible="{=${oRegionTypeModel>/results/0/userType}==='E'}">-->
	<!--			<f:formElements>-->
	<!--				<f:FormElement visible="{=${oRegionTypeModel>/results/0/userType}==='E'}">-->
	<!--					<f:fields>-->
	<!--						<VBox visible="{=${oRegionTypeModel>/results/0/userType}==='E'}">-->
	<!--							<Label text="{i18n>rcCodeFlyByHdrText}" visible="{=${oRegionTypeModel>/results/0/userType}==='E'}"/>-->
	<!--							<Select id="idCVMValuesRegion" items="{oRegionTypeModel>/results}">-->
	<!--								<items>-->
	<!--									<core:ListItem key="{oRegionTypeModel>Key}" text="{oRegionTypeModel>Key} - {oRegionTypeModel>ShortDescription}"/>-->
	<!--								</items>-->
	<!--							</Select>-->
	<!--						</VBox>-->
	<!--					</f:fields>-->
	<!--				</f:FormElement>-->
	<!--			</f:formElements>-->
	<!--		</f:FormContainer>-->
	<!--		<f:FormContainer>-->
	<!--			<f:formElements>-->
	<!--				<f:FormElement>-->
	<!--					<f:fields>-->
	<!--						<VBox>-->
	<!--							<Label text="{i18n>partNofFlrByHdrText}"/>-->
	<!--							<MultiInput id="idCVMPartNo" valueHelpOnly="true" valueHelpRequest=".onValueHelpPartNo"/>-->
	<!--						</VBox>-->
	<!--					</f:fields>-->
	<!--				</f:FormElement>-->
	<!--			</f:formElements>-->
	<!--		</f:FormContainer>-->
	<!--		<f:FormContainer>-->
	<!--			<f:formElements>-->
	<!--				<f:FormElement>-->
	<!--					<f:fields>-->
	<!--						<VBox>-->
	<!--							<Label text="{i18n>sourceCountryFlrByHdrText}"/>-->
	<!--							<MultiInput id="idCVMSourCountry" valueHelpOnly="true" valueHelpRequest=".onValueHelpSourCountry"/>-->
	<!--						</VBox>-->
	<!--					</f:fields>-->
	<!--				</f:FormElement>-->
	<!--			</f:formElements>-->
	<!--		</f:FormContainer>-->
	<!--		<f:FormContainer>-->
	<!--			<f:formElements>-->
	<!--				<f:FormElement>-->
	<!--					<f:fields>-->
	<!--						<VBox>-->
	<!--							<Label text="{i18n>destCountryFlrByHdrText}"/>-->
	<!--							<MultiInput id="idCVMDestCountry" valueHelpOnly="true" valueHelpRequest=".onValueHelpDestCountry"/>-->
	<!--						</VBox>-->
	<!--					</f:fields>-->
	<!--				</f:FormElement>-->
	<!--			</f:formElements>-->
	<!--		</f:FormContainer>-->
	<!--		<f:FormContainer>-->
	<!--			<f:formElements>-->
	<!--				<f:FormElement>-->
	<!--					<f:fields>-->
	<!--						<VBox>-->
	<!--							<Label text="{i18n>conTypeFlrByHdrText}"/>-->
	<!--							<Input id="idCVMConType"/>-->
	<!--						</VBox>-->
	<!--					</f:fields>-->
	<!--				</f:FormElement>-->
	<!--			</f:formElements>-->
	<!--		</f:FormContainer>-->
	<!--		<f:FormContainer id="idCVMblank" visible="{=${oRegionTypeModel>/results/0/userType}==='E'}">-->
	<!--			<f:formElements>-->
	<!--				<f:FormElement>-->
	<!--					<f:fields>-->
	<!--						<VBox >-->
	<!--							<Label text=""/>-->
	<!--						</VBox>-->
	<!--					</f:fields>-->
	<!--				</f:FormElement>-->
	<!--			</f:formElements>-->
	<!--		</f:FormContainer>-->
	<!--		<f:FormContainer>-->
	<!--			<f:formElements>-->
	<!--				<f:FormElement>-->
	<!--					<f:fields>-->
	<!--						<VBox id="idCVMBatchVbox">-->
	<!--							<Label text="{i18n>batchNoFlrByHdrText}"/>-->
	<!--							<Input id="idCVMBatchNo"/>-->
	<!--						</VBox>-->
	<!--					</f:fields>-->
	<!--				</f:FormElement>-->
	<!--			</f:formElements>-->
	<!--		</f:FormContainer>-->
	<!--		<f:FormContainer id="idCVMblank2" visible="{=${oRegionTypeModel>/results/0/userType}==='I'}">-->
	<!--			<f:formElements>-->
	<!--				<f:FormElement>-->
	<!--					<f:fields>-->
	<!--						<VBox >-->
	<!--							<Label text=""/>-->
	<!--						</VBox>-->
	<!--					</f:fields>-->
	<!--				</f:FormElement>-->
	<!--			</f:formElements>-->
	<!--		</f:FormContainer>-->
	<!--		<f:FormContainer>-->
	<!--			<f:formElements>-->
	<!--				<f:FormElement>-->
	<!--					<f:fields>-->
	<!--						<VBox class="sapUiTinyMarginTop">-->
	<!--							<Label text="{i18n>fromFlrByHdrText}"/>-->
	<!--							<DatePicker id="idCVMFrom" valueFormat="yyyyMMdd"/>-->
	<!--						</VBox>-->
	<!--					</f:fields>-->
	<!--				</f:FormElement>-->
	<!--			</f:formElements>-->
	<!--		</f:FormContainer>-->
	<!--		<f:FormContainer>-->
	<!--			<f:formElements>-->
	<!--				<f:FormElement>-->
	<!--					<f:fields>-->
	<!--						<VBox class="sapUiTinyMarginTop">-->
	<!--							<Label text="{i18n>toFlrByHdrText}"/>-->
	<!--							<DatePicker id="idCVMTo" valueFormat="yyyyMMdd"/>-->
	<!--						</VBox>-->
	<!--					</f:fields>-->
	<!--				</f:FormElement>-->
	<!--			</f:formElements>-->
	<!--		</f:FormContainer>-->
	<!--		<f:FormContainer>-->
	<!--			<f:formElements>-->
	<!--				<f:FormElement>-->
	<!--					<f:fields>-->
	<!--						<VBox class="sapUiTinyMarginTop">-->
	<!--							<Label text="{i18n>maxRowsFlrByHdrText}"/>-->
	<!--							<Input id="idCVMMaxRows"/>-->
	<!--						</VBox>-->
	<!--						</f:fields>-->
	<!--					</f:FormElement>-->
	<!--				</f:formElements>-->
	<!--			</f:FormContainer>-->
	<!--			<f:FormContainer>-->
	<!--				<f:formElements>-->
	<!--					<f:FormElement>-->
	<!--						<f:fields>-->
	<!--						<VBox class="sapUiLargeMarginBegin sapUiMediumMarginTop">-->
	<!--							<HBox>-->
	<!--								<Button text="Clear" press="resetCustShipFilterBy" class="zSecondaryButton sapUiSmallMarginTop"/>-->
	<!--								<Label text=""/>-->
	<!--								<Button text="Search" class="sapUiSmallMarginTop sapUiTinyMarginBegin zPrimaryButton" press="onCustShipSearch "/>-->
	<!--							</HBox>-->
	<!--						</VBox>-->
	<!--					</f:fields>-->
	<!--				</f:FormElement>-->
	<!--			</f:formElements>-->
	<!--		</f:FormContainer>-->
	<!--	</f:formContainers>-->
	<!--</f:Form>-->
</core:FragmentDefinition>