<core:FragmentDefinition xmlns:core="sap.ui.core" xmlns="sap.m" xmlns:ui="sap.ui.table" xmlns:f="sap.ui.layout.form" xmlns:l="sap.ui.layout"
	xmlns:mvc="sap.ui.core.mvc" xmlns:u="sap.ui.unified" xmlns:customData="http://schemas.sap.com/sapui5/extension/sap.ui.core.CustomData/1"
	xmlns:smartTable="sap.ui.comp.smarttable">
	<Panel>
		<content>
			<OverflowToolbar design="Transparent" class="zTableToolBar">
				<content>
					<Button type="Transparent" press="handleDCUpdateCarrierBack" icon="sap-icon://nav-back" tooltip="{i18n>backBtnTooltip}"/>
					<Label text="Reference Number :" labelFor="idReferenceNumber" class="sapUiTinyMarginBegin zFreightOrderLabel"/>
					<Label id="idReferenceNumber" text="{oFreightOrderModel>/ReferenceNumber}" class="sapUiTinyMarginBegin zFreightOrderLabel"/>
					<ToolbarSpacer/>
					<Button text="Save" id="idCustShipFreightSave" class="zSecondaryButton" press="onDCShipPACSaveFreightPress"/>
					<Button text="Request Shipping Document"  class="zPrimaryButton" press="onDCShipPACReqFreightPress" visible="{=${oRegionTypeModel>/results/0/DebitMemo} !=='X'}"/>
					<Button text="Request Debit Memo/Shipping Documents"  class="zPrimaryButton" press="onDCShipPACReqFreightPress" visible="{=${oRegionTypeModel>/results/0/DebitMemo} ==='X'}"/>

				</content>
			</OverflowToolbar>
			<f:SimpleForm editable="true" layout="ResponsiveGridLayout" columnsL="5" columnsM="5">
				<f:content>
					<core:Title/>
					<VBox>
						<Label text="Carrier" required="true" labelFor="idCarrier"/>
						<Input id="idCarrier" value="{oFreightOrderModel>/Carrier}" class="zFilterByInput zCarrierUppercase"/>
					</VBox>
					<core:Title/>
					<VBox>
						<Label text="Ship To" labelFor="idShipTo"/>
						<Input id="idShipTo" value="{oFreightOrderModel>/ShipTo}" editable="false" class="zFilterByInput"/>
					</VBox>
					<core:Title/>
					<VBox >
						<Label text="Carrier Tracking" wrapping="false" required="true" labelFor="idCarrierTracking"/>
						<Input id="idCarrierTracking" value="{oFreightOrderModel>/CarrierTracking}" maxLength="30" class="zFilterByInput zCarrierUppercase"/>
					</VBox>
					<core:Title/>
					<VBox>
						<Label text="Carrier Hand Over Date:" wrapping="false" required="true" labelFor="idCarrierTracking"/>
						<DatePicker id="idDCFreightDate" value="{oFreightOrderModel>/CarrierHandoverDate}" valueFormat="{oRegionTypeModel>/DateFormat}"  displayFormat= "{oRegionTypeModel>/DateFormat}"/>
					</VBox>
				</f:content>
			</f:SimpleForm>
		</content>
	</Panel>
	<Panel headerText="Item Details" expandable="true" expanded="true">
		<content>
			<ui:Table id="oFrightOrderItemTable" selectionMode="None" rows="{oFreightOrderModel>/ToCarrierItem/results/}" visibleRowCount="3"
				enableCellFilter=" {ui>/cellFilterOn}" ariaLabelledBy="title">
				<ui:columns>
					<ui:Column width="10rem" filterProperty="DispatchId" sortProperty="DispatchId"
						customData:p13nData='\{"columnKey": "DispatchId", "columnIndex":"3","leadingProperty":"DispatchId", "additionalProperty":"ReferenceNo","sortProperty": "DispatchId", "filterProperty": "DispatchId", "type" : "string"}'>
						<Label text="{i18n>DispatchId}"/>
						<ui:template>
							<Text text="{oFreightOrderModel>DispatchId}" wrapping="false"/>
						</ui:template>
					</ui:Column>
					<ui:Column width="4rem" filterProperty="Status" sortProperty="Status"
						customData:p13nData='\{"columnKey": "Status", "columnIndex":"4","leadingProperty":"Status", "additionalProperty":"ReferenceNo","sortProperty": "Status", "filterProperty": "Status", "type" : "string"}'>
						<Label text="{i18n>Status}"/>
						<ui:template>
							<Text text="{oFreightOrderModel>StatusDescription}" wrapping="false"/>
						</ui:template>
					</ui:Column>
					<ui:Column width="9rem" filterProperty="ServiceNotification" sortProperty="ServiceNotification"
						customData:p13nData='\{"columnKey": "ServiceNotification", "columnIndex":"5","leadingProperty":"ServiceNotification", "additionalProperty":"ServiceNotification","sortProperty": "ServiceNotification", "filterProperty": "ServiceNotification", "type" : "string"}'>
						<Label text="{i18n>ServiceNotification}"/>
						<ui:template>
							<Text text="{oFreightOrderModel>ServiceNotification}" wrapping="false"/>
						</ui:template>
					</ui:Column>
					<ui:Column width="9rem" filterProperty="ReturnOrder" sortProperty="ReturnOrder"
						customData:p13nData='\{"columnKey": "ReturnOrder", "columnIndex":"6","leadingProperty":"ReturnOrder", "additionalProperty":"ReturnOrder","sortProperty": "ReturnOrder", "filterProperty": "ReturnOrder", "type" : "string"}'>
						<Label text="{i18n>ReturnOrderNo}"/>
						<ui:template>
							<Text text="{oFreightOrderModel>ReturnOrder}" wrapping="false"/>
						</ui:template>
					</ui:Column>
					<ui:Column width="9rem" filterProperty="ReturnOrderItem" sortProperty="ReturnOrderItem"
						customData:p13nData='\{"columnKey": "ReturnOrderItem", "columnIndex":"7","leadingProperty":"ReturnOrderItem", "additionalProperty":"ReturnOrderItem","sortProperty": "ReturnOrderItem", "filterProperty": "ReturnOrderItem", "type" : "string"}'>
						<Label text="{i18n>ReturnOrderItem}"/>
						<ui:template>
							<Text text="{oFreightOrderModel>ReturnOrderItem}" wrapping="false"/>
						</ui:template>
					</ui:Column>
					<ui:Column width="7rem" filterProperty="PartNo" sortProperty="PartNo"
						customData:p13nData='\{"columnKey": "PartNo", "columnIndex":"8","leadingProperty":"PartNo", "additionalProperty":"PartNo","sortProperty": "PartNo", "filterProperty": "PartNo", "type" : "string"}'>
						<Label text="{i18n>Part}"/>
						<ui:template>
							<Text text="{oFreightOrderModel>PartNo}" wrapping="false"/>
						</ui:template>
					</ui:Column>
					<ui:Column width="11rem" filterProperty="PartDescription" sortProperty="PartDescription"
						customData:p13nData='\{"columnKey": "PartDescription", "columnIndex":"9","leadingProperty":"PartDescription", "additionalProperty":"PartDescription","sortProperty": "PartDescription", "filterProperty": "PartDescription", "type" : "string"}'>
						<Label text="{i18n>PartDescription}"/>
						<ui:template>
							<Text text="{oFreightOrderModel>PartDescription}" wrapping="false"/>
						</ui:template>
					</ui:Column>
					<ui:Column width="11rem" filterProperty="BatchNumber" sortProperty="BatchNumber"
						customData:p13nData='\{"columnKey": "BatchNumber", "columnIndex":"10","leadingProperty":"BatchNumber", "additionalProperty":"BatchNumber","sortProperty": "BatchNumber", "filterProperty": "BatchNumber", "type" : "string"}'>
						<Label text="{i18n>BatchNumber}"/>
						<ui:template>
							<Text text="{oFreightOrderModel>BatchNumber}" wrapping="false"/>
						</ui:template>
					</ui:Column>
					<ui:Column width="8rem" filterProperty="NotificationType" sortProperty="NotificationType"
						customData:p13nData='\{"columnKey": "NotificationType", "columnIndex":"11","leadingProperty":"NotificationType", "additionalProperty":"NotificationType","sortProperty": "NotificationType", "filterProperty": "NotificationType", "type" : "string"}'>
						<Label text="{i18n>NotificationType}"/>
						<ui:template>
							<Text text="{oFreightOrderModel>NotificationType}" wrapping="false"/>
						</ui:template>
					</ui:Column>
					<ui:Column width="4rem" filterProperty="Priority" sortProperty="Priority"
						customData:p13nData='\{"columnKey": "Priority", "columnIndex":"12","leadingProperty":"Priority", "additionalProperty":"Priority","sortProperty": "Priority", "filterProperty": "Priority", "type" : "string"}'>
						<Label text="{i18n>Priority}"/>
						<ui:template>
							<Text text="{oFreightOrderModel>Priority}" wrapping="false"/>
						</ui:template>
					</ui:Column>
					<ui:Column width="8rem" filterProperty="SerialNumber" sortProperty="SerialNumber"
						customData:p13nData='\{"columnKey": "SerialNumber", "columnIndex":"13","leadingProperty":"SerialNumber", "additionalProperty":"SerialNumber","sortProperty": "SerialNumber", "filterProperty": "SerialNumber", "type" : "string"}'>
						<Label text="{i18n>SerialNumber}"/>
						<ui:template>
							<Text text="{oFreightOrderModel>SerialNumber}" wrapping="false"/>
						</ui:template>
					</ui:Column>
					<ui:Column width="11rem" filterProperty="Plant" sortProperty="Plant"
						customData:p13nData='\{"columnKey": "Plant", "columnIndex":"14","leadingProperty":"Plant", "additionalProperty":"Plant","sortProperty": "Plant", "filterProperty": "SerialNumber", "Plant" : "string"}'>
						<Label text="{i18n>Plant}"/>
						<ui:template>
							<Text text="{oFreightOrderModel>Plant}" wrapping="false"/>
						</ui:template>
					</ui:Column>
					<ui:Column width="11rem" filterProperty="ShippingPoint" sortProperty="ShippingPoint"
						customData:p13nData='\{"columnKey": "ShippingPoint", "columnIndex":"15","leadingProperty":"ShippingPoint", "additionalProperty":"ShippingPoint","sortProperty": "ShippingPoint", "filterProperty": "ShippingPoint", "type" : "string"}'>
						<Label text="{i18n>ShippingPoint}"/>
						<ui:template>
							<Text text="{oFreightOrderModel>ShippingPoint}" wrapping="false"/>
						</ui:template>
					</ui:Column>
					<ui:Column width="8rem" filterProperty="Shipper" sortProperty="Shipper"
						customData:p13nData='\{"columnKey": "Shipper", "columnIndex":"16","leadingProperty":"Shipper", "additionalProperty":"Shipper","sortProperty": "Shipper", "filterProperty": "Shipper", "type" : "string"}'>
						<Label text="{i18n>Shipper}"/>
						<ui:template>
							<Text text="{oFreightOrderModel>Shipper}" wrapping="false"/>
						</ui:template>
					</ui:Column>
					<ui:Column width="5rem" filterProperty="Quantity" sortProperty="Quantity"
						customData:p13nData='\{"columnKey": "Quantity", "columnIndex":"16","leadingProperty":"Quantity", "additionalProperty":"Quantity","sortProperty": "Quantity", "filterProperty": "Quantity", "type" : "string"}'>
						<Label text="{i18n>Quantity}"/>
						<ui:template>
							<Text text="{oFreightOrderModel>Quantity}" wrapping="false"/>
						</ui:template>
					</ui:Column>
					<ui:Column width="11rem" filterProperty="CommodityCode" sortProperty="CommodityCode"
						customData:p13nData='\{"columnKey": "CommodityCode", "columnIndex":"20","leadingProperty":"CommodityCode", "additionalProperty":"CommodityCode","sortProperty": "CommodityCode", "filterProperty": "Type", "CommodityCode" : "string"}'>
						<Label text="{i18n>CommodityCode}"/>
						<ui:template>
							<Text text="{oFreightOrderModel>CommodityCode}" wrapping="false"/>
						</ui:template>
					</ui:Column>
					<ui:Column width="15rem" filterProperty="ProductHierarchy" sortProperty="ProductHierarchy"
						customData:p13nData='\{"columnKey": "ProductHierarchy", "columnIndex":"20","leadingProperty":"ProductHierarchy", "additionalProperty":"ProductHierarchy","sortProperty": "ProductHierarchy", "filterProperty": "Type", "ProductHierarchy" : "string"}'>
						<Label text="{i18n>ProductHierarchy}"/>
						<ui:template>
							<Text text="{oFreightOrderModel>ProductHierarchy}" wrapping="false"/>
						</ui:template>
					</ui:Column>
					<ui:Column width="9rem" filterProperty="PurchaseOrder" sortProperty="PurchaseOrder"
						customData:p13nData='\{"columnKey": "PurchaseOrder", "columnIndex":"20","leadingProperty":"PurchaseOrder", "additionalProperty":"PurchaseOrder","sortProperty": "PurchaseOrder", "filterProperty": "PurchaseOrder", "type" : "string"}'>
						<Label text="{i18n>PurchaseOrder}"/>
						<ui:template>
							<Text text="{oFreightOrderModel>PurchaseOrder}" wrapping="false"/>
						</ui:template>
					</ui:Column>
					<ui:Column width="14rem" filterProperty="HazardousMaterialNo" sortProperty="HazardousMaterialNo"
						customData:p13nData='\{"columnKey": "HazardousMaterialNo", "columnIndex":"20","leadingProperty":"HazardousMaterialNo", "additionalProperty":"HazardousMaterialNo","sortProperty": "HazardousMaterialNo", "filterProperty": "HazardousMaterialNo", "type" : "string"}'>
						<Label text="{i18n>HazardousMaterialNumber}"/>
						<ui:template>
							<Text text="{oFreightOrderModel>HazardousMaterialNo}" wrapping="false"/>
						</ui:template>
					</ui:Column>
					<ui:Column width="11rem" filterProperty="BatteryNetWeight" sortProperty="BatteryNetWeight"
						customData:p13nData='\{"columnKey": "BatteryNetWeight", "columnIndex":"21","leadingProperty":"BatteryNetWeight", "additionalProperty":"BatteryNetWeight","sortProperty": "BatteryNetWeight", "filterProperty": "BatteryNetWeight", "type" : "string"}'>
						<Label text="{i18n>BatteryNetWeight}"/>
						<ui:template>
							<Text text="{oFreightOrderModel>BatteryNetWeight}" wrapping="false"/>
						</ui:template>
					</ui:Column>
				</ui:columns>
			</ui:Table>
		</content>
	</Panel>
	<Panel headerText="Shipping Details" expandable="true" expanded="true">
		<content>
			<!--<HBox class="sapUiSmallMarginBegin sapUiTinyMarginTop sapUiTinyMarginBottom">-->
			<!--	<VBox>-->
			<!--		<HBox>-->
			<!--			<VBox>-->
			<!--				<VBox>-->
			<!--					<Label text="Total Gross Weight" wrapping="false" required="true"/>-->
			<!--					<Input id="idTotGRWt" value="{oFreightOrderModel>/TotalGrossWeight}" width="280px"/>-->
			<!--				</VBox>-->
			<!--				<VBox class="sapUiTinyMarginTop">-->
			<!--					<Label text="Mode of Transport" wrapping="false"/>-->
			<!--					<Input value="{oFreightOrderModel>/ModeOfTransport}" width="280px"/>-->
			<!--				</VBox>-->
			<!--			</VBox>-->
			<!--			<VBox class="sapUiMediumMarginBegin">-->
			<!--				<VBox>-->
			<!--					<Label text="Total No. of Packages" wrapping="false" required="true"/>-->
			<!--					<Input id="idTotNoPack" value="{oFreightOrderModel>/TotalPackages}" width="280px"/>-->
			<!--				</VBox>-->
			<!--				<VBox class="sapUiTinyMarginTop">-->
			<!--					<Label text="Volume Unit of Measure" wrapping="false" required="true"/>-->
			<!--					<Input value="{oFreightOrderModel>/VolumeUnitOfMeasure}" width="280px"/>-->
			<!--				</VBox>-->
			<!--			</VBox>-->
			<!--			<VBox class="sapUiMediumMarginBegin">-->
			<!--				<VBox>-->
			<!--					<Label text="Weight Unit of Measure" wrapping="false" required="true"/>-->
			<!--					<Input value="{oFreightOrderModel>/WeightUnitOfMeasure}" width="280px"/>-->
			<!--				</VBox>-->
			<!--				<VBox class="sapUiTinyMarginTop">-->
			<!--					<Label text="Port of Entry" wrapping="false"/>-->
			<!--					<Input value="{oFreightOrderModel>/PortOfEntry}" width="280px"/>-->
			<!--				</VBox>-->
			<!--			</VBox>-->
			<!--			<VBox class="sapUiMediumMarginBegin">-->
			<!--				<VBox>-->
			<!--					<Label text="Shipment Type" wrapping="false" required="true"/>-->
			<!--					<Input value="{oFreightOrderModel>/ShipmentType}" width="280px"/>-->
			<!--				</VBox>-->
			<!--				<VBox class="sapUiTinyMarginTop">-->
			<!--					<Label text="Shipping Condition" wrapping="false"/>-->
			<!--					<Input value="{oFreightOrderModel>/ShippingCondition}" width="280px"/>-->
			<!--				</VBox>-->
			<!--			</VBox>-->
			<!--			<VBox class="sapUiMediumMarginBegin">-->
			<!--				<VBox>-->
			<!--					<Label text="Total Gross Volume" wrapping="false" required="true"/>-->
			<!--					<Input value="{oFreightOrderModel>/TotalGrossVolume}" width="280px"/>-->
			<!--				</VBox>-->
			<!--				<VBox class="sapUiTinyMarginTop">-->
			<!--					<Label text="Port of Origin" wrapping="false"/>-->
			<!--					<Input value="{oFreightOrderModel>/PortOfOrigin}" width="280px"/>-->
			<!--				</VBox>-->
			<!--			</VBox>-->
			<!--		</HBox>-->
			<!--	</VBox>-->
			<!--</HBox>-->
			<f:SimpleForm id="SimpleFormChangeColumn" editable="true" layout="ResponsiveGridLayout" columnsL="5" columnsM="5">
				<f:content>
					<core:Title/>
					<VBox>
						<Label text="Total Gross Weight" wrapping="false" required="true" labelFor="idTotGRWt"/>
						<Input id="idTotGRWt" value="{oFreightOrderModel>/TotalGrossWeight}" maxLength="13"/>
					</VBox>
					<core:Title/>
					<VBox>
						<Label text="Weight Unit of Measure" wrapping="false" required="true" labelFor="idWgtUOM"/>
						<Input id="idWgtUOM" value="{oFreightOrderModel>/WeightUnitOfMeasure}" maxLength="3" class="zCarrierUppercase"/>
					</VBox>
					<core:Title/>
					<VBox>
						<Label text="Total Gross Volume" wrapping="false" required="true" labelFor="idTotGrVol"/>
						<Input id="idTotGrVol" value="{oFreightOrderModel>/TotalGrossVolume}" maxLength="13"/>
					</VBox>
					<core:Title/>
					<VBox>
						<Label text="Volume Unit of Measure" wrapping="false" required="true" labelFor="idVolUOM"/>
						<Input  id="idVolUOM" value="{oFreightOrderModel>/VolumeUnitOfMeasure}" maxLength="3" class="zCarrierUppercase"/>
					</VBox>
					<core:Title/>
					<VBox>
						<Label text="Shipping Condition" wrapping="false" labelFor="idShipCon"/>
						<Input id="idShipCon" value="{oFreightOrderModel>/ShippingCondition}" maxLength="2"/>
					</VBox>
					<core:Title/>
					<VBox>
						<Label text="Total No. of Packages" wrapping="false" required="true" labelFor="idTotNoPack"/>
						<Input id="idTotNoPack" value="{oFreightOrderModel>/TotalPackages}" maxLength="3"/>
					</VBox>
					<core:Title/>
					<VBox>
						<Label text="Shipment Type" wrapping="false" required="true" labelFor="idshipType"/>
						<Input  id="idshipType" value="{oFreightOrderModel>/ShipmentType}" maxLength="10" class="zCarrierUppercase"/>
					</VBox>
					<core:Title/>
					<VBox>
						<Label text="Mode of Transport" wrapping="false" labelFor="idMOT"/>
						<Input id="idMOT" value="{oFreightOrderModel>/ModeOfTransport}" maxLength="30"/>
					</VBox>
					<core:Title/>
					<VBox>
						<Label text="Port of Entry" wrapping="false" labelFor="idPOE"/>
						<Input id="idPOE" value="{oFreightOrderModel>/PortOfEntry}" maxLength="3"/>
					</VBox>
					<core:Title/>
					<VBox>
						<Label text="Port of Origin" wrapping="false" labelFor="idPOO"/>
						<Input id="idPOO" value="{oFreightOrderModel>/PortOfOrigin}" maxLength="3"/>
					</VBox>
					<core:Title/>
					<VBox>
						<Label text="Battery Status:" wrapping="false" labelFor="idBatteryStatus"/>
						<ComboBox xmlns="sap.m" id="idBatteryStatus"  width="280px" selectedKey="00">
							<items>
								<core:Item xmlns:core="sap.ui.core" key="00" text="" />
								<core:Item xmlns:core="sap.ui.core" key="01" text="iPhone Without Battery" />
								<core:Item xmlns:core="sap.ui.core" key="02" text="Product Without Battery" />
							</items>
						</ComboBox>
					</VBox>
					<core:Title/>
				</f:content>
				<core:Title/>
			</f:SimpleForm>
		</content>
	</Panel>
</core:FragmentDefinition>