<core:FragmentDefinition xmlns="sap.m" xmlns:l="sap.ui.layout" xmlns:f="sap.ui.layout.form" xmlns:core="sap.ui.core" xmlns:ui="sap.ui.table">
	<Dialog title="Goods Receipt Details" id="idLeanReceiptsGREDIT" contentHeight="21.875rem" contentWidth="60.625rem">
		<content>
			<ui:Table id="oLeanGREdit" selectionMode="None" visibleRowCount="7" ariaLabelledBy="title" rows="{EditGRModel>/}">
				<ui:columns>
					<ui:Column>
						<Label text="AC Dispatch ID"/>
						<ui:template>
							<Input value="{EditGRModel>DispatchID}" editable="false"></Input>
						</ui:template>
					</ui:Column>
					<ui:Column>
						<Label text="Carrier"/>
						<ui:template>
							<Input value="{EditGRModel>GRCarrier}"></Input>
						</ui:template>
					</ui:Column>
					<ui:Column>
						<Label text="Carrier Tracking"/>
						<ui:template>
							<Input value="{EditGRModel>GRCarrierTrackingNo}"></Input>
						</ui:template>
					</ui:Column>
					<ui:Column>
						<Label text="*GR Event Time"/>
						<ui:template>
							<Input value="{EditGRModel>GRTime}"></Input>
						</ui:template>
					</ui:Column>
					<ui:Column>
						<Label text="*GR Event Date"/>
						<ui:template>
							<Input value="{EditGRModel>GRDate}"></Input>
						</ui:template>
					</ui:Column>
					<ui:Column>
						<Label text="*GR Timezone"/>
						<ui:template>
							<Input value="{EditGRModel>GRTimeZone}"></Input>
						</ui:template>
					</ui:Column>
				</ui:columns>
			</ui:Table>
			<!--<Table noDataText="Drop column list items here and columns in the area above" id="table0">-->
			<!--	<items>-->
			<!--		<ColumnListItem type="Active" id="item0">-->
			<!--			<cells>-->
			<!--				<Input xmlns="sap.m" value="Value" id="input0" editable="false"/>-->
			<!--				<Input xmlns="sap.m" value="Value" id="input1"/>-->
			<!--				<Input xmlns="sap.m" value="Value" id="input2"/>-->
			<!--				<Input xmlns="sap.m" value="Value" id="input3"/>-->
			<!--				<Input xmlns="sap.m" value="Value" id="input4"/>-->
			<!--				<Input xmlns="sap.m" value="Value" id="input5"/>-->
			<!--			</cells>-->
			<!--		</ColumnListItem>-->
			<!--	</items>-->
			<!--	<columns>-->
			<!--		<Column >-->
			<!--			<header>-->
			<!--				<Label text="AC Disptach ID"/>-->
			<!--			</header>-->
			<!--		</Column>-->
			<!--		<Column >-->
			<!--			<header>-->
			<!--				<Label text="Carrier"/>-->
			<!--			</header>-->
			<!--		</Column>-->
			<!--		<Column >-->
			<!--			<header>-->
			<!--				<Label text="Carrier Tracking"/>-->
			<!--			</header>-->
			<!--		</Column>-->
			<!--		<Column >-->
			<!--			<header>-->
			<!--				<Label text="*GR Event Time"/>-->
			<!--			</header>-->
			<!--		</Column>-->
			<!--		<Column >-->
			<!--			<header>-->
			<!--				<Label text="*GR Event Date"/>-->
			<!--			</header>-->
			<!--		</Column>-->
			<!--		<Column >-->
			<!--			<header>-->
			<!--				<Label text="*GR Timezone"/>-->
			<!--			</header>-->
			<!--		</Column>-->
			<!--	</columns>-->
			<!--</Table>-->
		</content>
		<buttons>
			<Button text="Cancel" press="onLeanEditCancelBtnPress" class="zPrimaryButton sapUiTinyMarginBegin sapUiTinyMarginTop sapUiTinyMarginBottom"/>
			<Button text="Validate" press="onLeanEditValidateBtnPress" class="zPrimaryButton sapUiTinyMarginBegin sapUiTinyMarginTop sapUiTinyMarginBottom"/>
			<Button id="idLeanReceiptsGREdit" text="Submit" press="onLeanEditSubmitBtnPress" enabled="false" class="zPrimaryButton sapUiTinyMarginBegin sapUiTinyMarginTop sapUiTinyMarginBottom"/>
		</buttons>
	</Dialog>
</core:FragmentDefinition>