<core:FragmentDefinition xmlns:mvc="sap.ui.core.mvc" xmlns:core="sap.ui.core" xmlns:u="sap.ui.unified" xmlns:f="sap.ui.layout.form"
	xmlns:l="sap.ui.layout" xmlns:ui="sap.ui.table" xmlns="sap.m">
	<Panel id="oDCPanelFilterby" headerText="{i18n>filterby}" expandable="true" expanded="false" class="zFilterIcon">
		<content>
			<HBox >
				<VBox>
					<HBox>
						<VBox class="sapUiTinyMarginBegin">
							<VBox>
								<Label text=""/>
								<Label text=""/>
							</VBox>
							<VBox>
								<Label text="{i18n>select_file}" labelFor="idBrowseFileBtn"/>
								<Button text="{i18n>browseBtnText}" id="idBrowseFileBtn" press="onSelectFileBtnPress" class="zSecondaryButton"/>
							</VBox>
						</VBox>
						<VBox class="sapUiLargeMarginBegin ">
							<VBox>
								<Label text=""/>
								<Label text=""/>
							</VBox>
							<VBox>
								<Image id="idImageOr" src="./images/oR.png" ariaDescribedBy="idImageOr1" alt="OR" class="ZFilterORbutton" tooltip="OR"/>
								<!--<Button type="Transparent"  icon="./images/oR.png" tooltip="OR" id="idImageOr" class="ZFilterORbutton"/>-->
								<core:InvisibleText id="idImageOr1" text="OR"/>
								<!--<Label text="I" class="sapUiTinyMarginBegin"/>-->
								<!--<Label text="OR"/>-->
								<!--<Label text="I" class="sapUiTinyMarginBegin"/>-->
							</VBox>
						</VBox>
						<VBox class="sapUiLargeMarginBegin ">
							<VBox>
								<Label text="{i18n>regfFlrByHdrText}" visible="{=${oRegionTypeModel>/results/0/userType}==='I'}" labelFor="idDCRegion"/>
								<Label text="{i18n>rcCodeFlyByHdrText}" visible="{=${oRegionTypeModel>/results/0/userType}!=='I'}" labelFor="idDCRegion"/>
								<!--<Input id="idDCRegion" showValueHelp="true" valueHelpOnly="true" valueHelpRequest=".onValueHelpRegion"-->
								<!--	suggestionItems="{ path: '/RegionCollection'}">-->
								<!--	<core:Item key="{RegionId}" text="{RegionId}"/>-->
								<!--</Input>-->
								<Select id="idDCRegion" items="{oRegionTypeModel>/results}" forceSelection="false"  editable="{=${oRegionTypeModel>/results/0/userType}==='I'}" width="13.125rem" ariaLabelledBy="idAreaLabelRCCode">
									<!--<items>-->
										<core:Item key="{oRegionTypeModel>Key}" text="{oRegionTypeModel>Key} - {oRegionTypeModel>ShortDescription}"/>
									<!--</items>-->
								</Select>
							</VBox>
							<core:InvisibleText id="idAreaLabelRCCode" text="Select for"/>
							<VBox class="sapUiTinyMarginTop">
								<Label text="{i18n>shipToPartnerFlrByHdrText}" labelFor="idDCShipTo"/>
								<MultiInput id="idDCShipTo" valueHelpOnly="true" valueHelpRequest=".onValueHelpShipTo" class="zFilterByInput" width="13.75rem"/>
							</VBox>
						</VBox>
						<VBox class="sapUiLargeMarginBegin ">
							<VBox>
								<Label text="{i18n>disIDFlrByHdrText}" labelFor="idDCDispatchiD"/>
								<MultiInput id="idDCDispatchiD" valueHelpOnly="true" valueHelpRequest=".onValueHelpDispatchID" class="zFilterByInput" width="13.75rem"/>
							</VBox>
							<VBox class="sapUiTinyMarginTop" visible="true">
								<Label text="{i18n>maxRowsFlrByHdrText}" labelFor="idDCMaxRows"/>
								<Input id="idDCMaxRows" class="zFilterByInput" value="500"/>
							</VBox>
						</VBox>
						<VBox class="sapUiLargeMarginBegin ">
							<VBox>
								<Label text="{i18n>serNoFlrByHdrText}" labelFor="idDCSerNotNo"/>
								<MultiInput id="idDCSerNotNo" valueHelpOnly="true" valueHelpRequest=".onValueHelpSerNotNo" class="zFilterByInput" width="13.75rem"/>
							</VBox>
							<VBox class="sapUiTinyMarginTop" visible="true">
								<Label text="Created Date" labelFor="idCratedDate"/>
								<DateRangeSelection id="idCratedDate" displayFormat= "{oRegionTypeModel>/DateFormat}" valueFormat="yyyyMMdd" change="handleChange"/>
							</VBox>
						</VBox>
						<VBox class="sapUiLargeMarginBegin " visible="true">
							<VBox>
								<Label text="{i18n>ModSerNoFlrByHdrText}" labelFor="idDCModSerNo"/>
								<MultiInput id="idDCModSerNo" valueHelpOnly="true" valueHelpRequest=".onValueHelpModSerNo" class="zFilterByInput" width="13.75rem"/>
							</VBox>
						</VBox>
						<VBox class="sapUiLargeMarginBegin ">
							<VBox>
								<Label text="{i18n>chgdateFlrByHdrText}" labelFor="idDCChgDate"/>
								<DatePicker id="idDCChgDate" valueFormat="yyyyMMdd" displayFormat= "{oRegionTypeModel>/DateFormat}" navigate="onLeanChangeDate"/>
							</VBox>
							<VBox class="sapUiLargeMarginBegin sapUiMediumMarginTop">
								<HBox>
									<Button text="Clear" press="resetLeanFilterBy" class="zSecondaryButton"/>
									<Label text="" labelFor="idDCSearch"/>
									<Button text="Search" id="idDCSearch" class="sapUiTinyMarginBegin zPrimaryButton" press="onLeanReceiptsSearch"/>
								</HBox>
							</VBox>
						</VBox>
					</HBox>
				</VBox>
			</HBox>
		</content>
	</Panel>
</core:FragmentDefinition>