<core:FragmentDefinition xmlns:core="sap.ui.core" xmlns="sap.m" xmlns:ui="sap.ui.table" xmlns:f="sap.ui.layout.form" xmlns:l="sap.ui.layout"
	xmlns:mvc="sap.ui.core.mvc" xmlns:u="sap.ui.unified" xmlns:customData="http://schemas.sap.com/sapui5/extension/sap.ui.core.CustomData/1"
	xmlns:smartTable="sap.ui.comp.smarttable">
	<Panel>
		<content>
			<OverflowToolbar design="Transparent" class="zTableToolBar">
				<content>
					<Button type="Transparent" press="handleCustUpdateCarrierBack" icon="sap-icon://nav-back" tooltip="{i18n>backBtnTooltip}"/>
					<Label text="Reference Number :" class="sapUiTinyMarginBegin zFreightOrderLabel" labelFor="idPACFreightOrderRefNum"/>
					<Label text="{oFreightOrderModel>/ReferenceNumber}" class="sapUiTinyMarginBegin zFreightOrderLabel" id="idPACFreightOrderRefNum"/>
					<ToolbarSpacer/>
					<Button text="Save" id="idCustShipFreightSave" class="zSecondaryButton" press="onCUSTShipPACSaveFreightPress"/>
					<Button text="Request Shipping Document"  class="zPrimaryButton" press="onCUSTShipPACReqFreightPress" />
				</content>
			</OverflowToolbar>
			<f:SimpleForm editable="true" layout="ResponsiveGridLayout" columnsL="5" columnsM="5">
				<f:content>
					<core:Title/>
					<VBox>
						<Label text="Carrier" required="true" labelFor="idCarrier"/>
						<Input id="idCarrier" value="{oFreightOrderModel>/Carrier}" class="zFilterByInput zCarrierUppercase"/>
					</VBox>
					<core:Title/>
					<VBox>
						<Label text="Ship To" labelFor="idShipTo"/>
						<Input id="idShipTo" value="{oFreightOrderModel>/ShipTo}" editable="false" class="zFilterByInput"/>
					</VBox>
					<core:Title/>
					<VBox >
						<Label text="Carrier Tracking" wrapping="false" required="true" labelFor="idCarrierTracking"/>
						<Input id="idCarrierTracking" value="{oFreightOrderModel>/CarrierTracking}" maxLength="30" class="zFilterByInput zCarrierUppercase"/>
					</VBox>
					<core:Title/>
					<VBox>
						<Label text="Carrier Hand Over Date:" wrapping="false" required="true" labelFor="idDCFreightDate"/>
						<DatePicker id="idDCFreightDate" value="{oFreightOrderModel>/CarrierHandoverDate}" valueFormat="{oRegionTypeModel>/DateFormat}" displayFormat= "{oRegionTypeModel>/DateFormat}"/>
					</VBox>
				</f:content>
			</f:SimpleForm>
		</content>
	</Panel>
	<Panel headerText="Item Details" expandable="true" expanded="true">
		<content>
			<ui:Table id="oFrightOrderItemTable" selectionMode="None" rows="{oFreightOrderModel>/ToCarrierItem/results/}" visibleRowCount="3"
				enableCellFilter=" {ui>/cellFilterOn}" ariaLabelledBy="title">
				<ui:columns>
					<ui:Column width="10rem" filterProperty="DispatchId" sortProperty="DispatchId"
						customData:p13nData='\{"columnKey": "DispatchId", "columnIndex":"0","leadingProperty":"DispatchId", "additionalProperty":"DispatchId","sortProperty": "DispatchId", "filterProperty": "DispatchId", "type" : "string"}'>
						<Label text="{i18n>DispatchId}"/>
						<ui:template>
							<Text text="{oFreightOrderModel>DispatchId}" wrapping="false"/>
						</ui:template>
					</ui:Column>
					<ui:Column width="14rem" filterProperty="Status" sortProperty="Status"
						customData:p13nData='\{"columnKey": "Status", "columnIndex":"1","leadingProperty":"Status", "additionalProperty":"ReferenceNo","sortProperty": "Status", "filterProperty": "Status", "type" : "string"}'>
						<Label text="{i18n>Status}"/>
						<ui:template>
							<Text text="{oFreightOrderModel>StatusDescription}" wrapping="false"/>
						</ui:template>
					</ui:Column>
					<ui:Column width="9rem" filterProperty="ShipToPartner" sortProperty="ShipToPartner"
						customData:p13nData='\{"columnKey": "ShipToPartner", "columnIndex":"2","leadingProperty":"ShipToPartner", "additionalProperty":"ShipToPartner","sortProperty": "ShipToPartner", "filterProperty": "ShipToPartner", "type" : "string"}'>
						<Label text="{i18n>ShipToPartner}"/>
						<ui:template>
							<Text text="{oFreightOrderModel>ShipToPartner}" wrapping="false"/>
						</ui:template>
					</ui:Column>
					<ui:Column width="9rem" filterProperty="ServiceNotification" sortProperty="ServiceNotification"
						customData:p13nData='\{"columnKey": "ServiceNotification", "columnIndex":"3","leadingProperty":"ServiceNotification", "additionalProperty":"ServiceNotification","sortProperty": "ServiceNotification", "filterProperty": "ServiceNotification", "type" : "string"}'>
						<Label text="{i18n>ServiceNotification}"/>
						<ui:template>
							<Text text="{oFreightOrderModel>ServiceNotifiation}" wrapping="false"/>
						</ui:template>
					</ui:Column>
					<ui:Column width="7rem" filterProperty="PartNumber" sortProperty="PartNumber"
						customData:p13nData='\{"columnKey": "PartNumber", "columnIndex":"4","leadingProperty":"PartNumber", "additionalProperty":"PartNumber","sortProperty": "PartNumber", "filterProperty": "PartNumber", "type" : "string"}'>
						<Label text="{i18n>Part}"/>
						<ui:template>
							<Text text="{oFreightOrderModel>PartNo}" wrapping="false"/>
						</ui:template>
					</ui:Column>
					<ui:Column width="11rem" filterProperty="PartDescription" sortProperty="PartDescription"
						customData:p13nData='\{"columnKey": "PartDescription", "columnIndex":"5","leadingProperty":"PartDescription", "additionalProperty":"PartDescription","sortProperty": "PartDescription", "filterProperty": "PartDescription", "type" : "string"}'>
						<Label text="{i18n>PartDescription}"/>
						<ui:template>
							<Text text="{oFreightOrderModel>PartDescription}" wrapping="false"/>
						</ui:template>
					</ui:Column>
					<ui:Column width="8rem" filterProperty="NotificationType" sortProperty="NotificationType"
						customData:p13nData='\{"columnKey": "NotificationType", "columnIndex":"6","leadingProperty":"NotificationType", "additionalProperty":"NotificationType","sortProperty": "NotificationType", "filterProperty": "NotificationType", "type" : "string"}'>
						<Label text="{i18n>NotificationType}"/>
						<ui:template>
							<Text text="{oFreightOrderModel>NotificationType}" wrapping="false"/>
						</ui:template>
					</ui:Column>
					<ui:Column width="4rem" filterProperty="Priority" sortProperty="Priority"
						customData:p13nData='\{"columnKey": "Priority", "columnIndex":"7","leadingProperty":"Priority", "additionalProperty":"Priority","sortProperty": "Priority", "filterProperty": "Priority", "type" : "string"}'>
						<Label text="{i18n>Priority}"/>
						<ui:template>
							<Text text="{oFreightOrderModel>Priority}" wrapping="false"/>
						</ui:template>
					</ui:Column>
					<ui:Column width="8rem" filterProperty="SerialNumber" sortProperty="SerialNumber"
						customData:p13nData='\{"columnKey": "SerialNumber", "columnIndex":"8","leadingProperty":"SerialNumber", "additionalProperty":"SerialNumber","sortProperty": "SerialNumber", "filterProperty": "SerialNumber", "type" : "string"}'>
						<Label text="{i18n>SerialNumber}"/>
						<ui:template>
							<Text text="{oFreightOrderModel>SerialNumber}" wrapping="false"/>
						</ui:template>
					</ui:Column>
					<ui:Column width="8rem" filterProperty="Shipper" sortProperty="Shipper"
						customData:p13nData='\{"columnKey": "Shipper", "columnIndex":"9","leadingProperty":"Shipper", "additionalProperty":"Shipper","sortProperty": "Shipper", "filterProperty": "Shipper", "type" : "string"}'>
						<Label text="{i18n>Shipper}"/>
						<ui:template>
							<Text text="{oFreightOrderModel>Shipper}" wrapping="false"/>
						</ui:template>
					</ui:Column>
					<ui:Column width="5rem" filterProperty="Quantity" sortProperty="Quantity"
						customData:p13nData='\{"columnKey": "Quantity", "columnIndex":"10","leadingProperty":"Quantity", "additionalProperty":"Quantity","sortProperty": "Quantity", "filterProperty": "Quantity", "type" : "string"}'>
						<Label text="{i18n>Quantity}"/>
						<ui:template>
							<Text text="{oFreightOrderModel>Quantity}" wrapping="false"/>
						</ui:template>
					</ui:Column>
					<ui:Column width="9rem" filterProperty="RorModel" sortProperty="RorModel"
						customData:p13nData='\{"columnKey": "RorModel", "columnIndex":"11","leadingProperty":"RorModel", "additionalProperty":"RorModel","sortProperty": "RorModel", "filterProperty": "RorModel", "type" : "string"}'>
						<Label text="{i18n>RorModel}"/>
						<ui:template>
							<Text text="{oFreightOrderModel>RorModel}" wrapping="false"/>
						</ui:template>
					</ui:Column>
					<ui:Column width="15rem" filterProperty="ProductHierarchy" sortProperty="ProductHierarchy"
						customData:p13nData='\{"columnKey": "ProductHierarchy", "columnIndex":"12","leadingProperty":"ProductHierarchy", "additionalProperty":"ProductHierarchy","sortProperty": "ProductHierarchy", "filterProperty": "Type", "ProductHierarchy" : "string"}'>
						<Label text="{i18n>ProductHierarchy}"/>
						<ui:template>
							<Text text="{oFreightOrderModel>ProductHierarchy}" wrapping="false"/>
						</ui:template>
					</ui:Column>
					<ui:Column width="11rem" filterProperty="WarrantyCoverage" sortProperty="WarrantyCoverage"
						customData:p13nData='\{"columnKey": "WarrantyCoverage", "columnIndex":"13","leadingProperty":"WarrantyCoverage", "additionalProperty":"WarrantyCoverage","sortProperty": "WarrantyCoverage", "filterProperty": "WarrantyCoverage", "type" : "string"}'>
						<Label text="{i18n>WarrantyCoverage}"/>
						<ui:template>
							<Text text="{oFreightOrderModel>WarrantyCoverage}" wrapping="false"/>
						</ui:template>
					</ui:Column>
					<ui:Column width="11rem" filterProperty="Drc" sortProperty="Drc"
						customData:p13nData='\{"columnKey": "Drc", "columnIndex":"14","leadingProperty":"Drc", "additionalProperty":"Drc","sortProperty": "Drc", "filterProperty": "Drc", "Plant" : "string"}'>
						<Label text="{i18n>Drc}"/>
						<ui:template>
							<Text text="{oFreightOrderModel>Drc}" wrapping="false"/>
						</ui:template>
					</ui:Column>
					<ui:Column width="11rem" filterProperty="CreatedOn" sortProperty="CreatedOn"
						customData:p13nData='\{"columnKey": "CreatedOn", "columnIndex":"15","leadingProperty":"CreatedOn", "additionalProperty":"CreatedOn","sortProperty": "CreatedOn", "filterProperty": "CreatedOn", "type" : "string"}'>
						<Label text="{i18n>CreatedOn}"/>
						<ui:template>
							<Text text="{oFreightOrderModel>CreatedOn}" wrapping="false"/>
						</ui:template>
					</ui:Column>
					<ui:Column width="9rem" filterProperty="PurchaseOrder" sortProperty="PurchaseOrder"
						customData:p13nData='\{"columnKey": "PurchaseOrder", "columnIndex":"16","leadingProperty":"PurchaseOrder", "additionalProperty":"PurchaseOrder","sortProperty": "PurchaseOrder", "filterProperty": "PurchaseOrder", "type" : "string"}'>
						<Label text="{i18n>PurchaseOrder}"/>
						<ui:template>
							<Text text="{oFreightOrderModel>PurchaseOrder}" wrapping="false"/>
						</ui:template>
					</ui:Column>
					<ui:Column width="14rem" filterProperty="HazardousMaterialNo" sortProperty="HazardousMaterialNo"
						customData:p13nData='\{"columnKey": "HazardousMaterialNo", "columnIndex":"17","leadingProperty":"HazardousMaterialNo", "additionalProperty":"HazardousMaterialNo","sortProperty": "HazardousMaterialNo", "filterProperty": "HazardousMaterialNo", "type" : "string"}'>
						<Label text="{i18n>HazardousMaterialNumber}"/>
						<ui:template>
							<Text text="{oFreightOrderModel>HazardousMaterialNo}" wrapping="false"/>
						</ui:template>
					</ui:Column>
					<ui:Column width="11rem" filterProperty="BatteryNetWeight" sortProperty="BatteryNetWeight"
						customData:p13nData='\{"columnKey": "BatteryNetWeight", "columnIndex":"18","leadingProperty":"BatteryNetWeight", "additionalProperty":"BatteryNetWeight","sortProperty": "BatteryNetWeight", "filterProperty": "BatteryNetWeight", "type" : "string"}'>
						<Label text="{i18n>BatteryNetWeight}"/>
						<ui:template>
							<Text text="{oFreightOrderModel>BatteryNetWeight}" wrapping="false"/>
						</ui:template>
					</ui:Column>
				</ui:columns>
			</ui:Table>
		</content>
	</Panel>
	<Panel headerText="Shipping Details" expandable="true" expanded="true">
		<content>
			<f:SimpleForm id="SimpleFormChangeColumn" editable="true" layout="ResponsiveGridLayout" columnsL="5" columnsM="5">
				<f:content>
					<core:Title/>
					<VBox>
						<Label text="Total Gross Weight" wrapping="false" required="true" labelFor="idTotGRWt"/>
						<Input id="idTotGRWt" value="{oFreightOrderModel>/TotalGrossWeight}" maxLength="13"/>
					</VBox>
					<core:Title/>
					<VBox>
						<Label text="Weight Unit of Measure" wrapping="false" required="true" labelFor="idWgtUOM"/>
						<Input id="idWgtUOM" value="{oFreightOrderModel>/WeightUnitOfMeasure}" maxLength="3" class="zCarrierUppercase"/>
					</VBox>
					<core:Title/>
					<VBox>
						<Label text="Total Gross Volume" wrapping="false" required="true" labelFor="idTotGrVol"/>
						<Input id="idTotGrVol" value="{oFreightOrderModel>/TotalGrossVolume}" maxLength="13"/>
					</VBox>
					<core:Title/>
					<VBox>
						<Label text="Volume Unit of Measure" wrapping="false" required="true" labelFor="idVolUOM"/>
						<Input id="idVolUOM" value="{oFreightOrderModel>/VolumeUnitOfMeasure}" maxLength="3" class="zCarrierUppercase"/>
					</VBox>
					<core:Title/>
					<VBox>
						<Label text="Shipping Condition" wrapping="false" labelFor="idShipCon"/>
						<Input id="idShipCon" value="{oFreightOrderModel>/ShippingCondition}" maxLength="2"/>
					</VBox>
					<core:Title/>
					<VBox>
						<Label text="Total No. of Packages" wrapping="false" required="true" labelFor="idTotNoPack"/>
						<Input id="idTotNoPack" value="{oFreightOrderModel>/TotalPackages}" maxLength="3"/>
					</VBox>
					<core:Title/>
					<VBox>
						<Label text="Shipment Type" wrapping="false" required="true" labelFor="idshipType"/>
						<Input id="idshipType" value="{oFreightOrderModel>/ShipmentType}" maxLength="10" class="zCarrierUppercase"/>
					</VBox>
					<core:Title/>
					<VBox>
						<Label text="Mode of Transport" wrapping="false" labelFor="idMOT"/>
						<Input id="idMOT" value="{oFreightOrderModel>/ModeOfTransport}" maxLength="30"/>
					</VBox>
					<core:Title/>
					<VBox>
						<Label text="Port of Entry" wrapping="false" labelFor="idPOE"/>
						<Input id="idPOE" value="{oFreightOrderModel>/PortOfEntry}" maxLength="3"/>
					</VBox>
					<core:Title/>
					<VBox>
						<Label text="Port of Origin" wrapping="false" labelFor="idPOO"/>
						<Input id="idPOO" value="{oFreightOrderModel>/PortOfOrigin}" maxLength="3"/>
					</VBox>
					<core:Title/>
				</f:content>
				<core:Title/>
			</f:SimpleForm>
		</content>
	</Panel>
</core:FragmentDefinition>