<core:FragmentDefinition xmlns:core="sap.ui.core" xmlns:mvc="sap.ui.core.mvc" xmlns:ui="sap.ui.table" xmlns="sap.m"
	xmlns:f="sap.ui.layout.form" xmlns:l="sap.ui.layout" xmlns:u="sap.ui.unified" tooltip="Search Criteria">
	<Dialog title="Specify Search Criteria" id="idUploadFileDialog" contentHeight="9.375rem" contentWidth="28.125rem">
		<content>
			<Panel>
				<VBox>
					<Label text="Search Criteria" labelFor="idDCShipCombox" class="zPrimaryButton sapUiTinyMarginBegin sapUiTinyMarginTop sapUiTinyMarginBottom"/>
					<Select xmlns="sap.m" id="idDCShipCombox" width="18.75rem" class="sapUiTinyMarginBegin" items="{/items}">
						<items>
							<core:Item key="{key}" text="{text}"/>
						</items>
					</Select>
				</VBox>
				<HBox>
					<u:FileUploader id="fileUploader" name="myFileUpload" uploadUrl="upload/" tooltip="Upload your file" uploadComplete="handleUploadComplete"
						class="sapUiTinyMarginBegin"/>
						<Label labelFor="fileUploader" visible="false"></Label>
				</HBox>
			</Panel>
		</content>
		<beginButton>
			<Button text="Upload" press="onUploadBtnPress" class="zPrimaryButton sapUiTinyMarginBegin sapUiTinyMarginTop sapUiTinyMarginBottom"/>
		</beginButton>
		<endButton>
			<Button text="Cancel" press="onUploadCancelBtnPress" class="zSecondaryButton sapUiTinyMarginBegin sapUiTinyMarginTop sapUiTinyMarginBottom"/>
		</endButton>
	</Dialog>
</core:FragmentDefinition>