<core:FragmentDefinition xmlns:core="sap.ui.core" xmlns:mvc="sap.ui.core.mvc" xmlns:ui="sap.ui.table" xmlns="sap.m" 
	xmlns:f="sap.ui.layout.form" xmlns:l="sap.ui.layout" xmlns:u="sap.ui.unified">
	<Dialog title="Upload" id="idUploadFileDialog" contentHeight="9.375rem" contentWidth="28.125rem">
		<content>
			<Panel>
				<HBox>
					<u:FileUploader id="fileUploader" name="myFileUpload" uploadUrl="/sap/opu/odata/sap/ZOD_LAZARUS_CUSTOMER_SHIPMENTS_SRV/FileUploadSet" tooltip="Upload your file to the local server"
						uploadComplete="handleUploadComplete" class="sapUiTinyMarginBegin" fileType="XLSX,xlsx"/>
				</HBox>
			</Panel>
		</content>
		<beginButton>
			<Button text="Upload" press="onUploadTemplateBtnPress" class="zPrimaryButton sapUiTinyMarginBegin sapUiTinyMarginTop sapUiTinyMarginBottom"/>
		</beginButton>
		<endButton>
			<Button text="Cancel" press="onUploadTemplateCancelBtnPress" class="zSecondaryButton sapUiTinyMarginBegin sapUiTinyMarginTop sapUiTinyMarginBottom"/>
		</endButton>
	</Dialog>
</core:FragmentDefinition>