
{
  "xsappname": "configandsetting",
  "tenant-mode": "dedicated",
  "description": "Security profile of OLYMPUS applications",
  "scopes": [
    {
        "name": "$XSAPPNAME.PO_DISPLAY",
        "description": "PO Display"
    },
    {
        "name": "$XSAPPNAME.PO_CREATE",
        "description": "PO Create"
    },
    {
        "name": "$XSAPPNAME.PALLETGS1_DISPLAY",
        "description": "Pallet GS1 Display"
    },
    {
        "name": "$XSAPPNAME.PALLETGS1_CREATE",
        "description": "Pallet GS1 Create"
    },
    {
        "name": "$XSAPPNAME.CARRIERLABEL_DISPLAY",
        "description": "Carrier Label Display"
    },
    {
        "name": "$XSAPPNAME.CARRIERLABEL_CREATE",
        "description": "Carrier Label Create"
    },
    {
        "name": "$XSAPPNAME.MASTERDATA_DISPLAY",
        "description": "Master Data Display"
    },
    {
        "name": "$XSAPPNAME.CONFIGANDSETTIING_DISPLAY",
        "description": "Config and Setting Display"
    },
    {
        "name": "$XSAPPNAME.CONFIGANDSETTIING_CREATE",
        "description": "Config and Setting CREATE"
    }
],
   "attributes":[
     
      {
          "name": "Plant",
          "description": "Plant",
          "valueType": "string"
      },
       {
          "name": "Vendor",
          "description": "Vendor",
          "valueType": "string"
      }
  ],
  "role-templates": [
{
    "name": "T_OCN_OEMSAAC",
    "description": "OLYMPUS Business User Access",
    "scope-references": [ 
                          "$XSAPPNAME.PO_DISPLAY",
                          "$XSAPPNAME.PALLETGS1_DISPLAY",
                          "$XSAPPNAME.CARRIERLABEL_DISPLAY",
                          "$XSAPPNAME.CONFIGANDSETTIING_DISPLAY",
                          "$XSAPPNAME.PALLETGS1_CREATE",
                          "$XSAPPNAME.CARRIERLABEL_CREATE",
                          "$XSAPPNAME.CONFIGANDSETTIING_CREATE"
                         ],
      "attribute-references": [
                "Plant",
                "Vendor"
            ]
},
{
    "name": "T_OCN_OEMSAAD",
    "description": "OLYMPUS Business User 2",
    "scope-references": [
        "$XSAPPNAME.PO_DISPLAY",
        "$XSAPPNAME.PALLETGS1_DISPLAY",
        "$XSAPPNAME.CARRIERLABEL_DISPLAY",
        "$XSAPPNAME.CONFIGANDSETTIING_DISPLAY"
    ],
      "attribute-references": [
                "Plant",
                "Vendor"
            ]
},

{
    "name": "T_OCN_ISTSAAD",
    "description": "IS&T Support Display Access",
    "scope-references": [
        "$XSAPPNAME.PO_DISPLAY",
        "$XSAPPNAME.PALLETGS1_DISPLAY",
        "$XSAPPNAME.CARRIERLABEL_DISPLAY",
        "$XSAPPNAME.CONFIGANDSETTIING_DISPLAY"
    ],
      "attribute-references": [
                "Plant",
                "Vendor"
            ]
}
    
  ], 
"oauth2-configuration": {
"redirect-uris": ["https://olympusoem-dev-cp.corp.apple.com/**"],
"allowedproviders": ["corp-apps"]
}
}