<?xml version="1.0" encoding="utf-8"?>
<edmx:Edmx Version="1.0"
    xmlns:edmx="http://schemas.microsoft.com/ado/2007/06/edmx"
    xmlns:m="http://schemas.microsoft.com/ado/2007/08/dataservices/metadata"
    xmlns:sap="http://www.sap.com/Protocols/SAPData">
    <edmx:DataServices m:DataServiceVersion="2.0">
        <Schema Namespace="ZOD_OLYMPUS_GENERATE_FORM_SRV" xml:lang="en" sap:schema-version="1"
            xmlns="http://schemas.microsoft.com/ado/2008/09/edm">
            <Annotation Term="Core.SchemaVersion" String="1.0.0"
                xmlns="http://docs.oasis-open.org/odata/ns/edm"/>
            <EntityType Name="GENERATE_PALLET_LABEL" sap:content-version="1">
                <Key>
                    <PropertyRef Name="Uuid"/>
                </Key>
                <Property Name="Uuid" Type="Edm.String" Nullable="false" MaxLength="20" sap:unicode="false" sap:label="Uuid" sap:creatable="false" sap:updatable="false" sap:sortable="false" sap:filterable="false"/>
                <Property Name="PoNbr" Type="Edm.String" Nullable="false" MaxLength="10" sap:unicode="false" sap:label="PoNbr" sap:creatable="false" sap:updatable="false" sap:sortable="false" sap:filterable="false"/>
                <Property Name="PoItemNbr" Type="Edm.String" Nullable="false" MaxLength="6" sap:unicode="false" sap:label="PoItemNbr" sap:creatable="false" sap:updatable="false" sap:sortable="false" sap:filterable="false"/>
                <Property Name="PalletType" Type="Edm.String" Nullable="false" MaxLength="6" sap:unicode="false" sap:label="PalletType" sap:creatable="false" sap:updatable="false" sap:sortable="false" sap:filterable="false"/>
                <Property Name="Mpn" Type="Edm.String" Nullable="false" MaxLength="40" sap:unicode="false" sap:label="Mpn" sap:creatable="false" sap:updatable="false" sap:sortable="false" sap:filterable="false"/>
                <Property Name="CtryAsmbly" Type="Edm.String" Nullable="false" MaxLength="15" sap:unicode="false" sap:label="CtryAsmbly" sap:creatable="false" sap:updatable="false" sap:sortable="false" sap:filterable="false"/>
                <Property Name="ModelNbr" Type="Edm.String" Nullable="false" MaxLength="10" sap:unicode="false" sap:label="ModelNbr" sap:creatable="false" sap:updatable="false" sap:sortable="false" sap:filterable="false"/>
                <Property Name="Coo" Type="Edm.String" Nullable="false" MaxLength="15" sap:unicode="false" sap:label="Coo" sap:creatable="false" sap:updatable="false" sap:sortable="false" sap:filterable="false"/>
                <Property Name="Gtin" Type="Edm.String" Nullable="false" MaxLength="20" sap:unicode="false" sap:label="Gtin" sap:creatable="false" sap:updatable="false" sap:sortable="false" sap:filterable="false"/>
                <Property Name="CartonCount" Type="Edm.String" Nullable="false" MaxLength="20" sap:unicode="false" sap:label="CartonCount" sap:creatable="false" sap:updatable="false" sap:sortable="false" sap:filterable="false"/>
                <Property Name="Sscc18Nbr" Type="Edm.String" Nullable="false" MaxLength="20" sap:unicode="false" sap:label="Sscc18Nbr" sap:creatable="false" sap:updatable="false" sap:sortable="false" sap:filterable="false"/>
                <Property Name="DateTimestamp" Type="Edm.String" Nullable="false" MaxLength="6" sap:unicode="false" sap:label="DateTimestamp" sap:creatable="false" sap:updatable="false" sap:sortable="false" sap:filterable="false"/>
                <Property Name="CreationUser" Type="Edm.String" Nullable="false" MaxLength="12" sap:unicode="false" sap:label="CreationUser" sap:creatable="false" sap:updatable="false" sap:sortable="false" sap:filterable="false"/>
                <Property Name="MIME_TYPE" Type="Edm.String" Nullable="false" MaxLength="15" sap:unicode="false" sap:label="MIME_TYPE" sap:creatable="false" sap:updatable="false" sap:sortable="false" sap:filterable="false"/>
                <Property Name="VALUE" Type="Edm.Binary" Nullable="false" sap:unicode="false" sap:label="VALUE" sap:creatable="false" sap:updatable="false" sap:sortable="false" sap:filterable="false"/>
            </EntityType>
            <EntityType Name="GENERATE_CARRIER_LABEL" sap:content-version="1">
                <Key>
                    <PropertyRef Name="PoItemNbr"/>
                    <PropertyRef Name="Uuid"/>
                    <PropertyRef Name="PoNbr"/>
                </Key>
                <Property Name="PoItemNbr" Type="Edm.String" Nullable="false" MaxLength="6" sap:unicode="false" sap:label="PoItemNbr" sap:creatable="false" sap:updatable="false" sap:sortable="false" sap:filterable="false"/>
                <Property Name="Uuid" Type="Edm.String" Nullable="false" MaxLength="20" sap:unicode="false" sap:label="Uuid" sap:creatable="false" sap:updatable="false" sap:sortable="false" sap:filterable="false"/>
                <Property Name="PoNbr" Type="Edm.String" Nullable="false" MaxLength="10" sap:unicode="false" sap:label="PoNbr" sap:creatable="false" sap:updatable="false" sap:sortable="false" sap:filterable="false"/>
                <Property Name="CarrierScac" Type="Edm.String" Nullable="false" MaxLength="25" sap:unicode="false" sap:label="CarrierScac" sap:creatable="false" sap:updatable="false" sap:sortable="false" sap:filterable="false"/>
                <Property Name="DepApCode" Type="Edm.String" Nullable="false" MaxLength="4" sap:unicode="false" sap:label="DepApCode" sap:creatable="false" sap:updatable="false" sap:sortable="false" sap:filterable="false"/>
                <Property Name="DestApCode" Type="Edm.String" Nullable="false" MaxLength="4" sap:unicode="false" sap:label="DestApCode" sap:creatable="false" sap:updatable="false" sap:sortable="false" sap:filterable="false"/>
                <Property Name="HawbNbr" Type="Edm.String" Nullable="false" MaxLength="14" sap:unicode="false" sap:label="HawbNbr" sap:creatable="false" sap:updatable="false" sap:sortable="false" sap:filterable="false"/>
                <Property Name="ShipDate" Type="Edm.DateTime" Precision="0" sap:unicode="false" sap:label="ShipDate"/>
                <Property Name="ShipId" Type="Edm.String" Nullable="false" MaxLength="20" sap:unicode="false" sap:label="ShipId" sap:creatable="false" sap:updatable="false" sap:sortable="false" sap:filterable="false"/>
                <Property Name="Sscc128" Type="Edm.String" Nullable="false" MaxLength="22" sap:unicode="false" sap:label="Sscc128" sap:creatable="false" sap:updatable="false" sap:sortable="false" sap:filterable="false"/>
                <Property Name="Carton1ToX" Type="Edm.String" Nullable="false" MaxLength="5" sap:unicode="false" sap:label="Carton1ToX" sap:creatable="false" sap:updatable="false" sap:sortable="false" sap:filterable="false"/>
                <Property Name="CartonTotalPo" Type="Edm.String" Nullable="false" MaxLength="4" sap:unicode="false" sap:label="CartonTotalPo" sap:creatable="false" sap:updatable="false" sap:sortable="false" sap:filterable="false"/>
                <Property Name="ShipToName1" Type="Edm.String" Nullable="false" MaxLength="35" sap:unicode="false" sap:label="ShipToName1" sap:creatable="false" sap:updatable="false" sap:sortable="false" sap:filterable="false"/>
                <Property Name="ShipToName2" Type="Edm.String" Nullable="false" MaxLength="35" sap:unicode="false" sap:label="ShipToName2" sap:creatable="false" sap:updatable="false" sap:sortable="false" sap:filterable="false"/>
                <Property Name="ShipToAddr1" Type="Edm.String" Nullable="false" MaxLength="35" sap:unicode="false" sap:label="ShipToAddr1" sap:creatable="false" sap:updatable="false" sap:sortable="false" sap:filterable="false"/>
                <Property Name="ShipToAddr2" Type="Edm.String" Nullable="false" MaxLength="35" sap:unicode="false" sap:label="ShipToAddr2" sap:creatable="false" sap:updatable="false" sap:sortable="false" sap:filterable="false"/>
                <Property Name="ShipToAddr3" Type="Edm.String" Nullable="false" MaxLength="35" sap:unicode="false" sap:label="ShipToAddr3" sap:creatable="false" sap:updatable="false" sap:sortable="false" sap:filterable="false"/>
                <Property Name="ShipToCity" Type="Edm.String" Nullable="false" MaxLength="35" sap:unicode="false" sap:label="ShipToCity" sap:creatable="false" sap:updatable="false" sap:sortable="false" sap:filterable="false"/>
                <Property Name="ShipToState" Type="Edm.String" Nullable="false" MaxLength="15" sap:unicode="false" sap:label="ShipToState" sap:creatable="false" sap:updatable="false" sap:sortable="false" sap:filterable="false"/>
                <Property Name="ShipToZip" Type="Edm.String" Nullable="false" MaxLength="12" sap:unicode="false" sap:label="ShipToZip" sap:creatable="false" sap:updatable="false" sap:sortable="false" sap:filterable="false"/>
                <Property Name="ShipToCtry" Type="Edm.String" Nullable="false" MaxLength="15" sap:unicode="false" sap:label="ShipToCtry" sap:creatable="false" sap:updatable="false" sap:sortable="false" sap:filterable="false"/>
                <Property Name="ShipToTel" Type="Edm.String" Nullable="false" MaxLength="16" sap:unicode="false" sap:label="ShipToTel" sap:creatable="false" sap:updatable="false" sap:sortable="false" sap:filterable="false"/>
                <Property Name="ReturnName1" Type="Edm.String" Nullable="false" MaxLength="35" sap:unicode="false" sap:label="ReturnName1" sap:creatable="false" sap:updatable="false" sap:sortable="false" sap:filterable="false"/>
                <Property Name="ReturnName2" Type="Edm.String" Nullable="false" MaxLength="35" sap:unicode="false" sap:label="ReturnName2" sap:creatable="false" sap:updatable="false" sap:sortable="false" sap:filterable="false"/>
                <Property Name="ReturnAddr1" Type="Edm.String" Nullable="false" MaxLength="35" sap:unicode="false" sap:label="ReturnAddr1" sap:creatable="false" sap:updatable="false" sap:sortable="false" sap:filterable="false"/>
                <Property Name="ReturnAddr2" Type="Edm.String" Nullable="false" MaxLength="35" sap:unicode="false" sap:label="ReturnAddr2" sap:creatable="false" sap:updatable="false" sap:sortable="false" sap:filterable="false"/>
                <Property Name="ReturnAddr3" Type="Edm.String" Nullable="false" MaxLength="35" sap:unicode="false" sap:label="ReturnAddr3" sap:creatable="false" sap:updatable="false" sap:sortable="false" sap:filterable="false"/>
                <Property Name="ReturnCity" Type="Edm.String" Nullable="false" MaxLength="15" sap:unicode="false" sap:label="ReturnCity" sap:creatable="false" sap:updatable="false" sap:sortable="false" sap:filterable="false"/>
                <Property Name="ReturnState" Type="Edm.String" Nullable="false" MaxLength="15" sap:unicode="false" sap:label="ReturnState" sap:creatable="false" sap:updatable="false" sap:sortable="false" sap:filterable="false"/>
                <Property Name="ReturnZip" Type="Edm.String" Nullable="false" MaxLength="12" sap:unicode="false" sap:label="ReturnZip" sap:creatable="false" sap:updatable="false" sap:sortable="false" sap:filterable="false"/>
                <Property Name="ReturnCtry" Type="Edm.String" Nullable="false" MaxLength="16" sap:unicode="false" sap:label="ReturnCtry" sap:creatable="false" sap:updatable="false" sap:sortable="false" sap:filterable="false"/>
                <Property Name="ReturnTel" Type="Edm.String" Nullable="false" MaxLength="15" sap:unicode="false" sap:label="ReturnTel" sap:creatable="false" sap:updatable="false" sap:sortable="false" sap:filterable="false"/>
                <Property Name="DateTimestamp" Type="Edm.String" Nullable="false" MaxLength="8" sap:unicode="false" sap:label="DateTimestamp" sap:creatable="false" sap:updatable="false" sap:sortable="false" sap:filterable="false"/>
                <Property Name="CreationUser" Type="Edm.String" Nullable="false" MaxLength="12" sap:unicode="false" sap:label="CreationUser" sap:creatable="false" sap:updatable="false" sap:sortable="false" sap:filterable="false"/>
                <Property Name="Label_generated" Type="Edm.String" Nullable="false" MaxLength="15" sap:unicode="false" sap:label="Label_generated" sap:creatable="false" sap:updatable="false" sap:sortable="false" sap:filterable="false"/>
                <Property Name="MIME_TYPE" Type="Edm.String" Nullable="false" MaxLength="15" sap:unicode="false" sap:label="MIME_TYPE" sap:creatable="false" sap:updatable="false" sap:sortable="false" sap:filterable="false"/>
                <Property Name="VALUE" Type="Edm.Binary" Nullable="false" sap:unicode="false" sap:label="VALUE" sap:creatable="false" sap:updatable="false" sap:sortable="false" sap:filterable="false"/>
                <NavigationProperty Name="CARRIER_PO_ITEMSSet" Relationship="ZOD_OLYMPUS_GENERATE_FORM_SRV.PO_ITEMS" FromRole="FromRole_PO_ITEMS" ToRole="ToRole_PO_ITEMS"/>
            </EntityType>
            <EntityType Name="DOWNLOAD_LABEL" m:HasStream="true" sap:content-version="1">
                <Key>
                    <PropertyRef Name="Uuid"/>
                </Key>
                <Property Name="Uuid" Type="Edm.String" Nullable="false" MaxLength="20" sap:unicode="false" sap:creatable="false" sap:updatable="false" sap:sortable="false" sap:filterable="false"/>
                <Property Name="PoNbr" Type="Edm.String" Nullable="false" MaxLength="10" sap:unicode="false" sap:creatable="false" sap:updatable="false" sap:sortable="false" sap:filterable="false"/>
                <Property Name="PoItemNbr" Type="Edm.String" Nullable="false" MaxLength="6" sap:unicode="false" sap:creatable="false" sap:updatable="false" sap:sortable="false" sap:filterable="false"/>
                <Property Name="PalletType" Type="Edm.String" Nullable="false" MaxLength="6" sap:unicode="false" sap:creatable="false" sap:updatable="false" sap:sortable="false" sap:filterable="false"/>
                <Property Name="Mpn" Type="Edm.String" Nullable="false" MaxLength="40" sap:unicode="false" sap:creatable="false" sap:updatable="false" sap:sortable="false" sap:filterable="false"/>
                <Property Name="CtryAsmbly" Type="Edm.String" Nullable="false" MaxLength="15" sap:unicode="false" sap:creatable="false" sap:updatable="false" sap:sortable="false" sap:filterable="false"/>
                <Property Name="ModelNbr" Type="Edm.String" Nullable="false" MaxLength="10" sap:unicode="false" sap:creatable="false" sap:updatable="false" sap:sortable="false" sap:filterable="false"/>
                <Property Name="Coo" Type="Edm.String" Nullable="false" MaxLength="15" sap:unicode="false" sap:creatable="false" sap:updatable="false" sap:sortable="false" sap:filterable="false"/>
                <Property Name="Gtin" Type="Edm.String" Nullable="false" MaxLength="20" sap:unicode="false" sap:creatable="false" sap:updatable="false" sap:sortable="false" sap:filterable="false"/>
                <Property Name="CartonCount" Type="Edm.String" Nullable="false" MaxLength="5" sap:unicode="false" sap:creatable="false" sap:updatable="false" sap:sortable="false" sap:filterable="false"/>
                <Property Name="Sscc18Nbr" Type="Edm.String" Nullable="false" MaxLength="20" sap:unicode="false" sap:creatable="false" sap:updatable="false" sap:sortable="false" sap:filterable="false"/>
                <Property Name="DateTimestamp" Type="Edm.String" Nullable="false" MaxLength="6" sap:unicode="false" sap:creatable="false" sap:updatable="false" sap:sortable="false" sap:filterable="false"/>
                <Property Name="CreationUser" Type="Edm.String" Nullable="false" MaxLength="12" sap:unicode="false" sap:creatable="false" sap:updatable="false" sap:sortable="false" sap:filterable="false"/>
                <Property Name="MIME_TYPE" Type="Edm.String" Nullable="false" MaxLength="15" sap:unicode="false" sap:creatable="false" sap:updatable="false" sap:sortable="false" sap:filterable="false"/>
                <Property Name="VALUE" Type="Edm.Binary" Nullable="false" sap:unicode="false" sap:creatable="false" sap:updatable="false" sap:sortable="false" sap:filterable="false"/>
            </EntityType>
            <EntityType Name="CARRIER_PO_ITEMS" sap:content-version="1">
                <Key>
                    <PropertyRef Name="LineItem"/>
                    <PropertyRef Name="Uuid"/>
                    <PropertyRef Name="PoNbr"/>
                </Key>
                <Property Name="LineItem" Type="Edm.String" Nullable="false" MaxLength="6" sap:unicode="false" sap:label="LineItem" sap:creatable="false" sap:updatable="false" sap:sortable="false" sap:filterable="false"/>
                <Property Name="Uuid" Type="Edm.String" Nullable="false" MaxLength="20" sap:unicode="false" sap:label="Uuid" sap:creatable="false" sap:updatable="false" sap:sortable="false" sap:filterable="false"/>
                <Property Name="Material" Type="Edm.String" Nullable="false" MaxLength="18" sap:unicode="false" sap:label="Material" sap:creatable="false" sap:updatable="false" sap:sortable="false" sap:filterable="false"/>
                <Property Name="PoNbr" Type="Edm.String" Nullable="false" MaxLength="10" sap:unicode="false" sap:label="PoNbr" sap:creatable="false" sap:updatable="false" sap:sortable="false" sap:filterable="false"/>
                <Property Name="Quantity" Type="Edm.String" Nullable="false" MaxLength="20" sap:unicode="false" sap:label="Quantity" sap:creatable="false" sap:updatable="false" sap:sortable="false" sap:filterable="false"/>
            </EntityType>
            <Association Name="PO_ITEMS" sap:content-version="1">
                <End Type="ZOD_OLYMPUS_GENERATE_FORM_SRV.GENERATE_CARRIER_LABEL" Multiplicity="1" Role="FromRole_PO_ITEMS"/>
                <End Type="ZOD_OLYMPUS_GENERATE_FORM_SRV.CARRIER_PO_ITEMS" Multiplicity="*" Role="ToRole_PO_ITEMS"/>
                <ReferentialConstraint>
                    <Principal Role="FromRole_PO_ITEMS">
                        <PropertyRef Name="Uuid"/>
                        <PropertyRef Name="PoNbr"/>
                        <PropertyRef Name="PoItemNbr"/>
                    </Principal>
                    <Dependent Role="ToRole_PO_ITEMS">
                        <PropertyRef Name="Uuid"/>
                        <PropertyRef Name="PoNbr"/>
                        <PropertyRef Name="LineItem"/>
                    </Dependent>
                </ReferentialConstraint>
            </Association>
            <EntityContainer Name="ZOD_OLYMPUS_GENERATE_FORM_SRV_Entities" m:IsDefaultEntityContainer="true" sap:supported-formats="atom json xlsx">
                <EntitySet Name="GENERATE_PALLET_LABELSet" EntityType="ZOD_OLYMPUS_GENERATE_FORM_SRV.GENERATE_PALLET_LABEL" sap:updatable="false" sap:deletable="false" sap:pageable="false" sap:content-version="1"/>
                <EntitySet Name="GENERATE_CARRIER_LABELSet" EntityType="ZOD_OLYMPUS_GENERATE_FORM_SRV.GENERATE_CARRIER_LABEL" sap:updatable="false" sap:deletable="false" sap:pageable="false" sap:content-version="1"/>
                <EntitySet Name="DOWNLOAD_LABELSet" EntityType="ZOD_OLYMPUS_GENERATE_FORM_SRV.DOWNLOAD_LABEL" sap:creatable="false" sap:updatable="false" sap:deletable="false" sap:pageable="false" sap:addressable="false" sap:content-version="1"/>
                <EntitySet Name="CARRIER_PO_ITEMSSet" EntityType="ZOD_OLYMPUS_GENERATE_FORM_SRV.CARRIER_PO_ITEMS" sap:creatable="false" sap:updatable="false" sap:deletable="false" sap:pageable="false" sap:content-version="1"/>
                <AssociationSet Name="PO_ITEMSSet" Association="ZOD_OLYMPUS_GENERATE_FORM_SRV.PO_ITEMS" sap:creatable="false" sap:updatable="false" sap:deletable="false" sap:content-version="1">
                    <End EntitySet="GENERATE_CARRIER_LABELSet" Role="FromRole_PO_ITEMS"/>
                    <End EntitySet="CARRIER_PO_ITEMSSet" Role="ToRole_PO_ITEMS"/>
                </AssociationSet>
            </EntityContainer>
            <atom:link rel="self" href="https://dv5http:8436/sap/opu/odata/sap/ZOD_OLYMPUS_GENERATE_FORM_SRV/$metadata"
                xmlns:atom="http://www.w3.org/2005/Atom"/>
            <atom:link rel="latest-version" href="https://dv5http:8436/sap/opu/odata/sap/ZOD_OLYMPUS_GENERATE_FORM_SRV/$metadata"
                xmlns:atom="http://www.w3.org/2005/Atom"/>
        </Schema>
    </edmx:DataServices>
</edmx:Edmx>