{
    "EspServiceRequest": {
      "espRequestPayload": {
        "header": {},
        "body": {
          "queryDeviceRequest": {
            "QueryDeviceRequest": {
              "serialNumber": "",
              "imei": "",
              "meid": "",
              "userId": "",
              "queryField": "",
              "udid": "",
              "hwString": "",
              "InfoKeys": {
                "infoKeysType": {
                  "activationPolicyFlag": "",
                  "fairPlayHashFlag": "",
                  "tetherActionFlag": "",
                  "unbrickableFlag": ""
                }
              }
            }
          }
        }
      }
    }
  }