{
    "EspServiceRequest": {
      "espRequestPayload": {
        "header": {},
        "body": {
          "Input": {
            "RequestInput": {
              "RequestDetails": {
                "REQUEST_DETAILS": {
                  "AppID": "",
                  "RequestType": "",
                  "ReferenceNumbers": {
                    "refernumbers": {
                    }
                  },
                  "SerialNumbers": {
                    "SNDETAILS": {
                      "SerialNumber": ""
                    }
                  }
                }
              }
            }
          }
        }
      }
    }
  }