<core:FragmentDefinition 
    xmlns="sap.m"
    xmlns:core="sap.ui.core">
    <Popover id="CVCOptions_Popover" placement="VerticalPreferredBottom" showHeader="false" showArrow="true" contentMinWidth="100px" contentHeight="100px" afterClose=".vm.onCVCOptionsPopoverClose">
        <content>
            <List id="CVCOptions_List" mode="SingleSelectMaster" includeItemInSelection="false" noDataText="{i18n>noData}" rememberSelections="false" selectionChange=".vm.onCVCOptionsChange">
                <items>
                    <CustomListItem id="idSaveVariant">
                        <Text id="idSaveVariantLbl" text="{i18n>saveFilter}" class="zMText12 sapUiTinyMargin"/>
                    </CustomListItem>
                    <CustomListItem id="idDeleteVariant">
                        <Text id="idDeleteVariantLbl" text="{i18n>deleteFilter}" class="zMText12 sapUiTinyMargin"/>
                    </CustomListItem>
                    <CustomListItem id="idClearVariant">
                        <Text id="idClearVariantLbl" text="{i18n>clearFilter}" class="zMText12 sapUiTinyMargin"/>
                    </CustomListItem>
                </items>
            </List>
        </content>
    </Popover>
</core:FragmentDefinition>