<core:FragmentDefinition xmlns="sap.m" xmlns:core="sap.ui.core">
    <Popover id="CVCSel_Popover" placement="VerticalPreferredBottom" showHeader="false" contentHeight="200px" contentMinWidth="140px">
        <content>
            <SearchField id="CVCSel_SearchField" liveChange=".utilities.onHandleLiveChangeFilter($event,'CVCSel_List',['Variant'])" class="sapUiTinyMarginBottom sapUiTinyMarginBeginEnd" width="96%"/>

            <List id="CVCSel_List" mode="SingleSelectMaster" items="{saveVariantModel>/CVCSelListData}" class="appleUiMLIBBorderBottom" includeItemInSelection="false" noDataText="{i18n>noData}" rememberSelections="false" selectionChange=".vm.onCVCSelChange($event,$controller)">
                <items>
                    <CustomListItem id="CVCSel_CustomListItem">
                        <HBox alignContent="Stretch" backgroundDesign="Transparent" height="1.5rem" id="CVCSel_HBox2" class="sapUiTinyMarginTop">
                            <core:Icon id="CVCSelStar_Icon2" decorative="true" src="sap-icon://favorite" color="{saveVariantModel>StarV}" class="sapUiTinyMarginBegin"/>
                            <core:Icon id="CVCSelGlobal_Icon" decorative="true" src="sap-icon://fa-solid/globe" color="{saveVariantModel>DelV}" class="sapUiTinyMarginBeginEnd"/>
                            <Text id="CVCSel_Text3" text="{saveVariantModel>Variant}" width="10rem" wrapping="false" class="zMTextSize sapUiTinyMarginBegin"/>
                        </HBox>
                    </CustomListItem>
                </items>
            </List>
        </content>
    </Popover>
</core:FragmentDefinition>